{
"metadata": {
    "version": {
        "essentia": "2.1-dev"
    }
},
"lowlevel": {
    "mfcc": {
        "mean": [-796.08013916, 102.805267334, -65.9189376831, 28.6546096802, -39.0973739624, -27.7764625549, -14.7995319366, -15.7554712296, -16.3795776367, -18.4836788177, -14.0993623734, -18.7174034119, -11.4812278748],
        "var": [8809.31542969, 1002.57977295, 976.32434082, 312.592132568, 425.446929932, 223.890838623, 192.228286743, 170.885025024, 146.431350708, 160.497009277, 159.921096802, 205.258651733, 181.890228271]
    },
    "mfcc_bands": {
        "mean": [1.15799643652e-07, 4.60657201984e-06, 8.67559429025e-05, 7.98453984316e-05, 2.58287982433e-05, 3.876122355e-05, 4.1044637328e-05, 9.29997622734e-05, 4.77004432469e-05, 1.90505870705e-05, 5.95253914071e-05, 0.000140939548146, 7.10104432073e-05, 2.56374369201e-05, 1.19190690384e-05, 8.37723200675e-06, 3.59931186722e-06, 7.4053696153e-06, 1.11825602289e-05, 1.44145178638e-05, 9.3170465334e-06, 4.58793965663e-06, 6.77068328514e-06, 2.09398149309e-05, 3.53049763362e-05, 1.0786263374e-05, 7.30842566554e-06, 3.87714453609e-06, 2.65069638772e-06, 1.66235429333e-06, 4.87548447836e-07, 3.31884450588e-07, 1.99404951218e-07, 9.74413083554e-08, 3.71667177035e-08, 9.27726873101e-09, 6.31547791841e-09, 5.89010973329e-09, 5.39341993289e-09, 4.17387235885e-09],
        "var": [1.54349799543e-13, 1.05825785635e-10, 3.70905972602e-08, 3.45656339107e-08, 7.22989090818e-09, 7.02102997963e-09, 7.62691776401e-09, 3.67318961025e-07, 1.88359425835e-08, 1.3739185345e-09, 5.17158689206e-08, 3.08853657316e-07, 8.41567455723e-08, 1.22428414073e-08, 1.29500743462e-09, 2.25842833323e-09, 6.88658713388e-11, 1.18226428647e-09, 1.22390031443e-09, 2.01057526183e-09, 5.31367227996e-10, 8.55267662248e-11, 3.5528197051e-10, 2.17191375995e-09, 9.08189257132e-09, 1.46153689151e-09, 3.38258171473e-10, 1.04332008311e-10, 5.17680273648e-11, 2.52953491486e-11, 1.0415500927e-12, 5.62878899307e-13, 2.39898243415e-13, 5.19126198463e-14, 7.1113481179e-15, 2.24970944939e-16, 9.85626000096e-17, 1.24407633256e-16, 2.04484566372e-16, 8.76420490661e-17]
    }
}
}