{
"metadata": {
    "version": {
        "essentia": "2.1-dev"
    }
},
"lowlevel": {
    "mfcc": {
        "mean": [-789.606079102, 95.6443786621, -58.9598350525, 33.3569641113, -43.4734573364, -32.2486991882, -18.3658981323, -14.2652235031, -10.8074035645, -12.5783843994, -12.5077753067, -9.52301502228, -4.69268369675],
        "var": [5175.73486328, 505.950561523, 538.57244873, 161.286270142, 178.106140137, 130.908935547, 116.935882568, 104.519309998, 100.841850281, 96.6332550049, 105.825492859, 120.001441956, 144.282318115]
    },
    "mfcc_bands": {
        "mean": [6.05074461646e-08, 1.17184310966e-06, 8.40463053464e-06, 1.79052021849e-05, 5.02871844219e-05, 3.69074732589e-05, 0.0001125904746, 8.04812079878e-05, 3.00399606203e-05, 2.77027229458e-05, 2.18461918848e-05, 2.2482166969e-05, 1.62165870279e-05, 9.0307676146e-06, 6.4516002567e-06, 2.53272787631e-06, 1.91497679225e-06, 1.24194571072e-06, 5.46202772966e-06, 3.67673715118e-06, 4.95092353958e-06, 7.97482607595e-06, 5.85323596169e-06, 9.50833236857e-06, 6.22623883828e-06, 7.00689224686e-06, 7.83794621384e-06, 3.13135728902e-06, 2.53335088019e-06, 1.33942796765e-06, 5.82442396535e-07, 2.30834103832e-07, 1.09227592304e-07, 5.35698205795e-08, 2.55513104008e-08, 1.27742358913e-08, 7.8570678852e-09, 5.54845236422e-09, 4.93252061418e-09, 3.32280447601e-09],
        "var": [1.68489201947e-14, 4.17691358931e-12, 1.89928767158e-10, 2.13748840849e-09, 7.25745010755e-08, 9.2475866964e-09, 2.46031021334e-07, 5.39482059025e-08, 7.46899786463e-09, 3.31551630595e-09, 2.53908960524e-09, 9.38314226318e-09, 3.87948606573e-09, 1.40224620804e-09, 6.4651423104e-10, 3.26500215753e-11, 2.22546651246e-11, 7.92785021658e-12, 3.46553480357e-10, 1.16383867821e-10, 6.83016920799e-10, 5.73834035844e-10, 2.42349140755e-10, 9.59784141052e-10, 3.07881137251e-10, 3.44765660465e-10, 6.87953527478e-10, 6.47918732555e-11, 3.23289901794e-11, 1.52961306815e-11, 1.45939629739e-12, 6.27470894254e-14, 1.50853112012e-14, 3.24099983674e-15, 6.47231321645e-16, 3.769246058e-16, 6.13390092236e-17, 2.49629956697e-17, 2.13015716781e-17, 1.43827435215e-17]
    }
}
}