{
"metadata": {
    "version": {
        "essentia": "2.1-dev"
    }
},
"lowlevel": {
    "mfcc": {
        "mean": [-989.379272461, 136.231140137, 20.8746242523, -21.0591373444, -26.050163269, -32.1180725098, -32.31457901, -27.3572502136, -19.7892036438, -13.0380973816, -10.5009403229, -9.28052902222, -8.21507740021],
        "var": [3694.21826172, 1376.68505859, 700.583312988, 297.023223877, 238.220550537, 182.519958496, 123.069969177, 100.508232117, 97.3733901978, 131.195968628, 135.17350769, 93.2687454224, 78.9690322876]
    },
    "mfcc_bands": {
        "mean": [8.88282070122e-09, 2.01758354024e-07, 3.98439124183e-06, 9.49486366153e-06, 1.22897617985e-05, 3.61671191058e-05, 1.39093017424e-05, 2.78708394035e-05, 2.61182212853e-05, 5.67731513001e-06, 3.33492153004e-06, 1.86001682323e-06, 1.10907296857e-06, 3.61841330232e-07, 2.15118404867e-07, 3.19971121598e-07, 2.72186326811e-07, 1.16499101921e-07, 1.63532391184e-07, 7.60491616347e-08, 8.36228792878e-08, 3.91646857167e-08, 2.76898273199e-08, 2.0308441151e-08, 1.79720522908e-08, 1.24656924783e-08, 8.93183571549e-09, 3.30777205626e-09, 2.02613237299e-09, 1.31172395168e-09, 4.23453799803e-10, 2.54872317695e-10, 5.61957355649e-11, 1.84020142874e-11, 1.05420290553e-11, 1.84402861904e-12, 2.23205785452e-12, 1.5146810672e-12, 1.31214440355e-12, 2.42193689149e-13],
        "var": [8.12444515672e-16, 4.24763794016e-13, 4.64927332744e-11, 3.41047079466e-10, 5.01294672439e-10, 7.01645763712e-09, 2.2666304389e-09, 7.55281703846e-09, 8.62828741788e-09, 4.38760083821e-10, 1.94293914291e-10, 2.82261741757e-10, 9.45090880555e-11, 1.16446630984e-12, 3.71674533598e-13, 1.77823793017e-12, 1.81411363796e-12, 2.36436819559e-13, 4.28997928761e-13, 6.70648500384e-14, 1.00555035219e-13, 4.49547930619e-14, 1.81782452318e-14, 1.45051054907e-14, 8.14166713648e-15, 7.50368276764e-15, 3.56312244317e-15, 3.37175731866e-16, 1.57663218791e-16, 8.05575382872e-17, 9.88514911842e-18, 1.91925969514e-17, 4.95544104345e-19, 4.50465888737e-20, 1.61613514105e-20, 3.16406075876e-22, 8.13683947149e-22, 1.21052207897e-21, 1.12773858644e-21, 9.52310833744e-24]
    }
}
}