{
"metadata": {
    "version": {
        "essentia": "2.1-dev"
    }
},
"lowlevel": {
    "mfcc": {
        "mean": [-941.065551758, 119.545700073, -22.5104980469, 7.22505283356, -13.4164762497, -31.5075378418, -16.2451648712, -18.0785923004, -12.565861702, -8.18065452576, -12.068069458, -7.80880498886, -2.33766913414],
        "var": [5564.6796875, 949.920959473, 1636.52319336, 419.072143555, 280.796020508, 321.902679443, 200.394454956, 156.94694519, 132.112472534, 133.561660767, 140.956054688, 126.073127747, 146.652679443]
    },
    "mfcc_bands": {
        "mean": [5.0926661288e-07, 3.48119738192e-06, 4.66640858576e-06, 5.25442737853e-06, 1.10883356683e-05, 1.05864346551e-05, 8.94933964446e-06, 8.7440785137e-06, 6.60888599668e-06, 2.90967136607e-06, 1.86657985068e-06, 1.6538899672e-06, 1.30896432893e-06, 1.03681145447e-06, 7.29584712644e-07, 6.94266475421e-07, 6.24613278433e-07, 5.87735257795e-07, 6.94295806625e-07, 5.66935227653e-07, 5.99401062118e-07, 6.90996841968e-07, 5.17385160492e-07, 3.26228644099e-07, 4.3232302005e-07, 4.01451046628e-07, 3.99849568566e-07, 1.67577098864e-07, 7.59733254085e-08, 3.9452427103e-08, 1.99700362913e-08, 8.88061801874e-09, 3.25107363253e-09, 1.59378676923e-09, 6.28295304672e-10, 3.03647607058e-10, 1.69919620041e-10, 1.19549606326e-10, 7.22050752522e-11, 9.96195834158e-12],
        "var": [9.15358587539e-12, 2.52170923032e-10, 3.75251441032e-10, 2.30532953838e-10, 7.85420450899e-10, 7.1034939042e-10, 6.48146647464e-10, 5.34620125947e-10, 3.09680947552e-10, 9.15326286988e-11, 3.25919881361e-11, 2.98067993898e-11, 1.62461866876e-11, 1.17991267798e-11, 8.99651100145e-12, 1.44951238512e-11, 1.47437582976e-11, 1.33173827868e-11, 1.2558285141e-11, 4.51996599871e-12, 3.82393639323e-12, 8.33436705067e-12, 4.57342627311e-12, 2.54869237694e-12, 3.56877027929e-12, 2.33171403193e-12, 4.10976157619e-12, 5.14199902275e-13, 1.01763588604e-13, 2.66156708625e-14, 9.06369299275e-15, 1.32138346794e-15, 2.16389587976e-16, 5.74122505069e-17, 9.04911932767e-18, 2.1539179309e-18, 7.27910615542e-19, 4.49689812377e-19, 1.23392276809e-19, 4.88674879883e-21]
    }
}
}