{
"metadata": {
    "version": {
        "essentia": "2.1-dev"
    }
},
"lowlevel": {
    "mfcc": {
        "mean": [-900.368652344, 139.885070801, -27.9119186401, 11.1918296814, -16.7459449768, -33.4030570984, -13.8468437195, -17.7794094086, -12.3708667755, -9.24401378632, -13.7417192459, -8.14944648743, -1.06087315083],
        "var": [7519.35205078, 1265.63928223, 2361.72509766, 455.308227539, 345.491424561, 309.634246826, 197.106536865, 196.277496338, 169.276275635, 154.500320435, 181.670028687, 170.577514648, 175.894973755]
    },
    "mfcc_bands": {
        "mean": [9.43653446939e-07, 5.58879810342e-06, 1.25606538859e-05, 2.57945939666e-05, 3.55210286216e-05, 5.00247624586e-05, 5.50367149117e-05, 3.25993205479e-05, 2.20763449761e-05, 1.23280524349e-05, 9.65488470683e-06, 8.56676342664e-06, 6.56978363622e-06, 5.52839719603e-06, 3.29025465362e-06, 3.30138391291e-06, 1.46974684867e-06, 3.00721103486e-06, 2.97540304928e-06, 3.02638818539e-06, 2.74286730928e-06, 2.5303916118e-06, 2.1215353172e-06, 9.91279307527e-07, 2.12328427551e-06, 2.10064331441e-06, 1.49813467942e-06, 6.69477515203e-07, 2.2898272789e-07, 1.20596155284e-07, 7.66330998658e-08, 2.14642508212e-08, 9.30175581004e-09, 3.9786343109e-09, 1.45219691827e-09, 4.58169585604e-10, 2.65607008609e-10, 1.25158841624e-10, 7.58575077753e-11, 1.37689182972e-11],
        "var": [3.17854562115e-11, 7.07599479011e-10, 1.68896252539e-09, 6.91103707595e-09, 7.92234722269e-09, 1.94694926847e-08, 4.39327365598e-08, 1.87878388402e-08, 3.30583316277e-09, 1.70704883562e-09, 9.02895425092e-10, 8.13187239768e-10, 6.94713064853e-10, 5.45121670026e-10, 2.78214506988e-10, 6.27920104801e-10, 3.03755839925e-11, 4.38484054621e-10, 1.98161667631e-10, 2.79740203224e-10, 1.93313046126e-10, 1.24607393848e-10, 1.23347124181e-10, 2.26161277206e-11, 5.03474428815e-10, 3.11947412346e-10, 1.40764455647e-10, 2.20778551691e-11, 1.95230550476e-12, 7.24922726014e-13, 5.70539438177e-13, 1.58799704072e-14, 2.68859163008e-15, 6.00229516341e-16, 8.91416745771e-17, 7.43827111151e-18, 2.46443719016e-18, 5.73869267861e-19, 2.60843186061e-19, 9.08589789736e-20]
    }
}
}