{
"metadata": {
    "version": {
        "essentia": "2.1-dev"
    }
},
"lowlevel": {
    "mfcc": {
        "mean": [-829.924255371, 118.128898621, -53.7487449646, 26.4262676239, -11.5909347534, -6.81789875031, -2.18991541862, -11.1903476715, -9.42498970032, -7.25977325439, -5.29517221451, -5.07283782959, -3.0998609066],
        "var": [13328.375, 1210.28771973, 1275.75463867, 414.202667236, 225.097229004, 154.318511963, 118.685020447, 85.6918411255, 68.1592025757, 78.3179779053, 61.583530426, 63.8003997803, 69.654045105]
    },
    "mfcc_bands": {
        "mean": [1.469915901e-06, 1.05875105874e-05, 2.20196907321e-05, 1.7925447537e-05, 1.80590232048e-05, 1.49521883941e-05, 1.15784614536e-05, 9.70571545622e-06, 6.72062560625e-06, 6.04068191024e-06, 4.77107687402e-06, 6.26702876616e-06, 6.52064045426e-06, 5.98445558353e-06, 6.21173694526e-06, 1.47617056427e-05, 6.52153266856e-06, 4.83388475914e-06, 5.79858487981e-06, 5.49725882593e-06, 4.43850285592e-06, 3.61424417861e-06, 4.26278893428e-06, 5.16161935593e-06, 4.78283300254e-06, 3.94289281758e-06, 3.78423669645e-06, 2.61016498371e-06, 1.45263243212e-06, 9.18828959584e-07, 5.8778704215e-07, 3.48582858578e-07, 1.42968957562e-07, 7.48112469751e-08, 3.8861291074e-08, 1.71611098665e-08, 9.1336644914e-09, 6.16298700962e-09, 5.16563680719e-09, 4.94360863357e-09],
        "var": [1.99701262471e-11, 4.12289258289e-10, 1.60482482858e-09, 9.26359100539e-10, 1.21640253425e-09, 1.22887566789e-09, 2.64172073106e-10, 1.99389824096e-10, 1.14718540223e-10, 1.47388420912e-10, 1.22682392023e-10, 9.16801634609e-11, 8.26983273527e-11, 7.54047241314e-11, 1.18922954817e-10, 1.73700398509e-09, 1.5037039669e-10, 6.83411452429e-11, 1.03644925975e-10, 1.61536548027e-10, 5.9370668104e-11, 3.63813319748e-11, 6.51756565384e-11, 1.32200736469e-10, 1.44030246063e-10, 9.76156724897e-11, 4.69444344509e-11, 5.37740026119e-11, 1.13133825225e-11, 5.01972638803e-12, 1.73569470428e-12, 8.01499491776e-13, 1.14821130034e-13, 4.08702917701e-14, 1.17893611608e-14, 2.40174836941e-15, 7.09524930383e-16, 3.88015416984e-16, 3.63736673388e-16, 7.73667400286e-16]
    }
}
}