{
"metadata": {
    "version": {
        "essentia": "2.1-dev"
    }
},
"lowlevel": {
    "mfcc": {
        "mean": [-889.636657715, 138.635452271, -21.3310508728, 21.5614643097, -18.5574474335, -31.6975231171, -25.1885166168, -21.7158088684, -13.3016014099, -18.1542110443, -16.4222126007, -19.2453861237, -14.2648849487],
        "var": [5009.0625, 1405.17150879, 464.220550537, 208.012069702, 177.038894653, 177.533218384, 126.206703186, 107.402961731, 91.161819458, 91.3806152344, 98.7267532349, 99.5545425415, 79.3826828003]
    },
    "mfcc_bands": {
        "mean": [5.49841239206e-08, 3.77204924007e-06, 8.12981452327e-05, 5.15634492331e-05, 8.37007464725e-05, 5.57164858037e-05, 3.02485495922e-05, 2.48561336775e-05, 9.49920649873e-06, 3.19421883432e-06, 6.36788354313e-06, 6.15780299995e-06, 1.463618446e-06, 3.87677715707e-07, 3.20324403447e-07, 2.51414121522e-07, 3.43547185366e-07, 6.30234069376e-07, 6.20192679435e-07, 4.22144836421e-07, 4.31300264836e-07, 4.3198119215e-07, 2.62749523472e-07, 4.86139015266e-07, 2.13876717226e-07, 1.55361519205e-07, 9.75000062908e-08, 5.45608997982e-08, 4.2324415972e-08, 3.50904905133e-08, 2.41704452009e-08, 1.15113687471e-08, 7.92071119804e-09, 4.40837988336e-09, 1.53824442073e-09, 6.95855650878e-10, 5.0117365813e-10, 4.27141932935e-10, 2.91970114752e-10, 5.0836432286e-11],
        "var": [5.63863429418e-14, 6.51562623299e-11, 3.40289787459e-08, 6.86289025609e-09, 3.12544621295e-08, 1.87736493018e-08, 3.19978421537e-09, 3.25288929126e-09, 3.42349981697e-10, 2.31173743342e-11, 3.08164938012e-10, 2.52836224179e-10, 7.12369312844e-12, 6.75870275545e-13, 2.91792360673e-13, 1.67833303678e-13, 3.77878473954e-13, 1.14339462377e-12, 3.62604911375e-12, 5.29248032118e-13, 6.83291205734e-13, 7.91763247847e-13, 2.03815358145e-13, 1.2606681107e-12, 1.09170701992e-13, 4.34454616651e-14, 1.902854095e-14, 4.16695740819e-15, 2.81938346977e-15, 1.79124894916e-15, 1.07450512755e-15, 3.12114991572e-16, 1.52187958115e-16, 2.94835691501e-17, 4.17016984682e-18, 7.46597762953e-19, 5.07009603116e-19, 4.02129227751e-19, 1.66716300831e-19, 7.20909956604e-21]
    }
}
}