{
"metadata": {
    "version": {
        "essentia": "2.1-dev"
    }
},
"lowlevel": {
    "mfcc": {
        "mean": [-865.293151855, 137.11630249, -48.2863960266, 18.2545070648, -22.7812461853, -37.2049102783, -14.2009105682, -17.8366107941, -11.3514842987, -13.5440635681, -14.1981182098, -5.65411806107, -0.588533461094],
        "var": [6198.81298828, 912.794189453, 1452.2322998, 544.008117676, 297.955596924, 206.316467285, 141.51272583, 156.511077881, 126.129165649, 134.738876343, 154.191177368, 128.872924805, 134.742965698]
    },
    "mfcc_bands": {
        "mean": [4.67315203423e-07, 2.29128795581e-06, 1.44931800605e-05, 4.36727204942e-05, 5.52375786356e-05, 4.15808826801e-05, 4.77596113342e-05, 3.64811967302e-05, 1.70856401382e-05, 7.05440243109e-06, 7.16207796359e-06, 1.22374349303e-05, 6.97725045029e-06, 4.5561364459e-06, 3.01082400256e-06, 2.72575334748e-06, 1.88225862985e-06, 1.89262573258e-06, 1.9994890863e-06, 2.70055397777e-06, 5.91415027884e-06, 2.10548728319e-06, 5.37803452971e-06, 2.7388300623e-06, 2.47364846473e-06, 1.53291637162e-06, 1.81956443157e-06, 1.74438957856e-06, 6.08328605267e-07, 2.77990210407e-07, 7.56693907533e-08, 6.53578169363e-08, 1.57494302044e-08, 6.22664408922e-09, 2.2975101821e-09, 1.32869371061e-09, 4.59671689601e-10, 2.97960850437e-10, 1.93089780276e-10, 3.04957621655e-11],
        "var": [3.07387925877e-12, 5.88357695896e-11, 2.09594608336e-09, 1.33062973973e-08, 1.42580525164e-08, 7.65096874744e-09, 1.34237714278e-08, 7.04710068078e-09, 1.91890769941e-09, 2.14093659467e-10, 3.83763049117e-10, 2.06231409727e-09, 3.84240611551e-10, 2.65227145801e-10, 1.06800950028e-10, 1.18018372852e-10, 5.86160078808e-11, 3.71915796771e-11, 2.42723636329e-11, 7.23409179781e-11, 1.75724912399e-09, 4.36690406058e-11, 4.46409881283e-10, 9.1581596473e-11, 1.02252067924e-10, 3.43277871406e-11, 7.02246594209e-11, 2.65100608132e-10, 8.69947430066e-12, 5.09629144441e-12, 1.08475972345e-13, 8.31907988135e-14, 3.99448328892e-15, 8.30525069206e-16, 8.67930904424e-17, 2.26908562584e-17, 3.71892958778e-18, 1.17408527221e-18, 3.8899075619e-19, 1.39328234427e-20]
    }
}
}