{
"metadata": {
    "version": {
        "essentia": "2.1-dev"
    }
},
"lowlevel": {
    "mfcc": {
        "mean": [-989.130493164, 125.474403381, 21.791765213, 9.97776603699, 0.369766265154, -19.1154842377, -17.7974224091, -11.4546928406, -11.2399463654, -14.7028045654, -13.4920196533, -4.50890350342, -2.59111118317],
        "var": [5709.29394531, 1717.99084473, 3118.61132812, 515.651123047, 264.159057617, 390.97644043, 166.345748901, 129.228042603, 130.054275513, 157.314498901, 141.797302246, 129.453918457, 105.14717865]
    },
    "mfcc_bands": {
        "mean": [6.02298598551e-07, 3.85742578146e-06, 9.69279062701e-06, 2.83277386188e-05, 2.22761900659e-05, 2.26034426305e-05, 1.62113828992e-05, 9.1547408374e-06, 3.60171907232e-06, 6.52282551528e-06, 1.08297092538e-06, 2.08187657336e-06, 1.46080208197e-06, 1.58663249294e-06, 1.39003611821e-06, 2.07184186252e-07, 1.54972639166e-07, 3.16890947261e-07, 3.01421920312e-07, 9.82588289844e-07, 7.50456933929e-07, 5.8328777186e-07, 3.89669850165e-07, 1.75669981672e-07, 1.14814326935e-07, 6.74584299531e-08, 5.63973578949e-08, 4.17461905045e-08, 1.83169479584e-08, 8.89610962673e-09, 1.12374887173e-09, 5.18469489563e-10, 1.06567954461e-09, 5.89086501801e-10, 1.2914022629e-10, 5.19940132615e-11, 8.01169894316e-11, 4.18659551471e-11, 2.33924685178e-11, 4.67168101079e-12],
        "var": [4.56007410651e-12, 1.38832639829e-10, 8.72660999018e-10, 8.16356848787e-09, 4.23307211506e-09, 2.18868922985e-08, 9.3829148895e-09, 2.31019536834e-09, 2.22440565967e-10, 1.42189959806e-09, 1.3511923351e-11, 1.85568213573e-10, 7.29719132342e-11, 5.9540580799e-11, 5.68492371233e-11, 8.7913031889e-13, 5.78428581074e-13, 2.05604955804e-12, 1.88538486039e-12, 2.84366540731e-11, 1.16387489923e-11, 9.639318857e-12, 3.11429506315e-12, 8.53127085036e-13, 2.96368019102e-13, 9.64017548514e-14, 8.60509715784e-14, 6.29166247638e-14, 8.33538695965e-15, 2.59637684718e-15, 5.32515220996e-17, 8.60022247131e-18, 5.84754025872e-17, 1.53281017738e-17, 3.88999389888e-19, 6.45779322609e-20, 2.2680914995e-19, 4.41469621029e-20, 1.11517775998e-20, 8.22699428227e-22]
    }
}
}