{
"metadata": {
    "version": {
        "essentia": "2.1-dev"
    }
},
"lowlevel": {
    "mfcc": {
        "mean": [-904.932617188, 98.6486434937, -68.3622894287, 6.32629489899, -16.5929813385, -47.762638092, -24.5573158264, -10.1989307404, -20.1511096954, -5.22009563446, 3.84904146194, -8.0277557373, -8.76903152466],
        "var": [12973.9589844, 896.637084961, 3557.73022461, 412.543395996, 725.666931152, 449.812225342, 276.198638916, 272.661193848, 251.873062134, 221.180297852, 145.449035645, 148.846252441, 200.161972046]
    },
    "mfcc_bands": {
        "mean": [4.65523131155e-09, 5.25456727019e-08, 7.90079980106e-07, 2.46910053647e-06, 2.45804426413e-06, 3.97895837523e-06, 1.287383202e-05, 2.38068223553e-05, 3.78362383344e-05, 5.67435199628e-05, 6.61430967739e-05, 1.85225253517e-05, 8.73672433954e-06, 1.11943818411e-05, 1.33012081278e-05, 7.16477461538e-06, 7.76490378485e-06, 7.50770914237e-06, 6.79132654113e-06, 2.66772917712e-06, 3.02084504256e-06, 6.56611655359e-06, 8.55806320033e-06, 1.10455439426e-05, 9.63272577792e-06, 4.568435088e-06, 1.39398719057e-06, 2.74059971161e-07, 1.19986850677e-07, 4.26596820091e-08, 2.4455731662e-08, 1.36777824622e-08, 8.1259541318e-09, 5.40355671319e-09, 2.93812463248e-09, 1.89290672026e-09, 9.34510469008e-10, 4.65733784871e-10, 2.98698177303e-10, 1.56844384702e-10],
        "var": [5.96932572943e-17, 9.75587899989e-15, 2.24141582031e-12, 1.3338814428e-11, 1.39872688085e-11, 5.0814883551e-11, 5.9753924031e-10, 2.30279728619e-09, 5.57472423779e-09, 2.23314984282e-08, 5.05466530853e-08, 6.55416743101e-09, 7.7171663504e-10, 1.54235535454e-09, 2.22301110853e-09, 4.78831974071e-10, 5.77607017771e-10, 6.91722235047e-10, 4.27246849011e-10, 3.77480650904e-11, 2.27597506813e-11, 1.20485704747e-10, 1.92415638978e-10, 2.95140273332e-10, 2.33899927204e-10, 5.61707590163e-11, 6.68575741644e-12, 2.3587856386e-13, 5.66835905199e-14, 8.41396366507e-15, 2.60591592047e-15, 5.62015466107e-16, 1.94085847281e-16, 8.09163758544e-17, 2.85963352251e-17, 1.05434881059e-17, 3.1750893543e-18, 1.12511173385e-18, 8.52244185113e-19, 4.89140899223e-19]
    }
}
}