{
"metadata": {
    "version": {
        "essentia": "2.1-dev"
    }
},
"lowlevel": {
    "mfcc": {
        "mean": [-875.462219238, 147.213882446, -13.3949298859, 17.0394382477, -32.5345344543, -40.1009635925, -22.0653629303, -24.6704330444, -20.4658908844, -28.1585655212, -25.3290061951, -17.324382782, -17.0046386719],
        "var": [8743.7734375, 1815.11328125, 606.991333008, 352.406463623, 238.669937134, 249.442962646, 147.755355835, 144.768692017, 121.211837769, 166.384185791, 130.016143799, 126.688186646, 123.080238342]
    },
    "mfcc_bands": {
        "mean": [1.32204425185e-08, 4.01667921324e-06, 3.16017722071e-05, 0.000278371851891, 0.000469388236525, 0.000253948732279, 9.75706716417e-05, 3.72140311811e-05, 1.14916883831e-05, 3.64970801456e-05, 3.16465666401e-05, 3.16024306812e-06, 6.01984447712e-06, 2.52653126154e-06, 1.2748212157e-06, 9.95128289105e-07, 4.39885127435e-07, 5.54474297587e-07, 3.55531284413e-07, 6.74119576161e-07, 1.27791042814e-06, 7.19207491784e-07, 7.69496637076e-07, 7.83820325978e-07, 5.93985646447e-07, 4.36446242702e-07, 3.97290193632e-07, 3.42567830103e-07, 2.18844775191e-07, 1.91585613152e-07, 1.37376503062e-07, 4.60542928238e-08, 1.98702441168e-08, 8.43619840651e-09, 5.74754466243e-09, 3.81099551916e-09, 2.13824047357e-09, 1.795236515e-09, 1.96496796612e-09, 1.64310598461e-09],
        "var": [1.31873013723e-15, 8.61588855816e-11, 2.63331623174e-09, 2.50961903703e-07, 1.38163841257e-06, 2.73890009339e-07, 6.58195133951e-08, 7.98260835211e-09, 5.46147405078e-10, 3.56469853635e-09, 5.0500719162e-09, 4.14790493619e-11, 4.2341222195e-10, 4.08000196128e-11, 8.11639991327e-12, 1.19248820887e-11, 1.37782623852e-12, 2.53491195049e-12, 9.57715460756e-13, 6.80131862288e-12, 2.37381937024e-11, 4.42171342943e-12, 6.07792592297e-12, 6.67391445927e-12, 3.4669647795e-12, 1.44323116825e-12, 1.61815157627e-12, 1.26238028277e-12, 6.05066506881e-13, 4.83173342915e-13, 2.60334803845e-13, 3.23459453124e-14, 5.09515220542e-15, 9.68259243874e-16, 6.19242176694e-16, 3.1154830006e-16, 8.60058394924e-17, 6.4574926545e-17, 1.72014193614e-16, 1.24547565746e-16]
    }
}
}