{
"metadata": {
    "version": {
        "essentia": "2.1-dev"
    }
},
"lowlevel": {
    "mfcc": {
        "mean": [-875.72668457, 156.648956299, -30.6930618286, 13.8133716583, -13.5525884628, -36.2688446045, -15.7237033844, -15.8703622818, -10.1509647369, -11.3993825912, -14.81848526, -9.31291675568, -6.09525775909],
        "var": [7667.62060547, 1321.39282227, 1170.42248535, 408.222351074, 216.303329468, 171.42565918, 134.154037476, 118.978294373, 96.0775909424, 98.2161331177, 122.958999634, 110.804771423, 97.8194732666]
    },
    "mfcc_bands": {
        "mean": [3.56136155233e-07, 5.0035082495e-06, 5.44279937458e-05, 7.40235918784e-05, 6.55107578496e-05, 4.48208738817e-05, 4.59454786323e-05, 7.47133744881e-05, 4.56819288956e-05, 1.64644243341e-05, 1.71012379724e-05, 8.97463723959e-06, 4.46097510576e-06, 4.08664755014e-06, 3.1242411751e-06, 1.70924420217e-06, 9.54462279878e-07, 9.82578399089e-07, 1.35483469421e-06, 2.18886475523e-06, 1.47408115936e-06, 1.17692002277e-06, 1.17828062685e-06, 8.21455842015e-07, 7.36314802907e-07, 6.31486727798e-07, 3.3047871284e-07, 3.29036595303e-07, 1.38114771175e-07, 8.18054175511e-08, 2.0489208552e-08, 8.80494255284e-09, 4.90813656384e-09, 2.04527172976e-09, 5.25010368513e-10, 2.32108998688e-10, 1.57740209783e-10, 1.42464207098e-10, 1.16781556647e-10, 8.78112027536e-11],
        "var": [9.71056026387e-13, 1.41494177486e-10, 2.18385487472e-08, 2.37615740417e-08, 1.65484070891e-08, 6.5276255512e-09, 9.20261200577e-09, 3.26951408169e-08, 2.09267270179e-08, 1.8519641376e-09, 2.17080220466e-09, 6.91996127067e-10, 1.55878462915e-10, 3.77632369819e-10, 2.6255164709e-10, 1.08717014558e-10, 7.2053907979e-12, 4.0755016549e-12, 1.13014484923e-11, 2.96586956383e-11, 6.95188212552e-11, 5.3715226711e-12, 6.26940470025e-12, 3.4300427082e-12, 2.49629006702e-12, 1.80427103379e-12, 6.93710009141e-13, 7.29526465279e-13, 3.99774207878e-13, 1.09231586721e-13, 4.03181414849e-15, 2.57423477066e-15, 1.85348795074e-16, 3.38561616734e-17, 3.05453398388e-18, 6.82440755764e-19, 2.64241450813e-19, 1.76773098095e-19, 2.44896694815e-19, 4.65227928432e-20]
    }
}
}