{
"metadata": {
    "version": {
        "essentia": "2.1-dev"
    }
},
"lowlevel": {
    "mfcc": {
        "mean": [-806.405761719, 137.502456665, -51.1593666077, 44.5826187134, -19.9535617828, -33.9037666321, -15.6485443115, -14.5901527405, -11.4335842133, -19.9370250702, -19.1237030029, -15.447593689, -11.784913063],
        "var": [5933.87939453, 812.278320312, 858.952697754, 238.428405762, 252.681762695, 225.484527588, 135.345901489, 127.008293152, 154.906494141, 118.348777771, 105.857017517, 136.711853027, 131.697753906]
    },
    "mfcc_bands": {
        "mean": [8.59932640651e-07, 2.91151445708e-05, 0.000331892137183, 0.000217621724005, 5.54200196348e-05, 5.69824987906e-05, 5.40002656635e-05, 3.57493554475e-05, 2.25689909712e-05, 1.41416221595e-05, 7.57348334446e-06, 1.14327212941e-05, 1.2600552509e-05, 3.12197312269e-06, 3.19326318277e-06, 2.51984533861e-06, 1.75264096924e-06, 2.26685278903e-06, 5.6374842643e-06, 4.83255098516e-06, 1.40653110066e-05, 1.23709587569e-05, 3.80823348678e-06, 8.88322756509e-06, 5.35106119059e-06, 3.85262364944e-06, 3.24470988744e-06, 9.39321807891e-07, 1.01790521967e-06, 3.99123820216e-07, 2.77160950191e-07, 7.57103251203e-08, 4.43780443504e-08, 1.42423504101e-08, 6.90048596041e-09, 3.69263930544e-09, 2.66710098451e-09, 1.87002768826e-09, 1.54483381642e-09, 1.20482746002e-09],
        "var": [1.46169517462e-11, 6.07728400936e-09, 8.12539383332e-07, 3.78503386855e-07, 9.98126381546e-09, 7.51612372341e-09, 6.65883925777e-09, 2.54910847985e-09, 1.06085407126e-09, 6.77395972648e-10, 2.6450597268e-10, 4.0078065866e-10, 2.38025321675e-10, 8.91043419604e-11, 5.42989819774e-11, 2.4127963516e-11, 6.59353561333e-12, 3.14380604882e-11, 1.17203663441e-10, 9.77333561303e-11, 1.75166792182e-09, 4.22667290056e-10, 4.23475525479e-11, 6.10780870325e-10, 6.46943540406e-11, 3.78445122462e-11, 5.53931379932e-11, 3.01267062512e-12, 3.37849778535e-12, 4.18572105145e-13, 4.73365379013e-13, 1.93525208879e-14, 1.27324874548e-14, 6.92768448164e-16, 1.40438406762e-16, 3.76303386543e-17, 1.6085570913e-17, 9.8818776191e-18, 7.27374985076e-18, 3.85965493026e-18]
    }
}
}