{
"metadata": {
    "version": {
        "essentia": "2.1-dev"
    }
},
"lowlevel": {
    "mfcc": {
        "mean": [-840.486816406, 141.528747559, -42.095287323, 24.1445636749, -21.2351665497, -31.3432636261, -12.6430196762, -15.0250740051, -9.80259132385, -5.90688085556, -6.44370603561, -6.49745559692, -0.328544586897],
        "var": [7140.6484375, 1637.91943359, 810.932983398, 417.750152588, 248.240432739, 240.476867676, 186.731018066, 200.677337646, 155.509918213, 148.555618286, 156.258483887, 166.962600708, 181.762268066]
    },
    "mfcc_bands": {
        "mean": [1.16517446713e-06, 2.36588148255e-05, 6.30760332569e-05, 6.57755954308e-05, 7.83375871833e-05, 7.80325281085e-05, 9.45950305322e-05, 8.44029709697e-05, 4.49839244538e-05, 2.70551245194e-05, 1.34805050038e-05, 1.41358132169e-05, 9.72834823187e-06, 5.38966560271e-06, 6.00634621151e-06, 7.2667457971e-06, 4.32143633589e-06, 3.831498816e-06, 4.13958241552e-06, 3.86104602512e-06, 3.77889000447e-06, 2.6586947115e-06, 5.424162282e-06, 3.50458640241e-06, 2.65751987172e-06, 3.24128973261e-06, 2.18884929382e-06, 1.53210851295e-06, 5.33501633981e-07, 2.4408350896e-07, 1.73124121261e-07, 1.04109147969e-07, 4.951788668e-08, 2.00143421836e-08, 9.79189795913e-09, 3.34306382577e-09, 2.5140574067e-09, 2.16136153419e-09, 1.47353662605e-09, 1.14295406473e-09],
        "var": [8.38478331905e-12, 8.04232858087e-09, 4.85036153464e-08, 2.70329376661e-08, 3.72292738859e-08, 3.60995251469e-08, 5.41307940694e-08, 5.97580225303e-08, 8.72711058975e-09, 6.01429261948e-09, 1.08719944159e-09, 1.68122105126e-09, 8.60054971685e-10, 2.92524005019e-10, 4.12182205034e-10, 7.0240191441e-10, 6.7029293227e-10, 2.30081342867e-10, 2.08931913437e-10, 1.45617948255e-10, 1.43270451058e-10, 5.85058529401e-11, 5.29593091603e-10, 2.19047863181e-10, 1.4712683849e-10, 2.00586922072e-10, 6.52914805555e-11, 3.47525966338e-11, 3.55203149879e-12, 7.64494262166e-13, 3.74884151499e-13, 1.90494565651e-13, 2.87109542412e-14, 6.0638114606e-15, 1.50083925627e-15, 1.42045665014e-16, 1.68344807182e-16, 1.08725003526e-16, 2.63431316325e-17, 1.80171799184e-17]
    }
}
}