{
"metadata": {
    "version": {
        "essentia": "2.1-dev"
    }
},
"lowlevel": {
    "mfcc": {
        "mean": [-951.039428711, 111.803337097, -18.8412876129, 7.29828500748, -6.00750637054, -21.9347705841, -16.0187911987, -13.1973752975, -7.6453962326, -6.94951248169, -8.30070781708, -9.61882019043, -6.58262491226],
        "var": [10044.140625, 1758.13842773, 1673.65539551, 275.827636719, 268.998413086, 229.98147583, 153.419708252, 136.134231567, 114.786705017, 107.711357117, 111.394836426, 149.127349854, 110.042053223]
    },
    "mfcc_bands": {
        "mean": [4.94424455155e-07, 2.81513666778e-06, 7.43710097595e-06, 1.13518126454e-05, 2.77868221019e-05, 2.14895680983e-05, 1.18083135021e-05, 1.0692106116e-05, 7.50614708522e-06, 4.16256580138e-06, 7.10024551154e-06, 4.697823897e-06, 3.45318608197e-06, 1.71787257841e-06, 1.15497812203e-06, 1.43506269978e-06, 1.81877805971e-06, 1.39449855396e-06, 1.43882289194e-06, 1.43034947087e-06, 1.07857204057e-06, 9.61986415859e-07, 9.58785790317e-07, 7.73181966451e-07, 8.18558476112e-07, 4.60567065375e-07, 3.66254823803e-07, 2.37258547031e-07, 1.32097383698e-07, 6.29323082535e-08, 3.89759264863e-08, 2.20295266473e-08, 8.57135251664e-09, 4.63675631224e-09, 1.83052950575e-09, 9.62299906426e-10, 6.48222586719e-10, 7.53125672937e-10, 5.90893112218e-10, 2.31595992384e-10],
        "var": [6.91346502615e-12, 3.45548423208e-10, 1.99418925817e-09, 4.82584017192e-09, 1.05443191956e-08, 4.94935825657e-09, 1.82619364075e-09, 1.27527766125e-09, 8.61009818998e-10, 2.22428103713e-10, 7.19794779336e-10, 5.31082011701e-10, 6.63800514555e-10, 1.14454633271e-10, 3.6968074435e-11, 8.55134366096e-11, 9.26286616854e-11, 4.00036115344e-11, 2.61835275683e-11, 1.20742665866e-10, 6.53665871431e-11, 3.66138092067e-11, 2.81844200756e-11, 1.38573744493e-11, 3.82689678557e-11, 6.71752280537e-12, 4.8728568923e-12, 3.16733791972e-12, 9.59858169509e-13, 1.53007733436e-13, 8.39454238543e-14, 2.54672026062e-14, 7.05854281342e-15, 2.14756458161e-15, 2.13699384866e-16, 7.2451194754e-17, 2.60623253212e-17, 2.88234326992e-17, 1.79457677618e-17, 4.04066686371e-18]
    }
}
}