{
"metadata": {
    "version": {
        "essentia": "2.1-dev"
    }
},
"lowlevel": {
    "mfcc": {
        "mean": [-907.818054199, 176.106491089, 1.79230165482, -6.75761842728, -13.4124078751, -33.5990600586, -24.3998699188, -19.239364624, -20.5740604401, -19.1918373108, -14.1912660599, -10.664896965, -11.8728809357],
        "var": [4972.86669922, 1509.07629395, 1423.26757812, 392.971343994, 181.975402832, 224.327789307, 163.980895996, 151.323791504, 148.813308716, 113.550193787, 123.287155151, 98.6818008423, 97.639793396]
    },
    "mfcc_bands": {
        "mean": [2.82167121668e-07, 3.32150420945e-06, 3.58534052793e-05, 9.65899016592e-05, 0.000182321717148, 0.000122140510939, 6.44049359835e-05, 3.43523788615e-05, 4.98232802784e-05, 2.13024632103e-05, 1.04768641904e-05, 7.47062586015e-06, 3.52664505954e-06, 2.39721452999e-06, 2.2095159693e-06, 1.53505823164e-06, 1.26145073409e-06, 5.1805284329e-07, 5.34063929081e-07, 4.10522062566e-07, 1.30947523758e-06, 8.66582297476e-07, 3.380809801e-07, 3.40868382409e-07, 1.68593828676e-07, 5.41109983487e-08, 3.79599036648e-08, 6.3818887952e-08, 2.58779220275e-08, 7.50066408983e-09, 3.50085871403e-09, 2.68901656497e-09, 1.762729962e-09, 3.77395392714e-10, 1.5769920092e-10, 9.16684922414e-11, 6.07770014871e-11, 4.41595059131e-11, 9.89321680134e-11, 7.1555386616e-11],
        "var": [1.69551438861e-12, 7.08398617544e-11, 1.45634766469e-08, 2.84585830457e-08, 2.7254495194e-07, 6.53626557323e-08, 1.37273401535e-08, 9.38712840792e-09, 1.51819996574e-08, 7.89806531287e-09, 8.53623116637e-10, 1.17513943021e-09, 3.31787375352e-10, 1.11200812447e-10, 8.41928138318e-10, 1.743667849e-10, 1.86726311496e-11, 2.00036254921e-12, 2.98056761563e-12, 2.09232761325e-12, 3.11674158704e-11, 1.39463119872e-11, 5.95829895839e-12, 2.72024113304e-12, 3.76376637105e-13, 3.45490610675e-14, 1.46326669585e-14, 7.82138297271e-14, 9.8791578691e-15, 8.80403663096e-16, 1.45889063777e-16, 1.30896329148e-16, 6.77497516151e-17, 2.69494430274e-18, 4.8676580519e-19, 1.03089432404e-19, 6.99278908936e-20, 2.28759124847e-20, 1.31403094526e-19, 6.92840018726e-20]
    }
}
}