{
"metadata": {
    "version": {
        "essentia": "2.1-dev"
    }
},
"lowlevel": {
    "mfcc": {
        "mean": [-853.09979248, 147.601470947, -69.0026702881, 15.356880188, -12.8991909027, -86.4699630737, -28.5025615692, -0.320988923311, -41.3635292053, -31.0205936432, -9.82730102539, -24.8994350433, -17.578912735],
        "var": [6917.74462891, 1428.8729248, 2770.38891602, 344.436859131, 988.888366699, 922.073730469, 312.225708008, 500.52633667, 229.670837402, 182.667053223, 129.455276489, 168.214492798, 149.798065186]
    },
    "mfcc_bands": {
        "mean": [4.72403050011e-09, 4.40410076408e-07, 9.92693912849e-06, 0.000108645515866, 0.000254697661148, 7.514974277e-05, 6.59546203678e-05, 0.000230815479881, 0.000180317030754, 3.03050928778e-05, 4.70092963951e-05, 6.47350316285e-05, 2.98412160191e-05, 1.80466104212e-05, 2.18551076614e-06, 2.72136117019e-06, 3.58137799594e-06, 2.87685770672e-06, 1.01466785054e-05, 5.56083568881e-06, 8.37385050545e-06, 2.21183981921e-05, 4.50064326287e-05, 3.22185296682e-05, 2.43078648055e-05, 1.17031804621e-05, 1.40714689678e-06, 1.16528163119e-07, 3.80329403527e-08, 1.90354203511e-08, 1.56860551215e-08, 9.63714086311e-09, 5.29470733923e-09, 2.75136757821e-09, 1.34092570381e-09, 8.85422457575e-10, 8.52070025648e-10, 7.84032838652e-10, 1.41715295054e-09, 1.29549293515e-09],
        "var": [1.5768598611e-17, 3.51231153536e-12, 2.46070164245e-10, 1.604353983e-08, 1.22700186012e-07, 1.62080713295e-08, 2.88681611949e-08, 1.68751057572e-07, 1.44981939343e-07, 5.44233813571e-09, 1.10139914966e-08, 3.90688512653e-08, 1.2377246783e-08, 2.680076161e-09, 1.14195791712e-10, 7.85846179796e-11, 6.48572140438e-10, 8.6239307362e-11, 1.19847343161e-09, 2.72829259185e-10, 5.01384989082e-10, 2.32494623553e-09, 8.33600832806e-09, 3.10314574037e-09, 1.39968192592e-09, 4.80216533205e-10, 1.29510516894e-11, 9.51467434029e-14, 2.40963102743e-14, 1.14639514312e-14, 1.53622045775e-14, 4.6066416232e-15, 5.4950918346e-16, 8.38913805583e-17, 1.88416490329e-17, 1.90300112933e-17, 1.92360024269e-17, 3.2727956801e-17, 1.82069202617e-16, 1.33229335818e-16]
    }
}
}