{
"metadata": {
    "version": {
        "essentia": "2.1-dev"
    }
},
"lowlevel": {
    "mfcc": {
        "mean": [-922.791259766, 141.348266602, -14.7133646011, 2.2885761261, -15.8862552643, -27.9989471436, -10.8559179306, -13.3158903122, -12.0933237076, -8.80042648315, -10.6618814468, -6.94543123245, -1.94590914249],
        "var": [9753.62890625, 1509.57751465, 1699.71374512, 767.573059082, 302.038757324, 241.491912842, 178.757980347, 144.539093018, 105.55406189, 95.7916183472, 106.096961975, 103.65322113, 103.090950012]
    },
    "mfcc_bands": {
        "mean": [4.9248490086e-07, 5.3001881497e-06, 1.44157766044e-05, 2.17886481551e-05, 3.33278112521e-05, 4.30975560448e-05, 3.77681462851e-05, 2.27160217037e-05, 2.15305153688e-05, 1.33689563881e-05, 8.85669487616e-06, 8.69395898917e-06, 4.24020709033e-06, 4.69816313853e-06, 4.25309963248e-06, 3.10290624839e-06, 1.78771165338e-06, 1.77803656243e-06, 1.8934936179e-06, 9.72361704044e-07, 1.62588401054e-06, 1.20208392218e-06, 8.83699954102e-07, 9.74260842668e-07, 7.27638564513e-07, 7.57448560762e-07, 5.77313755912e-07, 2.2105558628e-07, 1.3914900876e-07, 6.86012171514e-08, 1.77754291286e-08, 1.14574980614e-08, 4.38418279458e-09, 1.54536106134e-09, 6.09270744967e-10, 3.22457116564e-10, 1.64862998253e-10, 1.22304555372e-10, 1.02609087893e-10, 6.21606585649e-11],
        "var": [1.68520405963e-12, 4.00832061986e-10, 3.34587091366e-09, 5.20841680896e-09, 6.68605837362e-09, 1.37097329045e-08, 1.31771962231e-08, 5.09446884678e-09, 3.6615139809e-09, 1.4259090575e-09, 9.2798846385e-10, 9.50914236242e-10, 2.97308178077e-10, 3.80095621644e-10, 3.15626663694e-10, 2.27106999873e-10, 7.41778652391e-11, 6.15823086969e-11, 5.95582055896e-11, 1.15149617272e-11, 4.67535142545e-11, 2.83301351128e-11, 1.35192673029e-11, 1.58127955174e-11, 7.55832202382e-12, 7.42335012904e-12, 4.8927693494e-12, 5.5187110307e-13, 2.75188292292e-13, 8.66675166963e-14, 4.39031660825e-15, 2.3041909262e-15, 6.13338780568e-16, 4.49562108098e-17, 5.65210485965e-18, 1.5734755757e-18, 4.34082568579e-19, 2.25114773863e-19, 1.56527335615e-19, 5.98736010209e-20]
    }
}
}