{
"metadata": {
    "version": {
        "essentia": "2.1-dev"
    }
},
"lowlevel": {
    "mfcc": {
        "mean": [-842.27911377, 161.244216919, -44.047416687, 13.5242862701, -16.301568985, -35.3434867859, -20.6913776398, -21.9411277771, -16.8602638245, -12.8348398209, -11.8252735138, -8.91653823853, -2.2652182579],
        "var": [10538.3828125, 1233.88317871, 1727.59033203, 467.759765625, 244.692260742, 180.991241455, 155.171676636, 131.557418823, 127.889404297, 123.217468262, 131.850692749, 126.647666931, 129.484054565]
    },
    "mfcc_bands": {
        "mean": [9.47932505824e-07, 6.56203519611e-06, 4.52154527011e-05, 0.000110005013994, 0.00016146080452, 0.00019646344299, 0.000227488388191, 0.000117665607831, 6.49833527859e-05, 6.16510151303e-05, 2.5280227419e-05, 2.04950611078e-05, 1.31338301799e-05, 1.45035146488e-05, 1.7852320525e-05, 8.82200674823e-06, 7.05169986759e-06, 9.59355475061e-06, 5.99453460381e-06, 1.181657899e-05, 1.04276723505e-05, 4.6802383622e-06, 3.11397252517e-06, 3.3147373415e-06, 3.62917694474e-06, 3.71014834855e-06, 1.59494993568e-06, 9.15779821753e-07, 3.82878766914e-07, 2.10028886727e-07, 8.55190052107e-08, 4.36205382925e-08, 2.45356623907e-08, 4.29525126577e-09, 2.26720597851e-09, 1.57437607395e-09, 8.24064039229e-10, 2.84839207776e-10, 3.03786579225e-10, 1.34623312498e-10],
        "var": [9.92027206909e-12, 2.65517996478e-10, 1.58423834051e-08, 1.02049767747e-07, 1.00023022753e-07, 2.31897402614e-07, 2.21754206109e-07, 9.03832244603e-08, 2.607280436e-08, 3.88313416977e-08, 4.07527034341e-09, 5.23592369461e-09, 1.34906141813e-09, 2.83240808585e-09, 1.47857566191e-08, 3.14230730325e-09, 1.92908733432e-09, 3.08544234606e-09, 2.62047078481e-10, 1.2598480037e-09, 1.06162956204e-09, 2.05627695427e-10, 1.2251974435e-10, 7.07854191928e-11, 8.38012575999e-11, 1.62761984446e-10, 3.52920748181e-11, 6.73019279196e-12, 1.21025509493e-12, 2.14433809251e-12, 1.51826739115e-13, 1.58896926514e-14, 5.6025499283e-15, 1.21429028662e-16, 6.19956318113e-17, 2.73261448006e-17, 6.70638956374e-18, 6.78868110999e-19, 1.00625032592e-18, 1.68933170722e-19]
    }
}
}