{
"metadata": {
    "version": {
        "essentia": "2.1-dev"
    }
},
"lowlevel": {
    "mfcc": {
        "mean": [-878.689819336, 129.329406738, -55.6637535095, 20.3875865936, -0.848916292191, -33.7798461914, -7.7746963501, 0.161762803793, -20.2203407288, -17.8609809875, 0.823269069195, -7.15203237534, -11.557510376],
        "var": [8861.41992188, 1249.00109863, 1974.24584961, 353.702545166, 442.30960083, 319.831787109, 160.578994751, 467.662445068, 306.676513672, 295.548431396, 176.832946777, 158.623672485, 168.572143555]
    },
    "mfcc_bands": {
        "mean": [5.73787417579e-07, 2.35072366195e-06, 1.74109136424e-05, 1.9511586288e-05, 1.75822533492e-05, 2.02122264454e-05, 1.6404712369e-05, 2.06778713618e-05, 1.80728693522e-05, 2.10456546483e-05, 1.36386697704e-05, 1.17720646813e-05, 1.09876282295e-05, 6.32688534097e-06, 7.79919537308e-06, 8.54395602801e-06, 5.23789367435e-06, 2.93413609143e-06, 3.3373576116e-06, 2.20198830903e-06, 3.76206889996e-06, 7.99443296273e-06, 1.10576447696e-05, 9.51578203967e-06, 7.10723679731e-06, 2.44833950092e-06, 9.97117808765e-07, 3.5713202351e-07, 1.79892126084e-07, 7.21845196949e-08, 3.40709256363e-08, 1.77273591362e-08, 7.026871085e-09, 3.89220833341e-09, 1.99553373825e-09, 8.35209845729e-10, 4.05422473371e-10, 3.16821485713e-10, 2.20911372528e-10, 9.07490887991e-11],
        "var": [2.52847178958e-12, 3.3309091596e-11, 2.00922278815e-09, 2.02387129278e-09, 1.45545853147e-09, 2.35933805826e-09, 2.42229614145e-09, 4.62597160578e-09, 2.13892326073e-09, 3.4701426177e-09, 2.1854686949e-09, 2.67778710317e-09, 1.62554658623e-09, 2.77636913459e-10, 7.78897113474e-10, 8.73321581718e-10, 1.7227011484e-10, 1.69909961101e-10, 2.30577279492e-10, 2.48377568512e-10, 2.07128592056e-10, 5.78085912473e-10, 1.0523378835e-09, 4.52151288632e-10, 2.63344512863e-10, 3.79153965169e-11, 7.20233855195e-12, 7.69457143401e-13, 1.62669899252e-13, 3.1685761057e-14, 8.5458915877e-15, 1.92769833367e-15, 2.00647943872e-16, 8.72933295722e-17, 2.62834737123e-17, 4.15176755973e-18, 1.0872519874e-18, 1.01128237578e-18, 4.82506962409e-19, 5.9263645792e-20]
    }
}
}