{
"metadata": {
    "version": {
        "essentia": "2.1-dev"
    }
},
"lowlevel": {
    "mfcc": {
        "mean": [-967.429443359, 116.495239258, -4.29278707504, 3.11203145981, -18.1371955872, -31.3557338715, -15.9676113129, -12.773900032, -12.6351165771, -8.31437301636, -5.24384260178, -3.25345230103, -1.43333423138],
        "var": [8540.640625, 1396.33764648, 1451.36047363, 522.963500977, 304.867492676, 267.487304688, 197.30796814, 135.707351685, 124.100234985, 123.938446045, 100.895378113, 90.1211090088, 95.4300765991]
    },
    "mfcc_bands": {
        "mean": [4.1112383542e-07, 3.3485152926e-06, 3.62907212548e-06, 5.14200610269e-06, 9.72354791884e-06, 1.08092817754e-05, 8.36922026792e-06, 7.24545634512e-06, 4.26553015132e-06, 2.91818378173e-06, 1.75099501121e-06, 1.91280946638e-06, 1.23516235817e-06, 1.06754225726e-06, 8.71743907283e-07, 1.10900577965e-06, 3.69565697156e-07, 5.48029731817e-07, 2.39102121213e-07, 4.57879025362e-07, 4.58532184666e-07, 6.3185819954e-07, 5.56289705855e-07, 4.52392129091e-07, 4.5514411795e-07, 4.6757219252e-07, 2.68966573458e-07, 1.60961761253e-07, 1.03863115442e-07, 2.40476314417e-08, 1.67013904928e-08, 6.90809898174e-09, 2.70498690114e-09, 1.62892899169e-09, 6.65928034937e-10, 2.13720846576e-10, 9.76530800667e-11, 1.02846529904e-10, 5.84863407704e-11, 3.89461449202e-11],
        "var": [1.71797276925e-12, 2.45068049187e-10, 1.10642184303e-09, 9.04147923197e-10, 6.85008050283e-10, 5.55769263944e-10, 3.32004312931e-10, 2.13171660879e-10, 9.21082307648e-11, 6.5888433598e-11, 1.97437812627e-11, 3.68951674767e-11, 2.09989161476e-11, 1.49881357325e-11, 9.86100871098e-12, 4.91725514473e-11, 2.21324087529e-12, 5.90583745103e-12, 7.28505905774e-13, 3.54503731058e-12, 4.2908528293e-12, 7.20631150239e-12, 6.36381138758e-12, 4.41464963544e-12, 2.2189238294e-12, 2.81976286938e-12, 1.62213146561e-12, 4.59396247172e-13, 1.2949361093e-13, 6.09507502317e-15, 3.33389182248e-15, 6.79701429706e-16, 8.0432236968e-17, 3.53429923547e-17, 5.44945015907e-18, 5.93225190797e-19, 9.02380506769e-20, 1.11961467924e-19, 3.33464971565e-20, 1.43539472318e-20]
    }
}
}