{
"metadata": {
    "version": {
        "essentia": "2.1-dev"
    }
},
"lowlevel": {
    "mfcc": {
        "mean": [-822.428527832, 114.888435364, -31.3990802765, 29.49949646, -23.2596492767, -18.306098938, -12.739569664, -19.6019325256, -18.2450447083, -18.7944355011, -16.6532688141, -12.0530595779, -9.57663154602],
        "var": [16010.1230469, 1199.36206055, 819.235412598, 167.214492798, 311.834228516, 279.980560303, 285.50982666, 214.238327026, 151.528823853, 156.633209229, 152.120544434, 109.667778015, 131.240631104]
    },
    "mfcc_bands": {
        "mean": [1.1002617839e-07, 6.99165093465e-06, 6.93114488968e-05, 0.000187756217201, 0.000243319416768, 0.000129214473418, 0.000166317957337, 5.9974812757e-05, 2.38552911469e-05, 1.19689266285e-05, 1.16449300549e-05, 1.67462512763e-05, 2.19291359826e-05, 4.30183645221e-05, 8.75340811035e-06, 2.41299785557e-05, 1.42595854413e-05, 3.22242931361e-06, 6.51924210615e-06, 4.98535519e-06, 8.97281188372e-06, 5.66565950066e-06, 3.98270367441e-06, 5.654700999e-06, 3.4686095205e-06, 4.45991963716e-06, 3.42541147802e-06, 2.27012196774e-06, 1.93439518625e-06, 7.28514578441e-07, 3.89856012362e-07, 2.15654196722e-07, 1.06180699788e-07, 5.87474993097e-08, 2.80600769287e-08, 1.61102668983e-08, 1.38988927034e-08, 1.28617623218e-08, 8.4133899847e-09, 4.45369829905e-09],
        "var": [7.03556069198e-14, 1.38828767926e-10, 5.34561195309e-08, 1.21945717524e-07, 7.4132788086e-07, 5.23633048033e-08, 2.06732892138e-07, 1.87715887279e-08, 2.97787439152e-09, 5.79089165509e-10, 3.47908146736e-10, 1.36267608308e-09, 3.68605101997e-09, 3.63288918948e-08, 1.85436033195e-09, 7.91589815918e-09, 3.15940429374e-09, 7.12000181036e-11, 3.58011925661e-10, 2.97835228702e-10, 7.34717675588e-10, 4.81329975877e-10, 2.78966627576e-10, 3.96430499539e-10, 6.17548512327e-11, 1.55571208693e-10, 1.00967706418e-10, 3.90521365246e-11, 3.05476512141e-11, 2.76541116395e-12, 1.15025144357e-12, 1.37151263111e-13, 4.00513769285e-14, 1.55468289609e-14, 2.51695437936e-15, 7.26456801361e-16, 1.01760579519e-15, 7.58878893241e-16, 2.16253467134e-16, 6.25322668881e-17]
    }
}
}