{
"metadata": {
    "version": {
        "essentia": "2.1-dev"
    }
},
"lowlevel": {
    "mfcc": {
        "mean": [-887.687561035, 142.487304688, -36.5009117126, 9.19374084473, -11.283700943, -30.986240387, -19.4804840088, -19.8334941864, -13.6881828308, -10.9499025345, -9.19355678558, -8.84803676605, -6.27398586273],
        "var": [9512.62890625, 1958.11865234, 998.945556641, 467.042816162, 216.903137207, 201.420013428, 141.196777344, 154.746017456, 160.696334839, 134.302230835, 145.413757324, 155.167022705, 145.695007324]
    },
    "mfcc_bands": {
        "mean": [6.68665791181e-07, 7.53890844862e-06, 5.63822977711e-05, 5.69902076677e-05, 0.000138025483466, 0.000183785348781, 8.58606945258e-05, 2.61672394117e-05, 2.2388601792e-05, 1.43203951666e-05, 1.52129159687e-05, 9.13998519536e-06, 2.77208641819e-06, 3.34340552399e-06, 3.45766466125e-06, 4.95720996696e-06, 3.23385074807e-06, 3.11482813231e-06, 1.93736650544e-06, 1.71134820448e-06, 2.86865383714e-06, 1.87236275906e-06, 1.86796535218e-06, 1.39355688589e-06, 1.02284047898e-06, 1.1144676364e-06, 6.08155630744e-07, 2.81076182773e-07, 1.70542705291e-07, 8.9473736864e-08, 3.30866178899e-08, 2.07254000628e-08, 1.15611396012e-08, 3.82089293538e-09, 1.33290534166e-09, 4.82884954245e-10, 2.94722746208e-10, 2.54534948674e-10, 3.03296859849e-10, 1.4505331658e-10],
        "var": [6.63556969788e-12, 6.76629641205e-10, 3.9563516907e-08, 2.77077862876e-08, 1.07816163109e-07, 1.92984785485e-07, 5.76459058266e-08, 6.98548507927e-09, 3.5335776527e-09, 1.04804720458e-09, 2.18115503436e-09, 1.02315522721e-09, 1.49507795033e-10, 1.08743389293e-10, 1.44116885092e-10, 3.30215771394e-10, 8.50116713136e-11, 7.14747913633e-11, 2.85548355794e-11, 3.69860322924e-11, 7.84558251699e-11, 3.83293570494e-11, 4.74346881219e-11, 1.7298345048e-11, 1.4676480517e-11, 1.83240714269e-11, 5.05714957758e-12, 7.13250476476e-13, 3.15042994947e-13, 1.60810655157e-13, 9.37687918984e-15, 4.89338133409e-15, 3.66518567815e-15, 2.72597172344e-16, 2.63758631693e-17, 1.93811684885e-18, 1.06450896665e-18, 9.20249908596e-19, 1.98035103656e-18, 2.2872102284e-19]
    }
}
}