{
"metadata": {
    "version": {
        "essentia": "2.1-dev"
    }
},
"lowlevel": {
    "mfcc": {
        "mean": [-929.579284668, 137.172332764, 4.06949090958, 20.1476707458, -20.444896698, -50.2652816772, -28.0195960999, -9.89218139648, -24.2401599884, -30.7016773224, -14.5890140533, -12.9919204712, -13.4139661789],
        "var": [10640.2558594, 2303.15429688, 2749.04101562, 284.665985107, 827.301879883, 785.882751465, 290.084014893, 294.698516846, 168.847717285, 210.191055298, 87.7635574341, 85.077796936, 87.0824127197]
    },
    "mfcc_bands": {
        "mean": [2.29207532954e-08, 8.68624795203e-07, 2.6649895517e-05, 6.2876555603e-05, 4.49217950518e-05, 0.000120618882647, 0.000130466432893, 5.98799961153e-05, 7.85188458394e-05, 1.48072540469e-05, 1.63757958944e-05, 1.24281814351e-05, 1.14331551231e-05, 2.82960854747e-06, 1.4395271819e-06, 9.03843840661e-07, 8.33035585401e-07, 4.09710452232e-07, 5.00776422996e-07, 5.56861493806e-07, 1.40666816151e-06, 2.86334716293e-06, 2.68304893325e-06, 2.59053581431e-06, 2.40029430643e-06, 1.00061072317e-06, 1.94180913127e-07, 4.19060341983e-08, 1.99317327088e-08, 2.50687897108e-08, 2.90471824371e-08, 1.26433237213e-08, 4.37222702487e-09, 2.78836687073e-09, 1.97069649488e-09, 1.30112087771e-09, 7.4951522766e-10, 4.70644079265e-10, 4.20975559967e-10, 2.44287007289e-10],
        "var": [2.07498846935e-15, 3.15050958412e-12, 1.43917877615e-09, 9.48740908058e-09, 4.92137752772e-09, 8.32973938714e-08, 9.08041926095e-08, 2.63062336359e-08, 6.48860662977e-08, 2.07684625053e-09, 2.87223866913e-09, 1.72364444939e-09, 2.52803400436e-09, 1.40629882739e-10, 4.61737523216e-11, 1.97607728791e-11, 1.70869672578e-11, 3.26281341355e-12, 3.37687148209e-12, 3.59168554273e-12, 1.7965675822e-11, 6.18614534598e-11, 6.70962382876e-11, 4.61308977129e-11, 4.1906280529e-11, 8.55939451261e-12, 4.77914582908e-13, 1.60178267134e-14, 2.00069775065e-15, 3.4253332643e-15, 5.48546668158e-15, 8.39028168265e-16, 1.12326084692e-16, 5.48983361288e-17, 3.67998162321e-17, 2.05831024503e-17, 1.4490981759e-17, 9.16963871574e-18, 9.26649494803e-18, 2.88157258574e-18]
    }
}
}