{
"metadata": {
    "version": {
        "essentia": "2.1-dev"
    }
},
"lowlevel": {
    "mfcc": {
        "mean": [-922.932800293, 118.186981201, -32.3786315918, 17.0129718781, 0.915109932423, -22.2391662598, -15.2275161743, -12.5444641113, -15.6941900253, -19.4056587219, -12.4563760757, -10.3607759476, -3.51492500305],
        "var": [7941.515625, 3297.82568359, 2612.68530273, 324.875762939, 321.566192627, 257.409881592, 200.58972168, 239.154541016, 205.909042358, 199.03314209, 257.905090332, 222.617248535, 226.232803345]
    },
    "mfcc_bands": {
        "mean": [1.52223981331e-06, 8.24463222671e-06, 8.27072726679e-05, 8.00612033345e-05, 4.53506254416e-05, 4.92521467095e-05, 7.79161055107e-05, 1.98417164938e-05, 2.83506506094e-06, 4.30561567555e-06, 2.30486375585e-06, 2.46740091825e-06, 7.65640288591e-06, 2.76676951216e-06, 9.67085270531e-07, 1.72898489836e-06, 1.57080853569e-06, 4.30033787779e-06, 2.78126549347e-06, 1.86788031442e-06, 2.58502109318e-06, 2.46566401074e-06, 1.4925508367e-06, 2.6435975542e-06, 9.01178907498e-07, 5.49540402517e-07, 4.32520721461e-07, 1.59472961059e-07, 8.2310393168e-08, 5.81124872667e-08, 3.3909202557e-08, 1.40437377283e-08, 1.11299511829e-08, 3.54162654759e-09, 1.01098174277e-09, 4.3030459751e-10, 2.89698709466e-10, 2.82886991609e-10, 3.26007304485e-10, 7.05987143745e-11],
        "var": [3.65950603154e-11, 6.07312367062e-10, 1.14824622699e-07, 5.1537050183e-08, 1.88998559025e-08, 2.68689586136e-08, 2.58736491787e-07, 1.33341844233e-08, 1.53735635333e-10, 6.38837427402e-10, 5.74190868463e-11, 5.56144644226e-11, 9.82914416525e-10, 1.23102389393e-10, 1.04809728604e-11, 6.41495676024e-11, 3.22468128588e-11, 5.890237742e-10, 1.27816632278e-10, 1.07278741446e-10, 1.46185383243e-10, 9.41567795953e-11, 2.9636546689e-11, 9.51116546632e-11, 7.95415296129e-12, 4.91730310984e-12, 2.2354642009e-12, 2.61415997356e-13, 1.06947484451e-13, 3.81500793413e-14, 1.28148758085e-14, 1.74883091559e-15, 1.31922649854e-15, 1.03213995413e-16, 1.02985640624e-17, 1.55950201361e-18, 7.83681200392e-19, 1.05498615325e-18, 9.61201862965e-19, 7.77004870571e-20]
    }
}
}