{
"metadata": {
    "version": {
        "essentia": "2.1-dev"
    }
},
"lowlevel": {
    "mfcc": {
        "mean": [-834.896911621, 206.057281494, -30.0282516479, -3.18797636032, -3.46035909653, -26.8472900391, -6.93058252335, -19.9805412292, -21.0359115601, -6.91914272308, -11.3559446335, -7.62378120422, -3.82109570503],
        "var": [3135.47460938, 531.098693848, 600.097351074, 226.881866455, 136.811965942, 163.133392334, 132.302490234, 91.0626602173, 77.0836868286, 73.0668945312, 86.3304290771, 91.9523086548, 76.4717559814]
    },
    "mfcc_bands": {
        "mean": [1.41724603964e-06, 2.57053125097e-05, 0.000118606461911, 0.000105904007796, 0.000178747111931, 0.000193602376385, 0.000165686273249, 8.8186134235e-05, 4.46366721008e-05, 3.57450553565e-05, 2.28235112445e-05, 2.75763977697e-05, 1.42868575495e-05, 1.2007373698e-05, 8.85032295628e-06, 6.45698264634e-06, 4.11228393205e-06, 3.85814519177e-06, 2.35190623243e-06, 1.32135130571e-06, 1.70611713202e-06, 1.05425658603e-06, 5.26531437117e-07, 3.77977102062e-07, 3.4657790593e-07, 3.40269963317e-07, 2.12206302308e-07, 8.74646062243e-08, 4.94233631798e-08, 1.78880110724e-08, 2.74789169197e-09, 1.7952160869e-09, 5.87426496335e-10, 1.46692255565e-10, 8.67533267446e-11, 6.19065215757e-11, 1.34263876059e-11, 5.3875519497e-12, 3.00092307774e-12, 1.74531678172e-12],
        "var": [5.85619443563e-12, 1.35862621153e-09, 2.60946890762e-08, 1.52305279499e-08, 6.40823287767e-08, 9.20365295087e-08, 4.37088019112e-08, 1.84934823011e-08, 4.07777056566e-09, 3.70979225117e-09, 5.26571941606e-09, 4.3639287739e-09, 1.01944797049e-09, 4.28442198386e-10, 1.85498463812e-10, 3.91495558194e-10, 7.50071185718e-11, 5.17355533414e-11, 1.68960765518e-11, 8.07666346997e-12, 5.4459142057e-11, 2.83116845939e-11, 7.10566533998e-13, 3.40245653917e-13, 2.70210964064e-13, 3.80437570552e-13, 2.40900100432e-13, 2.88227592021e-14, 1.74500052673e-14, 2.81645082995e-15, 5.41576885345e-17, 2.6756439043e-17, 2.7260917887e-18, 1.611828115e-19, 1.42774294708e-19, 1.41557150136e-19, 3.66871565332e-21, 2.58943200864e-22, 1.27142050003e-22, 7.24918238381e-23]
    }
}
}