{
"metadata": {
    "version": {
        "essentia": "2.1-dev"
    }
},
"lowlevel": {
    "mfcc": {
        "mean": [-899.869628906, 136.741760254, -26.0221538544, 26.5025730133, -10.4938297272, -44.1038398743, -7.33513832092, -23.0328998566, -32.8762512207, -11.2574300766, -18.6451072693, -18.9992294312, -7.68510389328],
        "var": [12781.0273438, 3457.76977539, 1561.89208984, 597.496582031, 294.580352783, 675.778686523, 270.914306641, 254.855804443, 357.385559082, 163.673019409, 169.9659729, 135.999679565, 103.021156311]
    },
    "mfcc_bands": {
        "mean": [4.77414729971e-08, 1.91563776752e-06, 1.63939439517e-05, 0.000146959428093, 0.000267259427346, 0.000411570217693, 0.000184866177733, 3.80613928428e-05, 1.57837657753e-05, 3.26064000546e-05, 1.62916949193e-05, 2.81593474938e-05, 1.17211411634e-05, 7.26474354451e-06, 3.72163594875e-06, 5.89545243201e-06, 2.70900659416e-06, 2.9624175113e-06, 2.84519182969e-06, 1.23712572986e-06, 9.28010990719e-07, 8.34991965348e-07, 3.08446897179e-06, 3.01112982015e-06, 3.51248172592e-06, 4.10476741308e-06, 4.76346031064e-06, 2.08273854696e-06, 1.35145967306e-07, 4.89069442722e-08, 3.16960075963e-08, 1.9293461051e-08, 1.12148930143e-08, 4.94251750638e-09, 3.13118575512e-09, 1.13528741963e-09, 5.62337121313e-10, 8.43415060015e-10, 1.28637978047e-09, 9.38458977195e-10],
        "var": [3.52577908987e-15, 1.81506251001e-11, 6.70437705352e-10, 1.11017300242e-07, 2.19892484665e-07, 8.94855816114e-07, 2.86684610273e-07, 1.00334540676e-08, 1.21694343491e-09, 1.92044620206e-08, 3.53435036793e-09, 3.02532292551e-08, 2.82562151455e-09, 1.46557144198e-09, 6.32593755157e-10, 1.29926180925e-09, 1.99396207878e-10, 2.37387665081e-10, 1.20041296348e-10, 2.39050324674e-11, 1.19049848105e-11, 4.86370665964e-12, 1.37920661003e-10, 7.08474251487e-11, 2.37042524498e-10, 1.65401137231e-10, 2.57325688535e-10, 5.99817071012e-11, 2.12741567526e-13, 2.44979194266e-13, 1.19814938136e-13, 2.47100127496e-14, 8.61268775889e-15, 2.03328670802e-15, 9.07035596567e-16, 5.06586086643e-17, 5.64097514451e-18, 2.34303060952e-17, 1.2318930871e-16, 7.10641650679e-17]
    }
}
}