{
"metadata": {
    "version": {
        "essentia": "2.1-dev"
    }
},
"lowlevel": {
    "mfcc": {
        "mean": [-908.835083008, 107.06552124, -51.8476409912, 16.5147762299, -17.6884078979, -34.511516571, -7.87635374069, -12.1043395996, -7.2111530304, -3.71844673157, -6.36596870422, -2.50956058502, 1.49894225597],
        "var": [7593.11328125, 2091.37084961, 887.052368164, 423.935852051, 310.692657471, 337.01260376, 193.311462402, 221.76159668, 189.489883423, 175.347579956, 155.689971924, 155.072647095, 166.28237915]
    },
    "mfcc_bands": {
        "mean": [6.42892530323e-07, 4.08189634982e-06, 1.91512881429e-05, 2.12980048673e-05, 2.44922666752e-05, 1.70655093825e-05, 1.47901100718e-05, 1.50658315761e-05, 7.51761399442e-06, 5.72142243982e-06, 3.78645177079e-06, 3.61362299373e-06, 5.07675076733e-06, 1.62628998623e-06, 2.99928728964e-06, 2.46025706474e-06, 1.12066527436e-06, 1.29936017856e-06, 1.01843488665e-06, 1.38355289891e-06, 2.20311244448e-06, 1.56319890721e-06, 1.22222127175e-06, 1.14001147722e-06, 9.10969220058e-07, 1.14005592877e-06, 1.0761939393e-06, 5.02448642692e-07, 1.88589382333e-07, 7.5596261695e-08, 5.80702490538e-08, 2.68393289815e-08, 8.10065969858e-09, 2.56797649811e-09, 1.61459934311e-09, 7.75438935285e-10, 4.78900030743e-10, 3.51836365597e-10, 2.37068836784e-10, 1.43541040165e-10],
        "var": [6.76413786094e-12, 2.33315949894e-10, 1.34323263623e-08, 9.78502168181e-09, 1.29585417952e-08, 4.2670986744e-09, 1.66159175308e-09, 2.00639393988e-09, 4.35043306934e-10, 3.72045949604e-10, 9.08970260172e-11, 1.06081948781e-10, 3.29511806729e-10, 6.05927530373e-11, 1.2888308476e-10, 1.0123644284e-10, 1.68895574609e-11, 2.97693016071e-11, 1.04397020542e-11, 2.06551390575e-11, 6.34633665064e-11, 2.70177335365e-11, 1.68570626208e-11, 1.63034447054e-11, 6.35832662563e-12, 1.23392546181e-11, 2.01717531567e-11, 4.43701932834e-12, 4.6033370258e-13, 5.11367918767e-14, 1.82061912204e-13, 6.86116135152e-14, 6.2973818546e-16, 6.60155509173e-17, 3.67773566241e-17, 8.54274499927e-18, 2.55145865855e-18, 1.57334291661e-18, 6.83358047364e-19, 1.76050542905e-19]
    }
}
}