{
"metadata": {
    "version": {
        "essentia": "2.1-dev"
    }
},
"lowlevel": {
    "mfcc": {
        "mean": [-998.926025391, 131.67628479, 26.0491523743, -16.8408565521, -22.9002056122, -28.5329303741, -29.0955696106, -26.1937103271, -21.6390628815, -14.2645626068, -10.3784341812, -10.6013383865, -9.2867937088],
        "var": [4148.84521484, 2086.1081543, 1190.78747559, 529.480834961, 216.084701538, 188.835983276, 181.075302124, 137.5206604, 120.286048889, 119.447433472, 116.940361023, 118.161468506, 100.349021912]
    },
    "mfcc_bands": {
        "mean": [1.07258344428e-08, 1.92008755562e-07, 1.80486995305e-06, 1.70462917595e-05, 2.2085632736e-05, 1.48603821799e-05, 2.91374417429e-05, 1.75638688233e-05, 1.29416093841e-05, 1.16660330605e-05, 2.00933095584e-06, 2.13240446101e-06, 9.24988967199e-07, 1.53186499574e-06, 5.81667165989e-07, 7.56187944262e-07, 5.63013202282e-07, 9.5220161711e-07, 4.77583853353e-07, 5.79259626932e-08, 9.06239350229e-08, 2.69660915819e-08, 2.56244341301e-08, 2.28565362193e-08, 1.54534038899e-08, 1.01170840594e-08, 5.55592771789e-09, 1.77532899492e-09, 7.50226158974e-10, 2.54352816587e-10, 1.40705821994e-10, 7.88096185533e-11, 2.45924947073e-11, 6.88761330955e-12, 2.01477853498e-12, 8.31573958998e-13, 3.33450986007e-13, 2.85321083166e-13, 2.1748462677e-13, 1.71959777147e-13],
        "var": [1.11564985884e-15, 5.26894337622e-13, 2.78723277097e-11, 2.24018115169e-09, 2.30242735988e-09, 1.09228148748e-09, 5.9597384805e-09, 2.03977945645e-09, 1.55401413959e-09, 1.91616900125e-09, 1.97745139707e-10, 9.68575844529e-11, 2.85457699145e-11, 3.62235796914e-10, 1.78200475209e-11, 4.16386508606e-11, 4.54482666778e-11, 1.46968048842e-10, 5.21616604077e-11, 5.08200896459e-14, 2.09343718575e-13, 1.55413588222e-14, 1.25803527142e-14, 1.51198532047e-14, 6.16805919355e-15, 7.55398381921e-15, 2.20632283365e-15, 1.18497434396e-16, 1.65706345873e-17, 2.55412155974e-18, 9.3887377669e-19, 2.86898057038e-19, 3.18524150998e-20, 2.18681613333e-21, 1.29756663209e-22, 2.90293176948e-23, 1.23763933825e-24, 4.89966980955e-25, 7.53512097362e-25, 6.10313332681e-25]
    }
}
}