{
"metadata": {
    "version": {
        "essentia": "2.1-dev"
    }
},
"lowlevel": {
    "mfcc": {
        "mean": [-851.826782227, 169.334564209, -39.7615242004, 11.9703264236, -15.5667991638, -38.3952293396, -8.88624954224, -20.0546169281, -16.0637168884, -3.86887407303, -11.330406189, -8.59767436981, -2.53280520439],
        "var": [4785.90185547, 1465.9609375, 940.221008301, 671.796630859, 225.337814331, 181.729919434, 192.620315552, 202.764022827, 161.65687561, 157.284835815, 164.235717773, 181.145080566, 182.074691772]
    },
    "mfcc_bands": {
        "mean": [6.9236756417e-07, 5.51326547793e-06, 4.79789414385e-05, 7.88331381045e-05, 0.000132215063786, 0.000107903790195, 8.3992650616e-05, 0.000138693692861, 6.82729805703e-05, 3.5945136915e-05, 2.25230105571e-05, 2.13206185435e-05, 3.58810575563e-05, 1.53713663167e-05, 3.69449958271e-06, 6.16172701484e-06, 2.21943059842e-06, 2.10567554859e-06, 4.10825805375e-06, 4.84633437736e-06, 2.66520169134e-06, 1.45071931001e-06, 3.80297933589e-06, 1.81577365765e-06, 2.46039371632e-06, 3.75175363843e-06, 2.46033596341e-06, 1.5025485709e-06, 4.52904771464e-07, 7.71803669863e-08, 1.92491551587e-08, 2.07677235409e-08, 7.52889306455e-09, 1.55099322274e-09, 5.69849611942e-10, 1.99062377693e-10, 1.43390035956e-10, 9.33568847228e-11, 2.18098889643e-11, 1.41159063605e-11],
        "var": [3.39213054347e-12, 1.3667825205e-10, 1.09659916703e-08, 2.07007175845e-08, 6.67688411227e-08, 5.31045181162e-08, 3.55136791086e-08, 1.39626990858e-07, 1.71215255307e-08, 5.41914779717e-09, 8.20017387326e-09, 7.03485669717e-09, 3.52615820987e-08, 9.11364939071e-09, 1.51266527082e-10, 2.98829794243e-10, 5.0337182339e-11, 4.69813007942e-11, 3.96280508408e-10, 4.81453932277e-10, 1.41368139417e-10, 2.71783186234e-11, 6.92743917785e-10, 6.27930415997e-11, 2.19796042478e-10, 2.12857537152e-10, 1.69465219635e-10, 3.81896181345e-11, 3.08930767252e-12, 2.10045536194e-13, 5.09918577632e-15, 8.51223473354e-15, 2.56492630209e-15, 8.99217786867e-17, 1.18857416782e-17, 1.77967805393e-18, 8.67042291176e-19, 7.39123772528e-19, 8.2390993718e-21, 4.27152917927e-21]
    }
}
}