{
"metadata": {
    "version": {
        "essentia": "2.1-dev"
    }
},
"lowlevel": {
    "mfcc": {
        "mean": [-842.24420166, 136.992599487, -63.7091636658, 8.45422744751, -25.0825042725, -35.8853759766, -13.1661424637, -9.14106941223, -12.8083782196, -10.1327505112, -6.31735801697, -6.20470333099, -3.94863939285],
        "var": [14293.7880859, 1435.50695801, 1726.76635742, 398.752502441, 299.081481934, 173.607650757, 135.319015503, 116.835128784, 94.9842605591, 102.131248474, 118.909866333, 99.0700912476, 118.591636658]
    },
    "mfcc_bands": {
        "mean": [2.73549431995e-07, 4.03423200623e-06, 2.70145428658e-05, 3.00906322082e-05, 2.31492667808e-05, 3.59690493497e-05, 6.0866579588e-05, 5.26799085492e-05, 9.37397198868e-05, 0.000100003926491, 5.82345710427e-05, 2.93283010251e-05, 2.13695966522e-05, 2.35617699218e-05, 1.56942933245e-05, 1.45357835208e-05, 1.1995697605e-05, 4.82479026687e-06, 4.49371964351e-06, 3.43375404555e-06, 6.35135484117e-06, 8.38667165226e-06, 7.78607318352e-06, 5.83966311751e-06, 6.17589785179e-06, 3.46353499481e-06, 1.80112931503e-06, 7.95774269591e-07, 3.5199346371e-07, 1.45669147855e-07, 5.65021984755e-08, 4.45269421334e-08, 1.69742602196e-08, 8.29626856103e-09, 3.72937281057e-09, 2.02663108517e-09, 1.25688903729e-09, 8.42469871642e-10, 5.96700355793e-10, 3.8076350406e-10],
        "var": [3.98715430247e-13, 1.87614784819e-10, 7.34833305316e-09, 3.64586716373e-09, 1.47678380635e-09, 3.66912944472e-09, 8.39762481775e-09, 7.29020799284e-09, 3.11850136825e-08, 4.92133018781e-08, 3.76393671786e-08, 3.05122060951e-09, 2.06231409727e-09, 2.26580554319e-09, 9.84133774473e-10, 1.07789477344e-09, 1.70765634966e-09, 1.04001203483e-10, 5.67787553085e-11, 2.6145042728e-11, 1.04554483127e-10, 1.94838103984e-10, 1.41789691099e-10, 7.62305357727e-11, 9.14728431889e-11, 2.57569746781e-11, 1.10723218788e-11, 3.27427885152e-12, 5.09810021889e-13, 1.0228686523e-13, 9.89330924855e-15, 7.62344560309e-15, 8.01982123526e-16, 1.72782995128e-16, 3.38194513978e-17, 1.3950535034e-17, 8.47207565082e-18, 4.96148845751e-18, 2.54064471961e-18, 1.00353707011e-18]
    }
}
}