{
"metadata": {
    "version": {
        "essentia": "2.1-dev"
    }
},
"lowlevel": {
    "mfcc": {
        "mean": [-903.161315918, 165.275360107, -25.4704914093, -24.0182647705, -22.5813503265, -35.3051567078, -17.8811378479, -14.6628017426, -12.1590585709, -8.65099811554, -10.1348781586, -6.93180322647, -7.37602186203],
        "var": [9241.60546875, 2486.79760742, 1192.56530762, 443.004516602, 229.208374023, 247.012649536, 246.783233643, 207.712371826, 171.568206787, 152.600921631, 175.801681519, 192.917236328, 184.202163696]
    },
    "mfcc_bands": {
        "mean": [5.38303424946e-07, 4.24221616413e-06, 1.80484275916e-05, 6.74130787957e-05, 0.000136269562063, 0.000122549710795, 7.20377720427e-05, 6.07970141573e-05, 8.33347512526e-05, 7.83882569522e-05, 0.000111251873022, 2.59372172877e-05, 1.57855101861e-05, 1.10580422188e-05, 7.77919467509e-06, 5.08562879986e-06, 1.82090377621e-06, 1.95778193302e-06, 1.42725582464e-06, 6.18798253527e-07, 1.37672941491e-06, 1.27163946217e-06, 8.07628055099e-07, 5.03331875734e-07, 3.74814334236e-07, 1.84537682912e-07, 1.19578189128e-07, 1.00189630814e-07, 3.62741054971e-08, 2.45340725513e-08, 3.65084740217e-09, 1.4710991314e-09, 4.83062922996e-10, 2.17189016771e-10, 5.79780390364e-11, 3.11400800979e-11, 8.14990783193e-12, 4.23209340836e-12, 2.55087530959e-12, 1.35299096145e-12],
        "var": [1.41300833881e-11, 3.457059361e-10, 2.69255640006e-09, 2.97082056733e-08, 9.93859217147e-08, 8.12407705553e-08, 2.52192755568e-08, 1.79966939129e-08, 4.12946938866e-08, 5.08424484735e-08, 1.02434121629e-07, 4.95979080029e-09, 4.14505496593e-09, 7.03853697548e-10, 1.02034469762e-09, 1.17236986785e-09, 1.91004555922e-11, 1.48764941338e-11, 9.88703476729e-12, 2.0880012129e-12, 1.78344058271e-11, 3.30241493873e-11, 5.38327021848e-12, 2.35478173419e-12, 1.62423058944e-12, 2.17459215782e-13, 1.2055684413e-13, 1.56276684302e-13, 1.87400737154e-14, 1.23474940396e-14, 1.75115737099e-16, 3.98704694845e-17, 5.71869455332e-18, 9.52680558487e-19, 8.770356928e-20, 5.35018836924e-20, 1.49295215548e-21, 3.69219392091e-22, 3.14229400379e-22, 9.70579874122e-23]
    }
}
}