{
"metadata": {
    "version": {
        "essentia": "2.1-dev"
    }
},
"lowlevel": {
    "mfcc": {
        "mean": [-830.605834961, 138.790267944, -78.5070037842, 11.8714256287, -9.1289768219, -39.9453353882, -22.6189231873, -5.20831823349, -8.28623104095, -17.9901828766, -6.93526792526, 3.77566576004, -3.01097083092],
        "var": [7333.94628906, 1007.56616211, 1272.13012695, 434.248901367, 466.959136963, 365.615997314, 311.261322021, 357.208190918, 169.251525879, 164.991409302, 95.618347168, 133.608963013, 97.5539474487]
    },
    "mfcc_bands": {
        "mean": [2.49846749512e-07, 1.5769953734e-06, 5.0445873967e-06, 1.00086863313e-05, 2.11495116673e-05, 2.32950351347e-05, 5.82577231398e-05, 6.21973667876e-05, 8.31855941215e-05, 2.543248047e-05, 1.33144976644e-05, 2.2472730052e-05, 1.19163323689e-05, 1.58838010975e-05, 1.31836395667e-05, 1.06021807369e-05, 9.05225897441e-06, 4.06822937293e-06, 5.36926108907e-06, 1.21429447972e-05, 4.12882363889e-05, 7.03665136825e-05, 3.71930836991e-05, 1.06403440441e-05, 2.84427574115e-06, 3.14288854497e-06, 2.28454223361e-06, 6.86682312789e-07, 2.96520624943e-07, 2.36363462136e-07, 7.42851185009e-08, 4.59046773926e-08, 3.92714945008e-08, 1.62259379266e-08, 9.42262889936e-09, 4.51721682282e-09, 2.49778686623e-09, 9.52658951725e-10, 5.458090091e-10, 2.17090526111e-10],
        "var": [4.46449545085e-13, 1.82349309263e-11, 7.44128716978e-11, 3.35541039398e-10, 2.67915578611e-09, 1.44410150504e-09, 1.47786511917e-08, 2.65349733297e-08, 6.18822539877e-08, 4.25040003194e-09, 6.55399290395e-10, 3.44273276554e-09, 1.14438136745e-09, 2.08838657478e-09, 9.46575484662e-10, 8.88092432927e-10, 1.46298784198e-09, 1.00220998167e-10, 1.83861065262e-10, 1.10372444517e-09, 8.15763989692e-09, 2.31059953393e-08, 6.34484198514e-09, 6.80622780358e-10, 4.2446827303e-11, 1.27240551429e-10, 4.83102446935e-11, 3.70696789237e-12, 1.04759376087e-12, 6.83630994695e-13, 3.83683800606e-14, 2.2591493563e-14, 4.04418963866e-14, 9.09910405215e-15, 2.60342860822e-15, 5.64677478902e-16, 8.20104777244e-17, 1.07322540304e-17, 3.12911114034e-18, 7.55803662785e-19]
    }
}
}