{
"metadata": {
    "version": {
        "essentia": "2.1-dev"
    }
},
"lowlevel": {
    "mfcc": {
        "mean": [-808.81048584, 112.102989197, -49.2242012024, 42.8788108826, -18.7844314575, -22.2884731293, -11.6643714905, -16.706735611, -0.275006741285, 3.54466509819, -6.66539764404, -8.7920217514, -15.9872808456],
        "var": [9084.09082031, 1397.83996582, 593.043457031, 245.973678589, 177.95324707, 150.642288208, 114.325218201, 133.327545166, 111.628921509, 123.004547119, 123.494506836, 173.471939087, 204.765350342]
    },
    "mfcc_bands": {
        "mean": [7.39688573503e-07, 1.23219442685e-05, 4.24099671363e-05, 2.1813377316e-05, 5.01032664033e-05, 2.93174089165e-05, 2.48211563303e-05, 5.19718087162e-05, 5.56076593057e-05, 4.85494419991e-05, 3.06747861032e-05, 2.90733078145e-05, 1.03745571778e-06, 5.31863804554e-07, 5.05272419105e-06, 4.05317177865e-06, 4.29648480349e-06, 1.2320395399e-05, 8.14894065115e-06, 6.46664284432e-06, 7.62635772844e-06, 9.7633110272e-06, 8.32924251881e-06, 4.1278358367e-06, 6.21375011178e-06, 3.89680553781e-06, 3.29772797159e-06, 3.57314502253e-06, 3.96980431105e-06, 9.48838192016e-07, 4.04999724424e-07, 1.23892988313e-07, 5.18674454497e-08, 3.95097927708e-08, 2.08627106701e-08, 1.13578666472e-08, 1.1637750319e-08, 6.32171559545e-09, 5.86265258562e-09, 2.89523582886e-09],
        "var": [1.64448771441e-12, 5.12256848051e-10, 1.03234301108e-08, 3.36054029049e-09, 1.30331557102e-07, 3.07068992456e-09, 3.14494719156e-09, 2.61965116266e-08, 2.01555057089e-08, 1.7366595273e-08, 8.43185166133e-09, 1.33740103436e-08, 3.39256248962e-12, 9.46531698506e-13, 1.92723059733e-10, 1.25838173215e-10, 1.40735353926e-10, 1.89845406062e-09, 5.20625820233e-10, 1.92853150116e-10, 8.44406600198e-10, 4.71451433448e-10, 5.02806130065e-10, 1.1451875559e-10, 2.35819974659e-10, 6.38595495928e-11, 4.10262136763e-11, 6.74686417845e-11, 1.31741215159e-10, 8.45714123732e-12, 1.19762327225e-12, 1.05396451928e-13, 9.24660552255e-15, 1.1011806091e-14, 1.03359915367e-14, 8.16011530231e-16, 8.89063675009e-16, 1.38105466267e-16, 1.76497525769e-16, 2.80566031841e-17]
    }
}
}