{
"metadata": {
    "version": {
        "essentia": "2.1-dev"
    }
},
"lowlevel": {
    "mfcc": {
        "mean": [-916.317993164, 117.50944519, -20.4469966888, 7.75063228607, -17.0899486542, -19.8890209198, -8.86259651184, -11.5152759552, -10.5876512527, -7.10514259338, -6.94544649124, -7.73746061325, -5.97456264496],
        "var": [16641.8125, 1547.85339355, 1817.39489746, 625.427001953, 208.268005371, 160.802719116, 150.054443359, 140.998596191, 113.322975159, 108.837081909, 115.131408691, 100.042419434, 108.863212585]
    },
    "mfcc_bands": {
        "mean": [8.8948326038e-07, 7.23338689568e-06, 1.57623107953e-05, 1.92791849258e-05, 1.94690001081e-05, 2.39403270825e-05, 2.67222312686e-05, 1.49247498484e-05, 1.07080904854e-05, 9.86924806057e-06, 7.1862882578e-06, 1.12421612357e-05, 3.78467666451e-06, 3.05899425257e-06, 3.2091538742e-06, 3.18270258504e-06, 1.55610177899e-06, 2.46309696195e-06, 2.05123001251e-06, 1.55114548761e-06, 1.67762243564e-06, 1.61108209795e-06, 2.09776703741e-06, 1.9907256501e-06, 1.69593499777e-06, 1.88820013136e-06, 1.2346567928e-06, 6.15421242856e-07, 3.99108728288e-07, 2.33058671029e-07, 1.31065149844e-07, 7.84774627505e-08, 3.4713298902e-08, 1.68051244032e-08, 8.6259159815e-09, 5.64595925567e-09, 3.70999608812e-09, 2.84092349645e-09, 2.01227345897e-09, 1.25520693839e-09],
        "var": [1.30312210675e-11, 5.91366788871e-10, 2.5161337458e-09, 2.69782129969e-09, 2.00048178023e-09, 6.31226892978e-09, 5.76989966916e-09, 1.46258460898e-09, 6.16186046631e-10, 7.21763371292e-10, 3.70340841327e-10, 8.88656648268e-10, 8.14851935926e-11, 6.23210719142e-11, 7.64474455961e-11, 8.00631158593e-11, 2.73536956974e-11, 5.30609063631e-11, 7.08137853911e-11, 1.96573486655e-11, 2.4249496508e-11, 2.23647749625e-11, 5.00106032975e-11, 8.53601425654e-11, 5.62074553567e-11, 5.80158421304e-11, 5.0358148207e-11, 2.73078911914e-12, 1.1821530083e-12, 5.26355055461e-13, 1.59711504547e-13, 5.86111088591e-14, 1.15800228971e-14, 2.73418720187e-15, 7.76869131887e-16, 3.71691186266e-16, 1.64839612792e-16, 1.00064085023e-16, 5.03252548774e-17, 2.12443986085e-17]
    }
}
}