{
"metadata": {
    "version": {
        "essentia": "2.1-dev"
    }
},
"lowlevel": {
    "mfcc": {
        "mean": [-923.803527832, 124.253318787, -39.181022644, -1.71341943741, -1.11779212952, -29.0042495728, -20.2816104889, -3.30212712288, -8.68127822876, -22.1153736115, -10.342792511, 2.78544068336, -3.83039140701],
        "var": [6147.46582031, 1624.74511719, 2140.70678711, 877.987243652, 692.773010254, 375.339935303, 585.128417969, 362.080169678, 153.920211792, 454.545135498, 220.476318359, 279.13192749, 286.684326172]
    },
    "mfcc_bands": {
        "mean": [4.98657222181e-08, 2.72502825283e-06, 1.55165580509e-05, 9.39667188504e-06, 1.10560749818e-05, 1.26718678075e-05, 1.5445128156e-05, 2.55518243648e-05, 1.6795405827e-05, 1.03768625195e-05, 8.36981416796e-06, 4.98866984344e-06, 1.5625033484e-05, 2.72056931863e-05, 1.33282765091e-05, 5.02014381709e-06, 3.18839943247e-06, 1.91422759599e-06, 1.00471368114e-06, 2.30870750784e-06, 7.74741783971e-06, 1.98620273295e-05, 1.15256698336e-05, 2.91858032142e-06, 5.72568296775e-07, 3.84263074693e-07, 2.47145209187e-07, 2.66695963091e-07, 1.14727960465e-07, 4.64507827758e-08, 1.8602749563e-08, 1.72589231795e-08, 1.30124391262e-08, 4.646203422e-09, 4.22871515582e-09, 4.26187263258e-09, 3.74974096218e-09, 2.76964473578e-09, 2.1005455153e-09, 7.72729880083e-10],
        "var": [3.40449680437e-14, 1.03652635086e-10, 2.56313659186e-09, 4.80964545968e-10, 2.37504771405e-09, 9.26478505026e-10, 2.65428790058e-09, 1.94560278999e-08, 9.3872900564e-09, 1.46022038905e-09, 1.03546482499e-09, 3.41418698868e-10, 6.09162542631e-09, 2.16555147148e-08, 3.6089444766e-09, 9.23399690045e-10, 3.29860583292e-10, 1.02313928163e-10, 1.57609220813e-11, 1.66158628523e-10, 4.40966818616e-10, 5.81791548271e-09, 1.89091875491e-09, 1.97972430116e-10, 4.31110615956e-12, 3.83934333978e-12, 2.61358924954e-12, 3.20307387384e-12, 4.29737490168e-13, 1.11135960732e-13, 1.24424947139e-14, 1.40943817557e-14, 2.20259144176e-14, 2.26871019834e-15, 1.93177616203e-15, 2.27388895778e-15, 2.87493379628e-15, 2.20883259227e-15, 1.58183942883e-15, 1.57066748777e-16]
    }
}
}