{
"metadata": {
    "version": {
        "essentia": "2.1-dev"
    }
},
"lowlevel": {
    "mfcc": {
        "mean": [-842.405090332, 147.18762207, -62.6588516235, 4.63652563095, -32.0022926331, -37.8845443726, -10.9955329895, -16.6625728607, -11.2129716873, -16.374578476, -15.5396213531, -10.8502960205, -6.07925748825],
        "var": [7725.86425781, 1288.01599121, 903.710754395, 342.118255615, 252.768707275, 200.062835693, 118.240104675, 173.940170288, 109.117912292, 113.407676697, 129.890029907, 135.066253662, 94.9649963379]
    },
    "mfcc_bands": {
        "mean": [1.39690754963e-07, 2.06846743822e-06, 7.76491870056e-05, 4.99928937643e-05, 3.68924229406e-05, 9.32421826292e-05, 0.000186507240869, 7.06653881934e-05, 2.64974405582e-05, 1.03016554931e-05, 2.71287281066e-05, 4.46775884484e-05, 2.84381112579e-05, 8.71409338288e-06, 3.93092750528e-06, 4.78734000353e-06, 3.53174436896e-06, 5.76135289521e-06, 4.56003908766e-06, 3.28434384755e-06, 2.4364883302e-06, 4.29935880675e-06, 2.4206397029e-06, 1.98778070626e-06, 1.7303933646e-06, 5.5646914916e-06, 2.2797676138e-06, 5.19307775448e-07, 4.66268659238e-07, 2.0492063868e-07, 6.2983708915e-08, 3.68352957025e-08, 1.44818530501e-08, 4.52907222837e-09, 1.77484482666e-09, 7.3369310627e-10, 4.52105991533e-10, 2.63093324904e-10, 1.7033353894e-10, 7.92592658172e-11],
        "var": [8.71616580994e-13, 9.06176869653e-11, 8.26429342737e-08, 1.8398859325e-08, 1.5584605606e-08, 5.61410580247e-08, 2.25478842708e-07, 4.82543889291e-08, 4.9722852502e-09, 3.54322793328e-10, 2.07671924102e-09, 5.27328181121e-09, 2.11777462233e-09, 3.75821679333e-10, 1.91756513446e-10, 1.26185173421e-10, 7.58836049553e-11, 2.91663637686e-10, 1.78485087821e-10, 2.01561642377e-10, 5.6022478323e-11, 2.01962918611e-10, 3.46069804757e-11, 1.62006796867e-11, 3.67217957431e-11, 1.60056501386e-09, 1.0588471766e-10, 2.64499056338e-12, 1.91652119522e-12, 2.93122405688e-13, 3.09018693338e-14, 1.35876883407e-14, 4.12838522184e-15, 2.93342332711e-16, 4.02378468643e-17, 4.94640151031e-18, 2.26905774986e-18, 6.42780599018e-19, 3.95631517244e-19, 9.27362265997e-20]
    }
}
}