{
"metadata": {
    "version": {
        "essentia": "2.1-dev"
    }
},
"lowlevel": {
    "mfcc": {
        "mean": [-890.829284668, 154.94631958, -18.589422226, 27.8672599792, -5.28762960434, -62.1017570496, -20.0742816925, 2.80283951759, -24.3439998627, -26.6359348297, -14.8019304276, -18.8202953339, -16.1328926086],
        "var": [7034.07714844, 2028.04541016, 1740.34191895, 466.208404541, 736.687683105, 733.077148438, 444.449035645, 405.106506348, 204.85017395, 205.638809204, 158.422164917, 136.241729736, 114.011543274]
    },
    "mfcc_bands": {
        "mean": [5.59595392247e-08, 2.78604829873e-06, 4.81714450871e-05, 0.000234606515733, 0.000217648979742, 6.35800097371e-05, 5.96702666371e-05, 2.33466944337e-05, 2.76019563898e-05, 4.77351641166e-05, 2.2767293558e-05, 3.54353614966e-05, 1.59444225574e-05, 5.04874560647e-06, 3.02326611745e-06, 1.54104372996e-06, 3.51340418092e-07, 2.78384561625e-07, 8.08363267879e-07, 1.92012112166e-06, 3.00306965073e-06, 5.07065715283e-06, 1.02058083939e-05, 1.18019061119e-05, 9.56438361754e-06, 2.26331826525e-06, 1.33665437829e-07, 4.67016434413e-08, 2.13405186855e-08, 1.37788545018e-08, 8.94007001762e-09, 4.70568117805e-09, 2.35086838885e-09, 1.65502556104e-09, 1.13172970995e-09, 1.1387744081e-09, 1.23570365052e-09, 6.73133104812e-10, 4.33370922481e-10, 2.67977751101e-10],
        "var": [5.62695421806e-15, 4.78953127159e-11, 5.62368684953e-09, 1.94213427562e-07, 4.89320939323e-07, 1.27016432927e-08, 2.08282298075e-08, 2.16175077838e-09, 3.25263016521e-09, 1.70138143574e-08, 4.99333330239e-09, 1.56459751821e-08, 2.31146901619e-09, 3.55344365044e-10, 2.03553271461e-10, 4.55045202907e-11, 2.51000240557e-12, 1.09141179167e-12, 7.99920980149e-12, 5.99237673371e-11, 1.02507814737e-10, 1.77730316575e-10, 8.11845202175e-10, 9.04891661602e-10, 8.36395286363e-10, 3.49684205203e-11, 1.0317099822e-13, 2.06143983855e-14, 1.38499390586e-14, 6.29774459646e-15, 1.03907988035e-15, 4.53332774524e-16, 2.67882216382e-16, 2.0278181839e-16, 6.18729245305e-17, 6.37720650425e-17, 5.87822138025e-17, 2.58534043139e-17, 1.56742536991e-17, 1.01609964819e-17]
    }
}
}