{
"metadata": {
    "version": {
        "essentia": "2.1-dev"
    }
},
"lowlevel": {
    "mfcc": {
        "mean": [-934.981689453, 151.699203491, -2.7330262661, 1.93045556545, -0.43933391571, -26.5385074615, -18.8100662231, -12.4113683701, -12.6208763123, -10.9558105469, -10.884478569, -10.9779891968, -10.0802936554],
        "var": [4280.03271484, 977.849853516, 1645.56713867, 315.638885498, 196.803985596, 288.376312256, 163.956832886, 138.972320557, 119.636558533, 90.4825363159, 103.249671936, 105.790496826, 112.74017334]
    },
    "mfcc_bands": {
        "mean": [5.49773517378e-07, 5.15682813784e-06, 2.24722771236e-05, 1.7614233002e-05, 2.23894876399e-05, 1.95525608433e-05, 1.10045521069e-05, 1.01447067209e-05, 6.84562974129e-06, 7.59696285968e-06, 2.68918165602e-06, 1.71973783836e-06, 1.48623223595e-06, 1.06252025489e-06, 5.75032231609e-07, 4.51856124073e-07, 3.09348166638e-07, 4.37178243828e-07, 5.70643351239e-07, 4.11556584368e-07, 2.21808221568e-07, 4.60337560071e-07, 1.76603805357e-07, 2.5145831728e-07, 1.38831524055e-07, 6.30639078736e-08, 3.02841378641e-08, 1.74861192193e-08, 7.71525776599e-09, 6.20258822082e-09, 2.55502619062e-09, 9.30617749528e-10, 3.72390535075e-10, 1.51774259827e-10, 7.03046579287e-11, 5.18512593972e-11, 2.71011754704e-11, 1.98419093655e-11, 2.56900247603e-11, 3.16532087e-12],
        "var": [2.83702553637e-12, 1.96216834447e-10, 3.80316045323e-09, 3.55702445276e-09, 1.47227352532e-09, 1.38679590034e-09, 7.48776707304e-10, 5.79935210965e-10, 2.36533154174e-10, 4.18673540281e-10, 8.50462547608e-11, 3.98421053094e-11, 7.70947403139e-11, 5.00505088763e-11, 3.48965582993e-12, 1.26535804404e-12, 1.02526700237e-12, 1.71389931327e-12, 9.52297962709e-12, 2.39282400318e-12, 7.61817692263e-13, 4.63602810655e-12, 2.6729418917e-13, 1.11027268108e-12, 2.48152870865e-13, 3.57271958058e-14, 8.23680841822e-15, 2.81678540796e-15, 5.02796851666e-16, 8.139424405e-16, 7.16607012559e-17, 1.09026995587e-17, 1.38628532686e-18, 2.69163330554e-19, 6.1749827596e-20, 3.86816376241e-20, 9.93173627949e-21, 6.31165949242e-21, 1.12797304852e-20, 2.00918063664e-22]
    }
}
}