{
"metadata": {
    "version": {
        "essentia": "2.1-dev"
    }
},
"lowlevel": {
    "mfcc": {
        "mean": [-928.688171387, 154.808959961, -0.159059464931, 2.8132982254, -4.12014961243, -23.83634758, -19.3123226166, -18.5610580444, -13.8483285904, -9.64505386353, -10.8299694061, -9.14967823029, -8.14123725891],
        "var": [7435.57421875, 1978.47229004, 1543.56066895, 334.57208252, 178.706726074, 224.380447388, 155.805755615, 148.169540405, 129.473632812, 96.6454620361, 121.034767151, 132.78755188, 112.322860718]
    },
    "mfcc_bands": {
        "mean": [5.68609664242e-07, 5.13506711286e-06, 5.55895167054e-05, 4.83222793264e-05, 6.3592378865e-05, 5.7235287386e-05, 4.14491587435e-05, 1.91330254893e-05, 2.23196584557e-05, 1.00345177998e-05, 5.93863433096e-06, 2.84069892587e-06, 1.58890861712e-06, 1.25704923448e-06, 1.39490884976e-06, 1.18597108667e-06, 4.84930296807e-07, 7.20365676443e-07, 6.1877153712e-07, 6.36657887298e-07, 5.74602040615e-07, 3.38085271778e-07, 2.55316194853e-07, 1.6071830089e-07, 1.53827627969e-07, 7.88845255784e-08, 6.65152981583e-08, 4.74147938689e-08, 2.28963994431e-08, 7.57206830571e-09, 3.59437746233e-09, 2.50166420912e-09, 1.21272158982e-09, 3.98356625464e-10, 2.09139983109e-10, 1.48891954321e-10, 6.56008095068e-11, 3.78902360876e-11, 4.54120317739e-11, 8.91618202881e-12],
        "var": [4.43233253919e-12, 2.2275496725e-10, 2.65363464536e-08, 8.94125751216e-09, 2.39928539258e-08, 1.88001774148e-08, 3.40885684125e-08, 3.0136981799e-09, 3.59782337256e-09, 6.92122248402e-10, 8.90165718914e-10, 2.12247955322e-10, 9.84148249006e-11, 3.52332815701e-11, 1.62119397767e-11, 1.13955581083e-11, 1.77866597319e-12, 3.57870504064e-12, 1.2878882856e-11, 2.76129011149e-12, 3.47298383628e-12, 2.24495986037e-12, 5.51210986577e-13, 2.49171831172e-13, 4.66077209379e-13, 7.77812059552e-14, 4.65786602539e-14, 5.29115291891e-14, 5.28024838615e-15, 8.33245897851e-16, 1.48214155983e-16, 5.82080445783e-17, 1.66575199845e-17, 1.8266501254e-18, 5.08395595932e-19, 2.73317379891e-19, 4.33202629353e-20, 1.57805866036e-20, 2.32973076924e-20, 1.01665384434e-21]
    }
}
}