{
"metadata": {
    "version": {
        "essentia": "2.1-dev"
    }
},
"lowlevel": {
    "mfcc": {
        "mean": [-882.057373047, 159.162994385, -28.6456775665, 4.09281110764, -12.0551548004, -30.030412674, -14.7435703278, -15.9234189987, -9.85812282562, -7.64028263092, -11.06645298, -6.87411785126, -5.18372964859],
        "var": [7553.00146484, 1462.4609375, 1482.61816406, 369.026367188, 235.330688477, 219.423950195, 149.228729248, 124.193878174, 111.558044434, 94.1689376831, 101.106582642, 100.786895752, 96.5058822632]
    },
    "mfcc_bands": {
        "mean": [3.68687977925e-07, 4.98795361636e-06, 2.3158669137e-05, 3.81405588996e-05, 2.7808953746e-05, 3.96600153181e-05, 4.9786434829e-05, 3.96232208004e-05, 2.73686018772e-05, 2.04496318474e-05, 1.22362880575e-05, 2.52550926234e-05, 1.50693122123e-05, 6.33117315374e-06, 3.44595264323e-06, 3.29903059537e-06, 4.38681354353e-06, 2.08608275898e-06, 2.63869901573e-06, 2.07613834391e-06, 2.35588072428e-06, 2.43105432673e-06, 1.75608738573e-06, 8.84563917225e-07, 7.72092505485e-07, 6.48451020879e-07, 6.93186052558e-07, 5.10949234922e-07, 1.64896775345e-07, 8.08645168604e-08, 3.4408220273e-08, 1.82029751272e-08, 6.39531139157e-09, 2.31194730027e-09, 8.51134829283e-10, 4.98196317533e-10, 2.54107845876e-10, 1.66069102914e-10, 1.30768729178e-10, 2.01289696716e-11],
        "var": [1.2544767742e-12, 1.47541520668e-10, 2.40959363573e-09, 1.36369671111e-08, 2.81576650885e-09, 5.10130471199e-09, 9.47287404074e-09, 6.84551171304e-09, 3.41881767341e-09, 3.85256049285e-09, 1.29950183947e-09, 1.66035594162e-08, 5.31246158175e-09, 8.67865834753e-10, 2.0449446303e-10, 1.8078978592e-10, 8.63362159542e-10, 8.43686231988e-11, 2.19159052017e-10, 9.13188205609e-11, 1.9123053141e-10, 4.75262385002e-10, 1.62364885425e-10, 1.20314504887e-11, 1.48781091613e-11, 1.04332965878e-11, 1.27586656518e-11, 3.42552167187e-11, 6.92737046112e-13, 1.95854088698e-13, 2.65465495858e-14, 7.26640088703e-15, 8.12657915035e-16, 1.64978407082e-16, 1.61334927946e-17, 7.31256695536e-18, 1.01633562214e-18, 6.27712780377e-19, 3.80949604209e-19, 1.89071386798e-20]
    }
}
}