{
"metadata": {
    "version": {
        "essentia": "2.1-dev"
    }
},
"lowlevel": {
    "mfcc": {
        "mean": [-993.301452637, 115.867988586, -4.59647893906, -27.0065250397, -23.7235145569, -26.1646671295, -20.8055171967, -17.8300266266, -11.5693798065, -7.98570299149, -9.38372135162, -3.0958147049, -0.316266864538],
        "var": [1765.65454102, 786.327453613, 621.087158203, 264.188415527, 222.077163696, 169.409896851, 125.607269287, 132.150115967, 128.786239624, 115.897476196, 120.202705383, 117.540367126, 116.762168884]
    },
    "mfcc_bands": {
        "mean": [1.28329640248e-08, 4.09814191471e-08, 2.96642383546e-07, 1.10313339974e-06, 2.0290538032e-06, 2.56369980889e-06, 2.95567110697e-06, 2.33255332205e-06, 2.36345317717e-06, 2.27068017011e-06, 6.4146644263e-07, 1.14051715627e-06, 6.82104314365e-07, 3.15271279305e-07, 2.41230793563e-07, 2.22046963927e-07, 9.7730534776e-08, 1.05327409017e-07, 1.00408790615e-07, 1.03370993543e-07, 4.86562683477e-08, 5.86535939817e-08, 4.85987392551e-08, 9.46393718948e-09, 7.5413488787e-09, 4.94470508983e-09, 6.51725606815e-09, 8.85694362296e-09, 2.32731389715e-09, 8.56809678762e-10, 8.72072858371e-10, 3.19062498644e-10, 1.70560149337e-10, 1.20334478493e-10, 4.68653726937e-11, 2.11674618805e-11, 1.94288734406e-11, 1.10087390592e-11, 9.06250421928e-12, 9.5610552895e-13],
        "var": [1.47761604808e-15, 7.3902803026e-15, 6.70710232145e-13, 1.32824064247e-11, 9.23667392572e-12, 1.43410639267e-11, 2.55924812592e-11, 1.81945847277e-11, 1.59700898339e-11, 1.66288805642e-11, 2.33077142656e-12, 1.26566084002e-11, 3.32117167968e-12, 5.5697184061e-13, 2.29110133643e-13, 3.59958726237e-13, 1.33519416226e-13, 5.58667390506e-14, 3.98147870738e-14, 5.28679273211e-14, 8.01460677338e-14, 3.29559682766e-14, 5.17615091685e-14, 7.36028856e-16, 2.01094330236e-16, 1.25158408849e-16, 2.04317674412e-16, 3.51132531966e-16, 2.55098944035e-17, 3.6271336329e-18, 2.58207199263e-18, 4.32465585578e-19, 1.01322413057e-19, 5.25965312808e-20, 7.82798252942e-21, 1.47986034611e-21, 1.09644345197e-21, 4.3409412649e-22, 3.39810708031e-22, 6.36247953383e-24]
    }
}
}