{
"metadata": {
    "version": {
        "essentia": "2.1-dev"
    }
},
"lowlevel": {
    "mfcc": {
        "mean": [-847.975830078, 166.492034912, -43.7910079956, 3.27221250534, -19.0492095947, -28.0351905823, -9.34235572815, -16.1641960144, -8.3660736084, -8.02191352844, -10.2475814819, -4.70774078369, -1.67600893974],
        "var": [9502.48828125, 1901.35388184, 779.145202637, 789.929382324, 269.585418701, 172.11605835, 123.709442139, 135.787063599, 92.8690032959, 93.3797683716, 101.378356934, 78.7168273926, 78.9117660522]
    },
    "mfcc_bands": {
        "mean": [1.64037385275e-06, 8.41555902298e-06, 2.29570960073e-05, 6.69155197102e-05, 8.88472350198e-05, 0.000104194994492, 7.41303301766e-05, 7.95497253421e-05, 5.12392725796e-05, 3.92129804823e-05, 2.22945072892e-05, 3.52549504896e-05, 1.01230361906e-05, 9.68692711467e-06, 8.17376985651e-06, 5.09899655299e-06, 2.93711286758e-06, 2.47778962148e-06, 2.39951509684e-06, 3.11466919811e-06, 1.99619876184e-06, 1.49850086473e-06, 2.04176831176e-06, 9.84290863926e-07, 1.17014212719e-06, 8.54436507325e-07, 6.75551291351e-07, 6.49230287308e-07, 2.15800653791e-07, 9.91651987192e-08, 4.49760904075e-08, 2.37026469563e-08, 7.4697483754e-09, 3.39561045948e-09, 1.22380039436e-09, 5.52714041202e-10, 3.33730626467e-10, 2.72653316591e-10, 1.49785045478e-10, 1.89940788792e-11],
        "var": [1.70322072418e-11, 4.67176408669e-10, 2.31061259015e-09, 2.54841356906e-08, 2.71215103709e-08, 3.80660836186e-08, 2.77953215999e-08, 2.80033969347e-08, 7.64874830139e-09, 1.13627649512e-08, 1.50648959973e-09, 7.67901209286e-09, 6.39479635911e-10, 2.48951942394e-10, 3.63598345876e-10, 2.52352139185e-10, 4.33670460653e-11, 1.97272163882e-11, 1.32695764099e-11, 5.73183306374e-11, 2.51795147233e-11, 8.78349129541e-12, 3.18370919905e-11, 5.5763666254e-12, 2.11680777074e-11, 5.08712039507e-12, 3.92591601589e-12, 3.73791015501e-12, 3.73651467839e-13, 6.10124946984e-14, 1.7990781594e-14, 8.45132459431e-15, 7.86632615972e-16, 2.83545761401e-16, 2.47148944255e-17, 8.04932101053e-18, 2.33054642749e-18, 1.19478887916e-18, 3.16959661654e-19, 7.14186529188e-21]
    }
}
}