{
"metadata": {
    "version": {
        "essentia": "2.1-dev"
    }
},
"lowlevel": {
    "mfcc": {
        "mean": [-846.122192383, 137.157180786, -65.8485794067, 17.1983947754, -15.0239057541, -26.2083301544, -6.5196223259, -12.8726091385, -8.77519702911, -13.7201414108, -12.6034879684, -8.90311145782, -8.12949466705],
        "var": [5301.07275391, 934.425964355, 1388.89770508, 560.991516113, 252.452362061, 216.492767334, 180.93661499, 176.821472168, 133.592285156, 210.201965332, 236.845474243, 207.392578125, 219.492462158]
    },
    "mfcc_bands": {
        "mean": [6.25094969564e-07, 4.91672244607e-06, 2.41379475483e-05, 3.14296958095e-05, 4.26234255428e-05, 2.43673111981e-05, 1.65634119185e-05, 1.65098226717e-05, 1.40232114063e-05, 1.26837021526e-05, 1.72232848854e-05, 1.32388013299e-05, 1.02505546238e-05, 2.38606862695e-05, 2.06215208891e-05, 4.99856969327e-06, 5.79955803914e-06, 4.89315425511e-06, 4.1331832108e-06, 6.85832446834e-06, 1.28181345644e-05, 1.6506157408e-05, 6.92507683198e-06, 5.18362776347e-06, 6.1173436734e-06, 9.0295316113e-06, 4.39018458565e-06, 2.64472510025e-06, 1.38020106988e-06, 3.95651113649e-07, 2.28956537285e-07, 8.75242704979e-08, 2.7356618304e-08, 1.17746479233e-08, 3.09407965915e-09, 1.03141506447e-09, 5.61417745626e-10, 2.26706445283e-10, 1.43139070041e-10, 6.32391916611e-11],
        "var": [1.07161198318e-11, 4.62501204002e-10, 4.44621628404e-09, 4.51697212966e-09, 1.91329583288e-08, 2.04630001832e-09, 1.22381882406e-09, 1.23971377608e-09, 6.90008772342e-10, 6.88993140319e-10, 1.23898780124e-09, 6.69784949725e-10, 5.89372994853e-10, 9.4347809565e-09, 5.28648058662e-09, 2.18435866617e-10, 1.65151461951e-10, 1.85841134148e-10, 1.57760443598e-10, 4.41886999214e-10, 1.36426980824e-09, 5.54438850386e-09, 6.22074836087e-10, 3.94982407892e-10, 4.53719589677e-10, 1.67359570646e-09, 2.79692213834e-10, 1.09687377237e-10, 3.20000762e-11, 3.43480083785e-12, 1.03541318314e-12, 1.16593150065e-13, 8.50372967572e-15, 2.08175965073e-15, 1.42777091199e-16, 9.67623803728e-18, 4.29559896541e-18, 4.70474844918e-19, 2.1480815513e-19, 2.91185379389e-20]
    }
}
}