{
"metadata": {
    "version": {
        "essentia": "2.1-dev"
    }
},
"lowlevel": {
    "mfcc": {
        "mean": [-965.110168457, 119.652656555, -14.9689216614, -4.16360425949, -6.82519006729, -28.2616405487, -22.1257820129, -19.08244133, -18.5245132446, -16.0872402191, -16.3517169952, -13.85135746, -10.5396718979],
        "var": [4516.49365234, 948.798339844, 1048.27819824, 375.384918213, 178.209960938, 189.256744385, 162.133728027, 159.370910645, 136.966094971, 121.128234863, 127.993202209, 123.572570801, 122.481613159]
    },
    "mfcc_bands": {
        "mean": [1.33879865416e-07, 2.69188331004e-06, 3.89894785258e-06, 9.02576448425e-06, 2.24406703637e-05, 2.75640995824e-05, 4.87123588755e-06, 3.20038566315e-06, 4.10710390497e-06, 2.27428904509e-06, 2.29949750974e-06, 1.41577936574e-06, 6.73391809869e-07, 7.08956008566e-07, 5.55691258342e-07, 5.23043297562e-07, 3.06266400685e-07, 4.54147254914e-07, 2.23037417868e-07, 3.3445192571e-07, 2.81330585494e-07, 2.23689326617e-07, 1.89882825907e-07, 1.31906489287e-07, 9.73261009563e-08, 7.23726998331e-08, 5.13223987753e-08, 3.33300818056e-08, 2.01279650724e-08, 7.29649185516e-09, 2.35670305493e-09, 1.69559200014e-09, 1.1195143701e-09, 4.91110985212e-10, 1.33379085554e-10, 8.43537878437e-11, 6.61587243322e-11, 3.12564800431e-11, 2.1179854745e-11, 5.68592265285e-12],
        "var": [7.21376246498e-13, 5.17211384832e-10, 1.23306781452e-10, 6.5590394227e-10, 7.0251013895e-09, 7.08412306594e-09, 2.04944880511e-10, 1.7052036172e-10, 2.62027705089e-10, 7.29061741533e-11, 4.44160437596e-11, 1.87029749327e-11, 9.84716995445e-12, 6.20014152866e-12, 4.51889871009e-12, 3.19276658063e-12, 8.99583630243e-13, 2.36083917173e-12, 4.98683722355e-13, 1.20848394226e-12, 9.94564348412e-13, 3.69410963407e-13, 2.91670686084e-13, 1.9299918109e-13, 1.26569612538e-13, 6.23446810128e-14, 4.80761840115e-14, 1.05776441073e-14, 3.84521321373e-15, 1.01671672824e-15, 1.12725937182e-16, 5.6747607576e-17, 1.82224480961e-17, 4.46778115941e-18, 2.70532857305e-19, 8.7198556129e-20, 6.9564170531e-20, 1.23759693635e-20, 9.79276347423e-21, 2.06132762413e-21]
    }
}
}