{
"metadata": {
    "version": {
        "essentia": "2.1-dev"
    }
},
"lowlevel": {
    "mfcc": {
        "mean": [-935.135559082, 203.253631592, 54.307056427, -21.6705265045, -31.9436378479, -31.5877513885, -28.4518146515, -21.4176979065, -15.6200532913, -10.2753620148, -8.36008453369, -10.7735214233, -10.3978157043],
        "var": [1938.58056641, 1130.33557129, 630.516906738, 359.938934326, 180.34954834, 123.111778259, 134.297744751, 100.102127075, 87.2692947388, 115.770210266, 136.336273193, 93.8262023926, 110.125350952]
    },
    "mfcc_bands": {
        "mean": [6.68399025017e-07, 6.06782896284e-06, 6.76229683449e-05, 9.07919020392e-05, 0.000164253724506, 0.000146575010149, 0.000219226392801, 0.000337389967171, 0.000119487129268, 9.79940450634e-05, 6.87519132043e-05, 1.04588216345e-05, 1.7858993715e-06, 7.83241148383e-07, 8.47737112508e-07, 3.92784045289e-07, 4.08565426824e-07, 1.71528782289e-07, 1.20090888345e-07, 5.10273103771e-08, 3.33518492823e-08, 1.29362058843e-08, 8.22670020995e-09, 9.73130909188e-09, 4.22853752013e-09, 3.29908655949e-09, 1.09465569942e-09, 6.63019861236e-10, 2.48359249833e-10, 1.74210132431e-10, 6.13675429917e-11, 3.57277506191e-11, 1.30815809574e-11, 7.19275854155e-12, 3.91510998968e-12, 2.45412999818e-12, 1.8949429699e-12, 1.81640368978e-12, 1.99167570457e-12, 1.84550703712e-12],
        "var": [3.33583421303e-12, 1.030725158e-10, 7.60781038167e-09, 2.08526618195e-08, 2.43979911829e-07, 3.52466855702e-08, 1.60536828275e-07, 9.63312231761e-07, 8.67277094585e-08, 1.41608865079e-07, 1.18776178226e-07, 2.87688384226e-09, 1.94966213313e-11, 2.04976279006e-11, 1.08354237041e-11, 9.0949318389e-13, 1.26827064476e-12, 3.58756915234e-13, 7.76137563507e-13, 4.65439014099e-14, 8.76172828816e-15, 1.94942769338e-15, 1.87769988462e-15, 1.06782119056e-15, 1.38082080217e-16, 1.95360023062e-16, 1.16461736292e-17, 1.63612884092e-17, 3.09843680168e-18, 1.97925398827e-18, 3.41001523986e-20, 2.28796622624e-20, 1.05458150673e-22, 2.24169435923e-23, 5.52006483391e-24, 1.1814853594e-24, 5.81663827452e-25, 3.37015726118e-25, 3.18564170937e-25, 2.56144615039e-25]
    }
}
}