{
"metadata": {
    "version": {
        "essentia": "2.1-dev"
    }
},
"lowlevel": {
    "mfcc": {
        "mean": [-857.306335449, 119.366195679, -56.0201873779, 28.5518474579, -21.287279129, -29.2433929443, -8.01005077362, -14.7593259811, -7.00805950165, -4.91687870026, -8.01822090149, -4.61392974854, 0.0902802348137],
        "var": [5879.16992188, 1733.79003906, 1196.82080078, 580.227600098, 408.967346191, 337.341003418, 164.975036621, 157.930862427, 145.950881958, 156.501541138, 153.250839233, 164.126403809, 204.141174316]
    },
    "mfcc_bands": {
        "mean": [6.6483852379e-07, 7.25686368241e-06, 2.58452510025e-05, 2.43043668888e-05, 2.78366296698e-05, 2.09726549656e-05, 2.95235404337e-05, 2.01393304451e-05, 1.04845566966e-05, 8.99135193322e-06, 6.44428746455e-06, 1.07585756268e-05, 4.27714803664e-06, 2.56109456132e-06, 5.18902015756e-06, 6.05736204307e-06, 2.47960360866e-06, 2.8010567803e-06, 3.09739402837e-06, 2.48350943366e-06, 3.87999625673e-06, 2.65323205895e-06, 4.63025253339e-06, 2.72560328085e-06, 2.59434796135e-06, 2.96381699627e-06, 3.64023253496e-06, 1.51292840656e-06, 6.85096892994e-07, 3.7676932152e-07, 2.54171709457e-07, 1.4615771704e-07, 2.81884062758e-08, 1.39322313686e-08, 8.07850675244e-09, 3.28208393796e-09, 1.61804236676e-09, 9.69659463834e-10, 7.06619929236e-10, 3.69106079035e-10],
        "var": [2.10833477413e-12, 5.62094315537e-10, 1.61033213431e-08, 1.51075436605e-08, 1.57412110013e-08, 3.97125665685e-09, 4.37642366791e-09, 2.38156849797e-09, 3.99013988517e-10, 6.55836107644e-10, 3.65216440423e-10, 1.64092528454e-09, 2.39587738537e-10, 6.96436450176e-11, 2.71025202281e-10, 3.7461897473e-10, 1.34148067654e-10, 1.23287741127e-10, 1.14179686539e-10, 5.23925312856e-11, 1.64266142355e-10, 1.48267759181e-10, 4.22958196244e-10, 1.55209942121e-10, 1.4859316555e-10, 1.07204412014e-10, 2.13692868956e-10, 3.76017238179e-11, 1.36641366624e-11, 3.9749965472e-12, 1.54334162637e-12, 7.9326210314e-13, 1.13804263593e-14, 2.54321007138e-15, 2.12384469447e-15, 2.04744155501e-16, 3.6104991135e-17, 1.00873377027e-17, 5.39073108892e-18, 9.68373001888e-19]
    }
}
}