{
"metadata": {
    "version": {
        "essentia": "2.1-dev"
    }
},
"lowlevel": {
    "mfcc": {
        "mean": [-846.099365234, 150.820053101, -23.7911720276, 36.8477554321, -8.69206809998, -20.2525558472, -4.28245401382, -13.2564020157, -9.93742179871, -6.38973140717, -8.09942817688, -7.60547685623, -6.56871318817],
        "var": [6905.64257812, 871.798217773, 1260.93469238, 541.996276855, 235.416564941, 112.106063843, 98.1196060181, 74.3360748291, 72.6572265625, 70.2937240601, 99.1093521118, 65.069190979, 53.2183647156]
    },
    "mfcc_bands": {
        "mean": [1.57959755143e-06, 3.064374323e-05, 4.40815965703e-05, 6.17647237959e-05, 7.37944646971e-05, 3.38864592777e-05, 1.6710613636e-05, 1.68045280589e-05, 1.64204757311e-05, 5.81915492148e-06, 4.93484822073e-06, 3.94832841266e-06, 2.86014824269e-06, 1.72313548319e-06, 2.48577271122e-06, 2.14667534237e-06, 2.25775397666e-06, 2.45979231295e-06, 3.89004071621e-06, 2.17305228034e-06, 3.07679670186e-06, 3.31641058438e-06, 2.01573811864e-06, 2.79407640846e-06, 5.1333868214e-06, 4.16298325945e-06, 3.28710689246e-06, 1.16742785394e-06, 9.9249541563e-07, 1.07834068785e-06, 2.20827715225e-07, 2.00987386734e-07, 1.90913610254e-07, 4.62968294812e-08, 3.22253903562e-08, 1.49767735991e-08, 8.13679612577e-09, 5.78185854749e-09, 4.27854152107e-09, 1.83357939942e-09],
        "var": [1.41876649318e-11, 3.89744503337e-09, 1.15324443328e-08, 1.14819664887e-08, 1.82041155483e-08, 3.45237372024e-09, 8.91105023104e-10, 8.12302280995e-10, 9.55028389704e-10, 1.22361024091e-10, 3.42610911863e-10, 5.66822942749e-11, 4.60157467685e-11, 1.32761163174e-11, 2.98557151224e-11, 2.1825768623e-11, 8.33479951723e-11, 1.40903871904e-10, 3.82615800154e-10, 5.85204315562e-11, 2.2221784135e-10, 2.06661993074e-10, 4.97032554003e-11, 6.45204722982e-10, 1.42142053683e-09, 6.47545350674e-10, 2.06399244917e-10, 2.1925244606e-11, 1.24488336306e-10, 3.97245153438e-11, 8.73633088615e-13, 1.0758975091e-12, 2.46697562552e-12, 6.83894266088e-14, 3.76675822695e-14, 7.54535763568e-15, 1.89858051732e-15, 1.51381654218e-15, 7.14823650863e-16, 2.04054180991e-16]
    }
}
}