{
"metadata": {
    "version": {
        "essentia": "2.1-dev"
    }
},
"lowlevel": {
    "mfcc": {
        "mean": [-841.27142334, 137.211929321, -46.4856452942, 16.5339279175, -14.8372545242, -22.1800327301, -12.4691123962, -13.2570238113, -13.8659152985, -9.22494602203, -6.41035985947, -5.87451219559, -5.09028768539],
        "var": [17310.4414062, 1521.10412598, 1277.7779541, 504.546691895, 411.138092041, 199.582351685, 135.054260254, 157.99937439, 155.530181885, 105.423316956, 95.7362136841, 108.875083923, 127.688308716]
    },
    "mfcc_bands": {
        "mean": [2.41450766225e-06, 1.10384671643e-05, 4.64685654151e-05, 6.07090951235e-05, 5.00381102029e-05, 7.01491371728e-05, 6.97310024407e-05, 0.000100396042399, 3.38892568834e-05, 3.91019384551e-05, 4.53277971246e-05, 1.27861603687e-05, 2.03753297683e-05, 1.67529633472e-05, 8.90079627425e-06, 9.57999782258e-06, 1.43069501064e-05, 4.23842175223e-06, 5.72089038542e-06, 5.78694425712e-06, 9.48651086219e-06, 6.59957095195e-06, 4.70569329991e-06, 6.06928551861e-06, 5.7335873862e-06, 4.01146371587e-06, 2.81720008388e-06, 1.59571470704e-06, 7.93578522007e-07, 5.28023065272e-07, 2.05102011819e-07, 1.19176974067e-07, 7.5897133911e-08, 2.20410854013e-08, 1.23045147404e-08, 7.00778590712e-09, 4.41381953209e-09, 2.3986697073e-09, 2.11160777752e-09, 1.44331946395e-09],
        "var": [4.47749649857e-11, 6.3212524104e-10, 1.04350350583e-08, 1.08045536962e-08, 6.68959998507e-09, 1.5335475112e-08, 2.06852277529e-08, 5.61396156229e-08, 3.81661902082e-09, 7.31474614213e-09, 1.26327002192e-08, 9.43528810637e-10, 1.81287918011e-09, 1.89017668184e-09, 4.03506783542e-10, 3.96570470906e-10, 1.27028876307e-09, 8.59021187516e-11, 1.62839478013e-10, 1.62688473804e-10, 4.2909842346e-10, 2.33450814235e-10, 1.25134916318e-10, 2.09948475272e-10, 1.51339649146e-10, 1.32444430423e-10, 4.7093544342e-11, 9.23940438047e-12, 3.3706362354e-12, 1.84122855851e-12, 2.15043789525e-13, 7.16741729444e-14, 4.44269661749e-14, 2.63645421107e-15, 1.16177143809e-15, 3.55763684605e-16, 2.22882558738e-16, 5.80161783809e-17, 5.94533153597e-17, 3.61764297614e-17]
    }
}
}