{
"metadata": {
    "version": {
        "essentia": "2.1-dev"
    }
},
"lowlevel": {
    "mfcc": {
        "mean": [-756.185668945, 129.772537231, -81.1160736084, 42.510848999, -25.3415908813, -30.066696167, -17.3229885101, -17.5212535858, -18.1506786346, -17.4609146118, -10.3906269073, -9.19512939453, -4.19291496277],
        "var": [6279.69873047, 1079.38720703, 648.173278809, 372.985778809, 212.098846436, 259.402038574, 174.061676025, 150.54145813, 214.563858032, 176.509750366, 112.085479736, 137.892791748, 155.966384888]
    },
    "mfcc_bands": {
        "mean": [3.35604954671e-06, 2.56891416939e-05, 5.46002484043e-05, 0.000109665415948, 0.000148349135998, 0.000217247565161, 0.000163852411788, 0.000111747489427, 3.97574731323e-05, 3.13874479616e-05, 2.73260884569e-05, 1.89676175069e-05, 4.35467882198e-05, 2.36060623138e-05, 1.10005366878e-05, 8.38740197651e-06, 1.15632901725e-05, 1.02451649582e-05, 1.13990827231e-05, 1.61542175192e-05, 2.23125298362e-05, 2.14138308365e-05, 3.43511892424e-05, 2.29998622672e-05, 2.15638156078e-05, 1.68589740497e-05, 8.29745567898e-06, 4.52389895145e-06, 2.20256742978e-06, 1.03387139916e-06, 4.46344074589e-07, 2.24649028269e-07, 1.01682445575e-07, 3.71075437045e-08, 1.92018738687e-08, 8.35087554663e-09, 3.96699428862e-09, 3.24389026751e-09, 2.42065567591e-09, 1.39846667579e-09],
        "var": [1.35481931229e-10, 4.74869565892e-09, 1.05723803046e-08, 4.98866654652e-08, 7.22370288031e-08, 2.00389081328e-07, 5.72179779113e-08, 6.76926532606e-08, 6.69888144955e-09, 5.73438141416e-09, 2.80928991181e-09, 1.97422211912e-09, 1.31078534693e-08, 2.87621726436e-09, 4.46479631044e-10, 2.88964102646e-10, 3.94281135518e-10, 3.68189478905e-10, 5.43240785689e-10, 8.62733107176e-10, 2.3018893458e-09, 1.25746246749e-09, 6.69327082647e-09, 2.10643436027e-09, 1.81315051861e-09, 1.04599373607e-09, 2.62164401299e-10, 7.20131662635e-11, 1.87319344064e-11, 3.67364298703e-12, 6.37712539026e-13, 1.52009874414e-13, 3.61777597354e-14, 5.52612087492e-15, 1.39070570313e-15, 2.83619400328e-16, 4.59883899392e-17, 3.00112872199e-17, 1.39224770676e-17, 4.73680097413e-18]
    }
}
}