{
"metadata": {
    "version": {
        "essentia": "2.1-dev"
    }
},
"lowlevel": {
    "mfcc": {
        "mean": [-876.610839844, 129.78163147, -55.9616394043, -6.77613162994, -29.8289680481, -33.3527297974, -17.2545318604, -17.9033222198, -15.2712583542, -11.7902555466, -9.69223594666, -8.42592716217, -5.88894796371],
        "var": [9273.10839844, 2936.25952148, 2958.17797852, 681.24206543, 374.673400879, 233.280258179, 188.649368286, 187.957046509, 152.971176147, 126.059364319, 144.449554443, 140.802856445, 153.168395996]
    },
    "mfcc_bands": {
        "mean": [3.07398323685e-07, 3.62152195521e-06, 1.48178478412e-05, 2.93942757708e-05, 5.21260335518e-05, 6.60176592646e-05, 4.66952660645e-05, 3.7001191231e-05, 3.08854578179e-05, 3.06582878693e-05, 2.24250416068e-05, 1.56997557497e-05, 1.18054695122e-05, 6.66426831231e-06, 5.55301267013e-06, 8.60290947458e-06, 6.04098522672e-06, 4.41371594206e-06, 4.29299279858e-06, 5.2042300922e-06, 4.54711653219e-06, 2.91736319014e-06, 4.18099534727e-06, 4.25314829045e-06, 2.91402557195e-06, 2.96715825243e-06, 2.46983518082e-06, 1.04692139757e-06, 6.87501596985e-07, 3.40763932627e-07, 1.86989140616e-07, 9.41431750334e-08, 5.72164431389e-08, 2.54203254002e-08, 1.00048094254e-08, 5.11563591488e-09, 2.91710455791e-09, 1.7057131263e-09, 1.23715460099e-09, 1.9065370116e-10],
        "var": [1.42149638414e-12, 3.68681418728e-10, 2.84269829898e-09, 7.24990156797e-09, 1.88609412533e-08, 2.85415904244e-08, 1.0862905242e-08, 1.11439204531e-08, 1.58025859065e-08, 1.11142961501e-08, 3.67536800994e-09, 1.44604417329e-09, 7.49361295238e-10, 3.88107795901e-10, 2.14349149541e-10, 4.45305875507e-10, 4.35808472643e-10, 3.153275141e-10, 2.98818692013e-10, 2.52886739327e-10, 1.45965031728e-10, 1.3447876146e-10, 2.11679035411e-10, 1.71487213318e-10, 1.05306235954e-10, 3.61601665277e-10, 9.14384887252e-11, 1.96543805536e-11, 1.74754603149e-11, 2.42946548296e-12, 1.16684992831e-12, 1.87465277676e-13, 2.86331613801e-13, 2.72865107923e-14, 4.25887784715e-15, 1.72328641361e-15, 8.55442978569e-16, 2.96765457548e-16, 3.01047553204e-16, 1.33091375326e-17]
    }
}
}