{
"metadata": {
    "version": {
        "essentia": "2.1-dev"
    }
},
"lowlevel": {
    "mfcc": {
        "mean": [-923.253662109, 111.490119934, -31.0234851837, 17.8223991394, -12.0492353439, -22.092792511, -4.94281578064, -9.02425098419, -5.89784526825, -4.19885826111, -8.85763168335, -7.33397293091, -1.4009039402],
        "var": [8775.39648438, 1940.5057373, 2016.83630371, 840.477416992, 458.793304443, 389.604156494, 259.349700928, 246.287216187, 223.371795654, 237.097213745, 262.147796631, 279.984466553, 255.974624634]
    },
    "mfcc_bands": {
        "mean": [1.03920410766e-06, 7.08714787834e-06, 9.34844410949e-06, 1.18232028399e-05, 1.49219622472e-05, 1.20382946989e-05, 1.2982581211e-05, 1.15062648547e-05, 9.61165824265e-06, 5.41197732673e-06, 4.46373360319e-06, 5.12463157065e-06, 3.74753426513e-06, 2.82052064904e-06, 2.75537126981e-06, 1.42240730838e-06, 1.70918076492e-06, 3.2058319448e-06, 2.88643946078e-06, 1.83063446002e-06, 1.86789054624e-06, 2.68515009338e-06, 2.05934838959e-06, 9.85102929008e-07, 1.45603166857e-06, 2.61988930106e-06, 1.71138071892e-06, 8.38208165987e-07, 4.28863700108e-07, 1.34723435963e-07, 8.22231314146e-08, 3.28741407429e-08, 3.99287429786e-08, 1.16389147209e-08, 3.49403728173e-09, 1.54162738131e-09, 8.80516215496e-10, 1.54401513797e-09, 6.43285757995e-10, 1.3192169579e-10],
        "var": [1.52675892762e-11, 7.24017901188e-10, 8.74460170941e-10, 1.28588539816e-09, 3.32112604085e-09, 1.65677438435e-09, 2.60149901621e-09, 1.55266555169e-09, 1.06257158627e-09, 2.83178203109e-10, 2.17508983047e-10, 3.47911782717e-10, 1.47098111469e-10, 1.10385492413e-10, 1.33414668202e-10, 3.94886137678e-11, 5.59024215807e-11, 3.46552953001e-10, 1.84378207146e-10, 6.96904617348e-11, 7.36121580358e-11, 1.39328257265e-10, 9.73172792351e-11, 2.19918250277e-11, 4.60504204214e-11, 8.12972522635e-10, 2.3357762946e-10, 4.6093739936e-11, 2.74393719552e-11, 4.55994454435e-13, 1.75584359877e-13, 4.53809319496e-14, 2.16473432062e-13, 1.1230330427e-14, 7.0956368214e-16, 1.09041072547e-16, 6.19345130902e-17, 4.1447145877e-16, 1.3363980269e-16, 5.10544352669e-18]
    }
}
}