{
"metadata": {
    "version": {
        "essentia": "2.1-dev"
    }
},
"lowlevel": {
    "mfcc": {
        "mean": [-774.837524414, 97.8491744995, -67.9319534302, 34.4394950867, -40.178188324, -22.2990207672, -14.2670946121, -9.26819133759, -4.62489175797, -15.4199104309, -15.5342350006, -11.7078084946, -7.30525779724],
        "var": [12671.0332031, 1377.36132812, 804.030151367, 261.03125, 317.290252686, 187.276489258, 156.123306274, 153.409515381, 123.820373535, 166.326126099, 169.048171997, 168.901397705, 169.049789429]
    },
    "mfcc_bands": {
        "mean": [1.19403330245e-06, 7.68890276959e-06, 4.39178002125e-05, 5.3227184253e-05, 5.19706882187e-05, 5.74566620344e-05, 5.79929183004e-05, 6.50816728012e-05, 4.00524986617e-05, 3.16244113492e-05, 5.64843358006e-05, 7.84730582382e-05, 2.99745697703e-05, 1.51695921886e-05, 1.0150520211e-05, 1.36848766488e-05, 5.64358970223e-06, 6.23350251772e-06, 8.53644814924e-06, 1.73054486368e-05, 1.90618247871e-05, 1.48644758156e-05, 1.77552228706e-05, 1.09516786324e-05, 1.56637706823e-05, 1.6159412553e-05, 9.49043260334e-06, 7.76053002483e-06, 5.66800599699e-06, 4.34162711827e-06, 1.53823702931e-06, 9.03499881133e-07, 3.42870322356e-07, 1.1537846234e-07, 6.35681303152e-08, 2.10998862826e-08, 1.08785220831e-08, 7.49198481031e-09, 5.70831693025e-09, 4.03047506481e-09],
        "var": [1.31529899819e-11, 3.80065395822e-10, 1.51884833599e-08, 1.20227490186e-08, 1.68033231773e-08, 1.62427280515e-08, 1.79267676259e-08, 2.95997217847e-08, 1.02105053301e-08, 3.57392848649e-09, 1.73465366515e-08, 4.69280543314e-08, 5.24887511233e-09, 2.41605069284e-09, 1.24432708581e-09, 2.65365618368e-09, 2.4649690622e-10, 2.35088698508e-10, 4.39100839023e-10, 2.04171723972e-09, 5.2606967671e-09, 1.25787458227e-09, 1.21350196558e-09, 4.92765550586e-10, 1.29803012783e-09, 1.47558021357e-09, 7.14160897086e-10, 2.25179055957e-10, 2.15708562123e-10, 1.18226525792e-10, 1.24080849762e-11, 3.78108091711e-12, 7.91354612048e-13, 5.71530060149e-14, 2.68892845273e-14, 1.78941914624e-15, 3.29000566906e-16, 1.50894869677e-16, 8.28065298762e-17, 4.13071068462e-17]
    }
}
}