{
"metadata": {
    "version": {
        "essentia": "2.1-dev"
    }
},
"lowlevel": {
    "mfcc": {
        "mean": [-865.272644043, 154.300598145, -43.014793396, 13.8891916275, -7.07632684708, -30.6868610382, -16.4977741241, -17.8641967773, -8.9072303772, -8.51060962677, -13.0951042175, -13.8688201904, -10.6006479263],
        "var": [5889.84619141, 1351.18676758, 624.39666748, 296.405151367, 139.572357178, 145.610244751, 105.70765686, 100.224655151, 77.3376464844, 82.1470489502, 85.6522521973, 97.4583282471, 120.174163818]
    },
    "mfcc_bands": {
        "mean": [4.53795763633e-07, 5.12262886332e-06, 4.53544271295e-05, 5.37654777872e-05, 4.88177975058e-05, 5.52571254957e-05, 3.60025951522e-05, 2.71412664006e-05, 1.89582206076e-05, 1.51544209075e-05, 1.08103577077e-05, 8.43495854497e-06, 3.02526154883e-06, 1.87237219507e-06, 1.28162184865e-06, 1.84859879937e-06, 2.23403094424e-06, 1.69608256329e-06, 2.4554524316e-06, 2.34741014538e-06, 1.63919241913e-06, 1.41625696415e-06, 1.26199893202e-06, 7.927653769e-07, 7.20410866961e-07, 5.51803680082e-07, 3.26678957663e-07, 1.55095563059e-07, 7.97860835178e-08, 3.49804984978e-08, 1.53662220725e-08, 9.91630066949e-09, 4.22301216219e-09, 1.7288739329e-09, 7.6563383411e-10, 4.54284276863e-10, 2.5239796364e-10, 1.80940137873e-10, 1.31911370715e-10, 7.73993230618e-11],
        "var": [1.48946068153e-12, 1.53380724788e-10, 1.50171661772e-08, 1.19481322614e-08, 9.85617187865e-09, 9.02243701972e-09, 5.88329518436e-09, 1.26035493153e-08, 1.56292279119e-09, 1.15470166762e-09, 1.07505926383e-09, 6.55901555291e-10, 4.5939297505e-11, 2.01853412457e-11, 6.58969927236e-12, 2.29668020713e-11, 2.34405654609e-11, 1.15085146274e-11, 3.18928286558e-11, 3.69311109472e-11, 1.40983206012e-11, 1.24631034659e-11, 2.79112098017e-11, 2.87678691632e-12, 7.10584325755e-12, 2.74538486562e-12, 1.29902501516e-12, 1.77175765378e-13, 4.79868152593e-14, 7.46009868734e-15, 8.48248704231e-16, 4.81975352454e-16, 7.28722760079e-17, 3.15085172158e-17, 2.13632400607e-18, 5.24827073511e-19, 2.16429364507e-19, 2.26025706513e-19, 4.00358227597e-20, 1.40527727094e-20]
    }
}
}