{
"metadata": {
    "version": {
        "essentia": "2.1-dev"
    }
},
"lowlevel": {
    "mfcc": {
        "mean": [-758.372497559, 150.17527771, -85.4873580933, 31.4034690857, -18.2444210052, -24.4809341431, -10.3807353973, -7.41182184219, -6.79775857925, -11.2585601807, -4.08985900879, -5.67747545242, -7.23999118805],
        "var": [7786.63769531, 1164.68212891, 631.797302246, 409.318481445, 383.605621338, 381.21975708, 198.226013184, 163.946166992, 83.2420806885, 113.799507141, 98.7120132446, 107.552238464, 85.6375579834]
    },
    "mfcc_bands": {
        "mean": [3.94923927161e-06, 3.45960725099e-05, 7.57195448386e-05, 5.3122304962e-05, 5.87835747865e-05, 6.52005182928e-05, 7.67317469581e-05, 6.82966419845e-05, 6.36812546873e-05, 6.63679311401e-05, 8.62187880557e-05, 5.47839517822e-05, 3.0501609217e-05, 2.64542959485e-05, 2.76645496342e-05, 2.27945165534e-05, 2.00627564482e-05, 2.19123685383e-05, 1.46239453898e-05, 1.61051357281e-05, 1.99711430469e-05, 2.54893584497e-05, 2.68333496933e-05, 1.88952817552e-05, 1.52109378178e-05, 8.80591960595e-06, 4.61330910184e-06, 3.68391306438e-06, 1.92556194634e-06, 1.05856054233e-06, 4.7262264502e-07, 2.51993583333e-07, 1.00677610249e-07, 4.2600905914e-08, 1.92814102462e-08, 6.30492236198e-09, 3.53703555334e-09, 2.1698496333e-09, 1.6341534792e-09, 6.55223764134e-10],
        "var": [8.21638590498e-11, 4.66600269533e-09, 2.34919657061e-08, 6.48049480745e-09, 6.57091892009e-09, 7.25584703432e-09, 1.44541836278e-08, 1.0964571473e-08, 1.36221771641e-08, 2.05261763142e-08, 3.9701831156e-08, 3.5674322163e-08, 2.53448662058e-09, 1.90831817015e-09, 3.30636207302e-09, 3.91531118638e-09, 1.70473180017e-09, 2.06577244199e-09, 6.28558038951e-10, 5.82115800007e-10, 1.04204089801e-09, 1.57303736703e-09, 1.4537208104e-09, 7.94918963987e-10, 4.47994835673e-10, 1.72786090991e-10, 5.95577268059e-11, 1.52019882793e-10, 5.21549296806e-11, 9.77459346102e-12, 4.27204452369e-12, 1.33770132558e-12, 2.00195749193e-13, 3.52746430427e-14, 9.7172314276e-15, 1.01179091401e-15, 3.7798990855e-16, 8.68545598881e-17, 4.60424875513e-17, 8.14819308197e-18]
    }
}
}