{
"metadata": {
    "version": {
        "essentia": "2.1-dev"
    }
},
"lowlevel": {
    "mfcc": {
        "mean": [-700.681762695, 100.867835999, -66.4915161133, 55.2185783386, -14.7051448822, -17.316198349, 0.348318755627, -0.294930487871, -0.483428031206, -4.10501241684, -10.8274726868, -11.6915225983, -8.6086101532],
        "var": [4703.69287109, 809.26574707, 614.671813965, 469.879333496, 203.709411621, 167.374313354, 213.116546631, 143.1746521, 128.565307617, 120.635231018, 102.310874939, 100.417694092, 84.7523880005]
    },
    "mfcc_bands": {
        "mean": [1.44375217133e-05, 8.81917148945e-05, 9.91811321001e-05, 0.000123902515043, 6.96911665727e-05, 2.9107903174e-05, 3.22322157444e-05, 3.01031795971e-05, 3.7611611333e-05, 4.53261018265e-05, 4.21989498136e-05, 6.4075597038e-05, 3.05537068925e-05, 1.32465393108e-05, 9.54726237978e-06, 1.13690821308e-05, 1.25437281895e-05, 2.00688609766e-05, 2.47962489084e-05, 3.11448966386e-05, 3.27536436089e-05, 3.60947851732e-05, 3.88667467632e-05, 3.52180504706e-05, 4.5555523684e-05, 3.7064346543e-05, 2.13007824641e-05, 1.24558846437e-05, 8.42088320496e-06, 3.16902014674e-06, 1.384524694e-06, 6.92486423759e-07, 4.84109023091e-07, 2.5198355047e-07, 1.42750494092e-07, 8.23391559379e-08, 5.03698984744e-08, 4.31866524764e-08, 3.16995212302e-08, 2.03864409798e-08],
        "var": [1.27765864555e-09, 1.29108750357e-08, 1.00493418032e-08, 9.45936164953e-08, 1.91815310302e-08, 1.94745886084e-09, 4.69640992762e-09, 2.86202328503e-09, 3.94567045703e-09, 5.04205921459e-09, 5.39072519956e-09, 1.61229518625e-08, 3.34501071286e-09, 5.05640140869e-10, 3.07408792866e-10, 6.29945984265e-10, 4.69387417823e-10, 1.24345622687e-09, 2.03356997908e-09, 6.09177863709e-09, 2.43121078825e-09, 1.40959444117e-09, 3.4747791311e-09, 2.17209428222e-09, 3.5352383243e-09, 1.14049147903e-09, 3.9920242112e-10, 1.63056484981e-10, 5.44350051146e-11, 8.12113657572e-12, 2.20694859956e-12, 7.07621027746e-13, 4.06810788398e-13, 1.30870696767e-13, 6.37363629214e-14, 2.48093781846e-14, 9.75613565087e-15, 3.69203941779e-14, 1.32468516001e-14, 3.00221108451e-15]
    }
}
}