{
"metadata": {
    "version": {
        "essentia": "2.1-dev"
    }
},
"lowlevel": {
    "mfcc": {
        "mean": [-638.242126465, 122.774154663, -57.9523468018, 47.1311607361, -8.2503194809, -4.27695465088, 1.59650492668, 2.59532475471, 1.27319478989, -11.8920812607, -5.62731552124, -4.9536523819, -9.29874134064],
        "var": [4346.62109375, 624.361572266, 478.842590332, 173.468078613, 98.8295669556, 161.422302246, 103.250160217, 109.590606689, 63.7839660645, 72.4892120361, 54.0519981384, 46.3945922852, 51.759475708]
    },
    "mfcc_bands": {
        "mean": [5.26042531419e-05, 0.000341525126714, 0.00049927236978, 0.00024682507501, 0.000262574874796, 0.000188493228052, 9.37090735533e-05, 8.51957229315e-05, 9.79461838142e-05, 0.000106176608824, 6.89305743435e-05, 0.000126234343043, 0.000143719415064, 8.26309842523e-05, 6.50247020531e-05, 3.78450531571e-05, 4.06342187489e-05, 5.29369244759e-05, 4.61971212644e-05, 4.89685335197e-05, 7.18382652849e-05, 5.68454925087e-05, 7.02205652487e-05, 6.59594952594e-05, 6.15132667008e-05, 3.5439246858e-05, 2.17449869524e-05, 1.22531318993e-05, 1.16652572615e-05, 1.14892345664e-05, 5.23988182977e-06, 2.38835968958e-06, 1.1378091358e-06, 5.31042758212e-07, 2.61731429418e-07, 1.60508207614e-07, 1.24335286955e-07, 1.05665357353e-07, 9.62755706269e-08, 7.68018537656e-08],
        "var": [2.23240292918e-09, 7.41840224805e-08, 1.65076940561e-07, 4.46628973805e-08, 1.30177866708e-07, 1.09212969335e-07, 2.33187780196e-08, 1.88815185709e-08, 3.44508599426e-08, 4.36643148305e-08, 1.03545385599e-08, 4.566754086e-08, 6.16337842985e-08, 4.26929886999e-08, 1.70496949892e-08, 7.54053264274e-09, 4.26157686917e-09, 1.02180530703e-08, 1.43331071456e-08, 7.35978433752e-09, 7.74209407695e-09, 4.59715110424e-09, 5.99654814692e-09, 5.0373216709e-09, 4.97335417293e-09, 2.12104023234e-09, 9.08799147048e-10, 4.39772968042e-10, 4.27178792339e-10, 2.36188707481e-10, 3.88319688904e-11, 1.34145810779e-11, 3.23587532637e-12, 1.10135728662e-12, 3.51114889116e-13, 1.25792619051e-13, 1.03485606586e-13, 1.53655164764e-13, 1.58875720197e-13, 1.10456972345e-13]
    }
}
}