{
"metadata": {
    "version": {
        "essentia": "2.1-dev"
    }
},
"lowlevel": {
    "mfcc": {
        "mean": [-641.605407715, 86.6126098633, -41.2989349365, 60.2771873474, -8.52560520172, -9.33017730713, -5.21470069885, -4.58361768723, -5.36004590988, -3.04179024696, -3.61462759972, -7.07107877731, -7.4892578125],
        "var": [8798.91503906, 964.202697754, 369.46383667, 376.010681152, 207.917053223, 132.337356567, 180.464202881, 85.3285293579, 83.2760772705, 87.1099090576, 72.4757385254, 63.9965858459, 59.7327957153]
    },
    "mfcc_bands": {
        "mean": [3.47652858181e-05, 0.000229438388487, 0.000420818076236, 0.000348935631337, 0.000219760840992, 0.000147456725244, 0.000157770366059, 0.000102888778201, 0.000103630132799, 7.94792431407e-05, 8.32257355796e-05, 4.08330342907e-05, 2.78145034827e-05, 2.05647738767e-05, 2.32899292314e-05, 2.41160105361e-05, 3.35091681336e-05, 2.22587805183e-05, 2.6649207939e-05, 3.9690756239e-05, 5.86176065553e-05, 5.10243080498e-05, 6.6726381192e-05, 6.49097928545e-05, 8.6263018602e-05, 6.49197827443e-05, 6.5845597419e-05, 3.60063058906e-05, 2.17027809413e-05, 1.5430543499e-05, 8.5962110461e-06, 6.23337064098e-06, 4.05463515563e-06, 1.92601169147e-06, 7.76908450462e-07, 5.36031166121e-07, 3.6552089e-07, 3.34597331175e-07, 2.45207871785e-07, 1.56842418164e-07],
        "var": [1.56028157061e-09, 6.09004331409e-08, 1.15857552885e-07, 1.10797422792e-07, 1.22270350289e-07, 5.02240027345e-08, 6.2805490586e-08, 4.34036984132e-08, 5.49924727977e-08, 3.67699151127e-08, 3.49633708652e-08, 1.51345282973e-08, 1.19130270093e-08, 1.07401543215e-09, 2.3484791889e-09, 1.62550040095e-09, 2.06849315454e-09, 6.72862321416e-10, 2.05205696879e-09, 3.18138715372e-09, 6.04506711355e-09, 5.15433828951e-09, 4.71470240626e-09, 3.00553848476e-09, 4.7136716752e-09, 2.44992515164e-09, 4.95215335405e-09, 1.20087106925e-09, 4.86616580364e-10, 2.68460281783e-10, 9.18039533282e-11, 5.15348978769e-11, 2.98375144037e-11, 6.46006859117e-12, 1.0859483885e-12, 1.09214167657e-12, 6.44059946434e-13, 4.00247326601e-13, 3.29250217585e-13, 6.67483510955e-14]
    }
}
}