{
"metadata": {
    "version": {
        "essentia": "2.1-dev"
    }
},
"lowlevel": {
    "mfcc": {
        "mean": [-675.203063965, 104.602737427, -49.8813476562, 76.4171981812, -5.46393728256, -11.5394630432, -7.58311319351, -5.57638216019, 0.017824569717, -9.15541362762, -4.91227769852, -6.77327489853, -7.10682439804],
        "var": [7457.15087891, 839.056640625, 793.217712402, 227.88848877, 135.669616699, 131.076080322, 107.21055603, 93.1331634521, 65.2400894165, 72.0843734741, 62.1442642212, 54.6656646729, 54.2601661682]
    },
    "mfcc_bands": {
        "mean": [3.10626455757e-05, 0.000161875243066, 0.000300057348795, 0.000298619968817, 0.000186036195373, 0.000109914559289, 5.4241361795e-05, 5.1028568123e-05, 4.35574656876e-05, 4.51499072369e-05, 2.27441505558e-05, 1.57677986863e-05, 1.21613593365e-05, 1.0075418686e-05, 1.17711897474e-05, 1.13585310828e-05, 1.41479877129e-05, 2.60208726104e-05, 2.62454941549e-05, 3.84699269489e-05, 6.94935297361e-05, 8.7918349891e-05, 9.3494389148e-05, 5.18823144375e-05, 6.97765717632e-05, 7.1644622949e-05, 3.97493386117e-05, 2.9603659641e-05, 1.61631178344e-05, 9.34613763093e-06, 7.22456661606e-06, 4.0140166675e-06, 1.37250549415e-06, 6.14359521478e-07, 2.80299246924e-07, 1.25683556007e-07, 8.52982751098e-08, 6.87927723675e-08, 5.50809211575e-08, 3.51201947524e-08],
        "var": [1.26482280205e-09, 3.10719165952e-08, 1.40949765637e-07, 1.54432001409e-07, 3.75162798605e-08, 2.20938147777e-08, 3.77741615765e-09, 5.52093482042e-09, 4.88371476592e-09, 8.94495499892e-09, 2.06532302371e-09, 1.15391396438e-09, 7.61230911639e-10, 8.73975114501e-10, 6.39986674766e-10, 7.06726344113e-10, 5.56923118733e-10, 2.21956941715e-09, 2.86775669878e-09, 5.1224628983e-09, 7.91342014139e-09, 7.84787967945e-09, 1.08165236767e-08, 3.06002578832e-09, 5.24397680834e-09, 6.4714833492e-09, 1.74283953935e-09, 9.3508145671e-10, 3.71182806713e-10, 1.12956664855e-10, 6.40592509593e-11, 2.22575569087e-11, 3.80451616391e-12, 7.44726762897e-13, 1.89922472822e-13, 5.50135566442e-14, 3.24210839111e-14, 2.08824131625e-14, 1.10172169375e-14, 3.63742967902e-15]
    }
}
}