{
"metadata": {
    "version": {
        "essentia": "2.1-dev"
    }
},
"lowlevel": {
    "mfcc": {
        "mean": [-688.40411377, 104.591316223, -49.4682922363, 70.7627792358, -2.01652765274, -5.71445131302, -2.79632353783, -1.7318791151, 0.385279506445, -9.39825153351, -3.62850284576, -1.65903246403, -5.33157062531],
        "var": [7348.77441406, 952.873352051, 809.067443848, 323.262969971, 249.760284424, 204.419433594, 128.05128479, 88.0796737671, 80.256401062, 90.2426452637, 61.7418632507, 64.6606445312, 62.4209632874]
    },
    "mfcc_bands": {
        "mean": [3.43293322658e-05, 0.000162317679496, 0.000191988641745, 0.000163228425663, 0.000155765272211, 8.14548111521e-05, 5.62101122341e-05, 4.6133154683e-05, 5.03219816892e-05, 4.33218192484e-05, 2.94384190056e-05, 2.29630895774e-05, 1.35876834975e-05, 1.98426132556e-05, 1.6068768673e-05, 1.83847405424e-05, 1.83109114005e-05, 2.10290836549e-05, 1.54155113705e-05, 2.39498785959e-05, 6.65024199407e-05, 0.000106722487544, 0.000100037235825, 4.73937070637e-05, 5.24227507412e-05, 5.26979056303e-05, 2.79535324808e-05, 2.31647572946e-05, 1.39397916428e-05, 6.87979854774e-06, 5.31314708496e-06, 2.7151197628e-06, 9.34277693432e-07, 4.03644548896e-07, 2.08025880966e-07, 1.07657719184e-07, 8.96237040138e-08, 6.82688465758e-08, 5.09183664121e-08, 3.18645483333e-08],
        "var": [1.59979895997e-09, 2.8707789923e-08, 3.24657065676e-08, 3.38802230715e-08, 3.09210648197e-08, 9.96134819076e-09, 6.36686703359e-09, 7.82721709669e-09, 1.20995515829e-08, 9.24501097899e-09, 4.29379198863e-09, 3.34033822824e-09, 9.99860638728e-10, 2.628603335e-09, 1.08077891081e-09, 1.84498261113e-09, 1.32261490648e-09, 1.74879244419e-09, 8.4848650328e-10, 2.02125804982e-09, 6.60062804414e-09, 1.69504463798e-08, 1.42563010286e-08, 2.90908297451e-09, 3.14256221046e-09, 3.32960881089e-09, 8.24107948549e-10, 7.01323443764e-10, 3.14716086525e-10, 6.27591936753e-11, 3.10801523407e-11, 9.64466007058e-12, 1.47194225125e-12, 3.09078771691e-13, 1.1350940126e-13, 7.27690748371e-14, 7.71310302411e-14, 3.56196531146e-14, 1.1308278634e-14, 3.22402889637e-15]
    }
}
}