{
"metadata": {
    "version": {
        "essentia": "2.1-dev"
    }
},
"lowlevel": {
    "mfcc": {
        "mean": [-766.321533203, 135.308013916, -41.1795806885, 60.5630111694, -11.4785966873, -7.97840309143, -5.33061313629, -4.44721412659, 4.87951660156, -8.9887676239, -7.75638198853, -1.78453731537, -5.55296278],
        "var": [8003.96142578, 723.472351074, 912.924987793, 441.502929688, 300.159332275, 204.465911865, 181.877670288, 140.79083252, 153.044403076, 111.390907288, 102.612342834, 99.5501098633, 85.883354187]
    },
    "mfcc_bands": {
        "mean": [2.40459394263e-05, 0.000117067764222, 0.000104095575807, 9.69601314864e-05, 7.79214096838e-05, 6.6574801167e-05, 5.0575206842e-05, 2.90511943604e-05, 4.21856930188e-05, 4.44207289547e-05, 3.46517153957e-05, 2.13766397792e-05, 9.90798889688e-06, 6.38194114799e-06, 5.52102392248e-06, 3.64085076399e-06, 4.0700970203e-06, 4.23870096711e-06, 5.46230194232e-06, 7.01595308783e-06, 1.23488907775e-05, 1.98744128284e-05, 1.29763302539e-05, 9.13758231036e-06, 6.15673570792e-06, 3.97446092393e-06, 4.93212883157e-06, 4.14297210227e-06, 3.29044792124e-06, 1.95903089661e-06, 7.55323753765e-07, 3.84032659895e-07, 1.91154541085e-07, 6.90302215389e-08, 2.48853631035e-08, 1.16996501376e-08, 7.70839836406e-09, 5.80141668038e-09, 4.74998795852e-09, 3.13917492001e-09],
        "var": [8.7387669323e-10, 1.73075065391e-08, 1.20184360242e-08, 2.3921350234e-08, 1.29675896687e-08, 1.21612808712e-08, 9.73835856399e-09, 4.47135439785e-09, 1.03995816403e-08, 1.02247463829e-08, 9.10494346584e-09, 4.02971345181e-09, 7.14337033969e-10, 2.01840197334e-10, 1.2476000788e-10, 9.3413249358e-11, 5.50602480276e-11, 4.82684274494e-11, 6.34689037438e-11, 1.21302953793e-10, 6.0891891529e-10, 1.28402077859e-09, 4.85661899585e-10, 2.25625781947e-10, 1.65018387843e-10, 2.20623120467e-11, 3.44504355598e-11, 2.37329548375e-11, 1.33832849317e-11, 4.61525088979e-12, 9.79875468959e-13, 3.40171006597e-13, 8.42911759271e-14, 1.22601539313e-14, 1.81957034279e-15, 4.96832733866e-16, 2.35690649812e-16, 1.87271586335e-16, 1.07629088476e-16, 5.07954706597e-17]
    }
}
}