{
"metadata": {
    "version": {
        "essentia": "2.1-dev"
    }
},
"lowlevel": {
    "mfcc": {
        "mean": [-730.418762207, 126.635284424, -45.2413711548, 36.9495811462, -4.51545810699, -6.14851379395, -3.85816955566, -7.65649414062, -5.3614525795, -6.55246782303, -8.02577590942, -7.83967733383, -3.1011030674],
        "var": [12650.7460938, 1617.90380859, 714.521240234, 1047.4666748, 320.289031982, 229.537490845, 217.939529419, 193.851699829, 152.635375977, 129.262939453, 110.184967041, 109.082984924, 88.5916595459]
    },
    "mfcc_bands": {
        "mean": [4.25263897341e-05, 0.000205621880013, 0.000200784299523, 0.000146023347043, 9.57360316534e-05, 6.84607875883e-05, 6.83118632878e-05, 4.71212078992e-05, 5.55337755941e-05, 4.86824719701e-05, 2.80328949884e-05, 3.35502118105e-05, 3.95352653868e-05, 3.24054490193e-05, 1.77647398232e-05, 1.93195992324e-05, 1.70056064235e-05, 1.95595439436e-05, 2.69292922894e-05, 2.81819593511e-05, 3.23054046021e-05, 2.14378123928e-05, 1.75557670445e-05, 2.08147375815e-05, 2.54510723607e-05, 2.65941598627e-05, 2.34623075812e-05, 1.35440286613e-05, 6.38001029074e-06, 4.32225670011e-06, 2.59121179624e-06, 1.61981108704e-06, 8.83755376435e-07, 3.05507711573e-07, 1.3198916804e-07, 9.31371459956e-08, 8.80989858842e-08, 7.00408051557e-08, 5.0153357023e-08, 2.88019013084e-08],
        "var": [5.71146419048e-09, 1.03365913162e-07, 7.42037400414e-08, 4.52778152749e-08, 1.47832857067e-08, 9.82396741733e-09, 1.497082458e-08, 1.33891129295e-08, 2.05147436816e-08, 1.62248365854e-08, 6.36190078396e-09, 9.40772082458e-09, 1.56450283839e-08, 9.12026543176e-09, 1.38059363941e-09, 1.44781409084e-09, 1.18110377034e-09, 2.17656892509e-09, 4.79698147871e-09, 4.47487780164e-09, 3.08972691876e-09, 8.27704516038e-10, 5.05948394292e-10, 7.63685892302e-10, 1.26639498887e-09, 1.9755890257e-09, 2.06425787574e-09, 4.01605554368e-10, 7.01429123118e-11, 4.12013062556e-11, 1.58384590165e-11, 7.45094524274e-12, 2.67011738241e-12, 2.32142511594e-13, 5.30836056264e-14, 2.73512291917e-14, 3.0945064626e-14, 2.44086807786e-14, 8.93064529256e-15, 2.27953464413e-15]
    }
}
}