{
"metadata": {
    "version": {
        "essentia": "2.1-dev"
    }
},
"lowlevel": {
    "mfcc": {
        "mean": [-717.116394043, 103.435241699, -41.8499565125, 43.6721878052, -4.84428596497, -0.523526251316, -5.03057479858, -8.1741733551, -3.54299926758, -0.331275939941, -2.90810656548, -5.99136304855, -4.18710041046],
        "var": [18030.2441406, 928.317138672, 731.736816406, 716.207092285, 173.173843384, 161.895828247, 159.421081543, 171.63243103, 124.174827576, 90.2055664062, 80.708152771, 76.2616653442, 69.0111236572]
    },
    "mfcc_bands": {
        "mean": [3.80221172236e-05, 0.000187768688193, 0.000161789706908, 0.000123719015392, 9.95863811113e-05, 4.68138750875e-05, 5.69359508518e-05, 5.31379009772e-05, 7.19016461517e-05, 3.78155855287e-05, 2.00784652407e-05, 2.28240151046e-05, 1.75518671313e-05, 2.01019829547e-05, 1.76871035364e-05, 2.33667851717e-05, 1.9819713998e-05, 2.11290298466e-05, 2.81256998278e-05, 3.42350831488e-05, 2.58742020378e-05, 2.31019948842e-05, 1.67982307175e-05, 1.81199648068e-05, 2.23920633289e-05, 1.95646734937e-05, 1.6795740521e-05, 1.31901888381e-05, 6.89117632646e-06, 4.2945171117e-06, 2.83766325992e-06, 1.84431826256e-06, 1.19967182854e-06, 5.39223833584e-07, 2.34904817376e-07, 1.53474104536e-07, 1.18834471152e-07, 9.0657088947e-08, 6.62125358986e-08, 4.02078157435e-08],
        "var": [2.60140287089e-09, 5.00084702537e-08, 4.01686186535e-08, 3.15776418347e-08, 1.93127522863e-08, 5.18581266817e-09, 1.28925270459e-08, 1.15143006241e-08, 2.31875283419e-08, 9.07299302355e-09, 1.07581432651e-09, 2.01865280047e-09, 2.62200816614e-09, 1.67126745776e-09, 8.11535005862e-10, 1.48250012266e-09, 1.24770371812e-09, 1.24533139356e-09, 1.16500242786e-09, 3.27718807647e-09, 1.27378918524e-09, 5.27207166812e-10, 2.79294781746e-10, 2.93728291689e-10, 4.3525405502e-10, 3.39001410277e-10, 3.39664213422e-10, 1.98676367025e-10, 5.35512467703e-11, 2.16559738891e-11, 1.1623074031e-11, 6.62863947759e-12, 3.31184363787e-12, 5.12428586976e-13, 1.40050473931e-13, 7.2790745328e-14, 6.37153293992e-14, 4.44932922428e-14, 2.19359019203e-14, 7.86650001324e-15]
    }
}
}