{
"metadata": {
    "version": {
        "essentia": "2.1-dev"
    }
},
"lowlevel": {
    "mfcc": {
        "mean": [-661.269287109, 83.498260498, -48.2918548584, 60.0607719421, -7.82096815109, -6.29545450211, 6.09363031387, -0.470290988684, 1.27216649055, -1.19243574142, -4.80338573456, -6.37586355209, -4.93064403534],
        "var": [6590.08105469, 935.127380371, 362.438537598, 333.067932129, 165.831375122, 122.747535706, 112.890716553, 82.3637695312, 77.1827163696, 68.1526489258, 54.3089561462, 52.7592658997, 46.1954116821]
    },
    "mfcc_bands": {
        "mean": [4.28388811997e-05, 0.000144516801811, 0.000176535642822, 0.000151186046423, 7.66083321651e-05, 4.91132668685e-05, 4.65341217932e-05, 4.78769688925e-05, 4.80616436107e-05, 3.94924281863e-05, 5.20156572748e-05, 4.26766528108e-05, 2.73054574791e-05, 1.8791306502e-05, 2.13445018744e-05, 1.74572996912e-05, 1.92754323507e-05, 1.82336953003e-05, 1.72810214281e-05, 2.55693339568e-05, 3.11973817588e-05, 3.70078632841e-05, 3.63261460734e-05, 4.30729123764e-05, 6.7603396019e-05, 5.69934381929e-05, 4.85171221953e-05, 2.79957366729e-05, 2.42268051807e-05, 1.26841414385e-05, 5.56672148377e-06, 3.16562318403e-06, 1.83171061963e-06, 8.67124470005e-07, 4.50707204891e-07, 2.47300761202e-07, 1.81537402e-07, 1.34535710572e-07, 1.2865507415e-07, 1.09281941718e-07],
        "var": [3.14157988512e-09, 2.15167013096e-08, 2.48096103661e-08, 3.83541767235e-08, 1.90857374349e-08, 4.84572026949e-09, 6.78634703988e-09, 8.30021296139e-09, 6.6783916175e-09, 5.03412334041e-09, 1.08881961225e-08, 7.98602250995e-09, 3.17714654585e-09, 1.45429668308e-09, 2.39998310114e-09, 1.14822840125e-09, 8.06026412281e-10, 9.53206402698e-10, 7.03638702859e-10, 7.10612013677e-10, 6.42623232405e-10, 8.46584968794e-10, 8.45828129759e-10, 1.07404340977e-09, 2.52263787637e-09, 2.27536811614e-09, 1.73442482598e-09, 5.2747178847e-10, 3.93228311024e-10, 1.13333273322e-10, 2.99212876698e-11, 1.08936514323e-11, 3.71691349574e-12, 1.09220868027e-12, 3.55645824205e-13, 9.84757861735e-14, 4.65635559624e-14, 2.57103620484e-14, 3.26866050231e-14, 3.34089276155e-14]
    }
}
}