{
"metadata": {
    "version": {
        "essentia": "2.1-dev"
    }
},
"lowlevel": {
    "mfcc": {
        "mean": [-697.391235352, 113.515937805, -53.037940979, 59.7777137756, -6.1742606163, -13.2964801788, -7.08149147034, -12.2281064987, -2.1125895977, -8.79278945923, -9.57387256622, -10.2506780624, -9.94331550598],
        "var": [7485.18066406, 1548.91088867, 348.001495361, 223.525909424, 133.198486328, 106.246879578, 105.317489624, 117.072998047, 78.5222396851, 78.3763122559, 85.5966186523, 72.753074646, 64.4985275269]
    },
    "mfcc_bands": {
        "mean": [1.68929600477e-05, 6.30699287285e-05, 0.000295589765301, 0.000406960694818, 0.000141576194437, 0.000148276900291, 8.46181865199e-05, 4.68251710117e-05, 3.76729985874e-05, 3.55191295967e-05, 3.30385992129e-05, 1.64065477293e-05, 1.04296050267e-05, 9.29062662181e-06, 8.37513834995e-06, 9.78062962531e-06, 1.48056469698e-05, 1.59188839461e-05, 1.98374291358e-05, 2.58591808233e-05, 2.85824316961e-05, 3.50836235157e-05, 3.2959436794e-05, 2.85016558337e-05, 3.10202667606e-05, 2.20410984184e-05, 1.54613280756e-05, 1.41266573337e-05, 8.19575052446e-06, 5.50311006009e-06, 2.94404139822e-06, 1.5212406197e-06, 8.49118180213e-07, 4.18957199599e-07, 1.97634378196e-07, 1.00187300234e-07, 7.47244044419e-08, 8.73941843338e-08, 7.39520515936e-08, 5.22760466026e-08],
        "var": [1.30160837664e-09, 7.78938780144e-09, 8.21543224561e-08, 5.19792081377e-07, 5.53796475344e-08, 2.7924830448e-08, 1.57681725454e-08, 8.87594442389e-09, 7.29019600243e-09, 4.98769203716e-09, 3.22588999957e-09, 1.53235657496e-09, 2.45061831938e-10, 1.89205970336e-10, 1.42864817199e-10, 2.08018963166e-10, 4.24865032045e-10, 3.75793757224e-10, 6.59450605234e-10, 1.10899078809e-09, 8.95253760014e-10, 1.38152089768e-09, 2.16646944828e-09, 1.01357344739e-09, 1.32473476633e-09, 7.16595893735e-10, 3.57957191666e-10, 2.37447450591e-10, 1.00711154694e-10, 8.38619035326e-11, 2.92729555873e-11, 1.17006933656e-11, 6.26048345109e-12, 1.48451238281e-12, 2.38930999551e-13, 5.0976787353e-14, 5.52419336674e-14, 1.07716082148e-13, 6.2198042669e-14, 3.02835386704e-14]
    }
}
}