{
"metadata": {
    "version": {
        "essentia": "2.1-dev"
    }
},
"lowlevel": {
    "mfcc": {
        "mean": [-698.68560791, 111.730110168, -9.197722435, 53.9265441895, -11.8803539276, -8.32090377808, -7.2727971077, -10.3989868164, -2.45576500893, -5.40309000015, -6.38483524323, -5.10725021362, -4.1277384758],
        "var": [13970.9394531, 1171.40161133, 1210.75537109, 267.593170166, 314.963104248, 175.407669067, 149.405944824, 102.403633118, 92.0970993042, 86.3745193481, 86.8436279297, 65.0754776001, 59.3959312439]
    },
    "mfcc_bands": {
        "mean": [3.49681213265e-05, 0.000317011465086, 0.000499440007843, 0.00039179349551, 0.00043729293975, 0.000234658218687, 0.000196639608475, 0.000112886351417, 0.000151821732288, 8.51602671901e-05, 3.82364778488e-05, 3.77830510843e-05, 1.84132750292e-05, 1.58131206263e-05, 1.50553478306e-05, 1.36192093123e-05, 1.04706532511e-05, 1.32326704261e-05, 9.41303278523e-06, 9.70898145169e-06, 1.88337908185e-05, 1.65472974913e-05, 1.68464139279e-05, 1.1654701666e-05, 1.34662468554e-05, 1.95080901904e-05, 1.85808257811e-05, 1.60217914527e-05, 9.92703371594e-06, 7.26184953237e-06, 4.79405025544e-06, 2.65321773441e-06, 1.62051617281e-06, 7.82843528668e-07, 3.51052847236e-07, 2.09685524055e-07, 1.66978253446e-07, 1.31216310706e-07, 1.0953394991e-07, 7.6213702016e-08],
        "var": [1.67029057252e-09, 1.37841425385e-07, 3.95353907834e-07, 4.40046505901e-07, 4.4920582809e-07, 1.40847532748e-07, 9.67540785268e-08, 4.37637233119e-08, 1.23593878243e-07, 3.88533365481e-08, 9.30089161244e-09, 1.65789675322e-08, 2.17020557081e-09, 1.72364034157e-09, 1.65828484278e-09, 1.22037746575e-09, 5.09681297167e-10, 7.8270673276e-10, 3.88764076487e-10, 2.37909886236e-10, 5.71294289653e-10, 3.40951378242e-10, 4.98912855473e-10, 2.56318577474e-10, 2.54202325856e-10, 4.70687100407e-10, 4.20850410077e-10, 4.20553453173e-10, 1.52677551157e-10, 8.71190966589e-11, 4.66350846828e-11, 1.77844405869e-11, 7.03971343025e-12, 1.82169600585e-12, 5.4553339927e-13, 1.73859150275e-13, 1.29869910399e-13, 5.46854465736e-14, 3.04599688571e-14, 1.29773062346e-14]
    }
}
}