{
"metadata": {
    "version": {
        "essentia": "2.1-dev"
    }
},
"lowlevel": {
    "mfcc": {
        "mean": [-687.441772461, 132.498275757, -48.5421447754, 53.5035476685, -13.7784051895, -9.71383571625, 2.83592796326, -6.60771942139, -4.20287799835, -4.78695726395, -8.46010684967, -2.39667391777, 0.145858839154],
        "var": [12819.4101562, 1315.98522949, 990.509033203, 365.908172607, 302.536010742, 207.837356567, 152.330368042, 121.017127991, 110.925926208, 116.891296387, 110.40133667, 79.3672332764, 71.1435928345]
    },
    "mfcc_bands": {
        "mean": [6.37042103335e-05, 0.000225336203584, 0.000195880842512, 0.000236167092226, 0.000286635186058, 0.000226515679969, 0.000161219431902, 9.64781429502e-05, 8.44824389787e-05, 9.24688429222e-05, 9.12755131139e-05, 8.87759379111e-05, 6.99356678524e-05, 4.76901841466e-05, 6.15707831457e-05, 7.16054491932e-05, 6.80087541696e-05, 5.31526347913e-05, 3.61994898412e-05, 2.7810145184e-05, 4.46481571998e-05, 3.70342568203e-05, 2.75606453215e-05, 2.53093858191e-05, 4.11293040088e-05, 5.27825832251e-05, 3.52179922629e-05, 2.47519765253e-05, 1.54612116603e-05, 6.87627652951e-06, 3.35749496116e-06, 1.51389747316e-06, 8.63178286181e-07, 3.40746822758e-07, 1.44304394212e-07, 1.01762267946e-07, 5.27272057127e-08, 4.0080490038e-08, 4.06624458549e-08, 3.04392457906e-08],
        "var": [4.96621099799e-09, 5.35688506886e-08, 6.83024197201e-08, 7.1905844834e-08, 8.86024622559e-08, 6.2323856298e-08, 4.26625454963e-08, 1.88069346763e-08, 1.3060311943e-08, 2.03339141081e-08, 3.40662573706e-08, 4.17097894001e-08, 1.68473199835e-08, 9.53876000409e-09, 1.19298597667e-08, 2.36446169311e-08, 2.50997409523e-08, 2.73711933119e-08, 8.67108518321e-09, 1.83017190292e-09, 4.21919876814e-09, 1.47645540238e-09, 7.61718910169e-10, 6.47523812347e-10, 2.11498463187e-09, 5.44777067901e-09, 1.77122239098e-09, 8.21715140376e-10, 4.09570849458e-10, 1.11019679561e-10, 2.70555262222e-11, 6.88105258537e-12, 2.15539825571e-12, 2.7608557801e-13, 7.36101446724e-14, 4.47667720764e-14, 1.70350726255e-14, 1.06613614557e-14, 1.59786226405e-14, 7.55389657482e-15]
    }
}
}