{
"metadata": {
    "version": {
        "essentia": "2.1-dev"
    }
},
"lowlevel": {
    "mfcc": {
        "mean": [-686.978515625, 119.327201843, -27.0892810822, 54.7041816711, -2.66650247574, -12.2182798386, -4.60122060776, -6.00353050232, -3.88510394096, -3.80072259903, -9.20151805878, -7.31685876846, -9.02356052399],
        "var": [5713.90185547, 850.974853516, 652.481262207, 177.390609741, 173.122085571, 152.348114014, 141.821258545, 122.192481995, 99.5812530518, 106.384269714, 74.7488632202, 57.1106529236, 74.7643280029]
    },
    "mfcc_bands": {
        "mean": [3.47099303326e-05, 0.000204431969905, 0.000358575955033, 0.000414889043896, 0.000328890339006, 0.000113988731755, 0.000115583381557, 8.33041485748e-05, 8.84505498107e-05, 6.54600808048e-05, 3.75005729438e-05, 2.96497855743e-05, 1.2290014638e-05, 1.92075385712e-05, 1.07833857328e-05, 1.22030669445e-05, 1.31873221108e-05, 1.89733473235e-05, 2.30220175581e-05, 2.31562207773e-05, 2.08255078178e-05, 3.85514140362e-05, 5.6032127759e-05, 3.4408945794e-05, 2.11213318835e-05, 2.69351185125e-05, 2.96153575619e-05, 1.75864697667e-05, 6.05332252235e-06, 4.28802331953e-06, 2.95294466923e-06, 1.4294535049e-06, 8.2032465798e-07, 5.52587948732e-07, 3.42667959785e-07, 2.80696554e-07, 1.55106974375e-07, 1.14558837083e-07, 9.49616634216e-08, 7.15209509394e-08],
        "var": [1.32373745299e-09, 6.30852596828e-08, 1.37627310437e-07, 2.05831483413e-07, 2.27081514481e-07, 2.57638834711e-08, 2.81372702915e-08, 2.60638088889e-08, 2.87212973404e-08, 1.14193410283e-08, 4.35592717452e-09, 4.43940928463e-09, 6.24024831808e-10, 1.45427814235e-09, 5.95197335862e-10, 9.35378219324e-10, 8.19329659674e-10, 1.04911324073e-09, 1.30192723269e-09, 2.35237673785e-09, 1.93810900662e-09, 5.7378368723e-09, 1.03710720012e-08, 4.00507671472e-09, 1.02168862259e-09, 1.98663219209e-09, 3.86390874851e-09, 1.94402449694e-09, 9.66193930418e-11, 4.9314330397e-11, 2.0491960559e-11, 7.60903319519e-12, 3.48592552393e-12, 1.9848142227e-12, 6.24371864974e-13, 3.15394845657e-13, 1.32795643514e-13, 7.95882050585e-14, 3.33729456559e-14, 1.76039789164e-14]
    }
}
}