{
"metadata": {
    "version": {
        "essentia": "2.1-dev"
    }
},
"lowlevel": {
    "mfcc": {
        "mean": [-689.244506836, 120.983444214, -49.8582077026, 48.2873878479, -7.00727653503, -11.3359107971, -0.393190681934, -1.76106798649, 1.52475726604, -2.49338054657, -1.41671228409, -4.88359117508, -3.59439396858],
        "var": [12530.2724609, 894.539428711, 928.60760498, 459.018737793, 144.550491333, 89.7061767578, 89.3160476685, 75.5636291504, 65.6168136597, 63.1370162964, 55.7166786194, 46.2664451599, 41.3050689697]
    },
    "mfcc_bands": {
        "mean": [4.34418179793e-05, 0.0002179582807, 0.000178097689059, 0.000133043009555, 0.000114099457278, 0.000104612445284, 7.71136037656e-05, 7.14716661605e-05, 7.74739237386e-05, 7.14682755643e-05, 5.06378892169e-05, 4.32823071606e-05, 2.75202601188e-05, 2.61543591478e-05, 1.9871389668e-05, 2.20395668293e-05, 2.77981271211e-05, 2.76997216133e-05, 2.73290097539e-05, 2.71137760137e-05, 5.34645405423e-05, 4.35725742136e-05, 4.75435772387e-05, 2.95977533824e-05, 3.81364116038e-05, 3.79741431971e-05, 2.88585561066e-05, 1.34654364956e-05, 8.13592851046e-06, 5.46175124327e-06, 3.00133888231e-06, 1.4792873344e-06, 7.96542792614e-07, 3.19677980087e-07, 1.50994424075e-07, 8.25649237868e-08, 7.2618803415e-08, 5.05528383599e-08, 5.21744993875e-08, 3.09731369441e-08],
        "var": [3.11126746588e-09, 5.35779882682e-08, 3.23807114455e-08, 4.08613125558e-08, 2.23875122884e-08, 3.58403404732e-08, 1.34323823175e-08, 1.02756416709e-08, 1.97509510969e-08, 1.16324780919e-08, 5.53896439826e-09, 7.98698529536e-09, 4.24932045107e-09, 2.49639309224e-09, 2.41759012809e-09, 1.45841649868e-09, 2.13771378377e-09, 2.50023046711e-09, 3.30679017502e-09, 1.42297695849e-09, 3.67419716873e-09, 2.93652790972e-09, 2.75086731172e-09, 8.01595179123e-10, 1.1193576066e-09, 1.05528930039e-09, 6.88450907393e-10, 3.03039843219e-10, 1.12059930779e-10, 4.68811413301e-11, 1.49179262693e-11, 4.2812637116e-12, 1.21090203836e-12, 1.79348113509e-13, 3.88919412897e-14, 1.20531026566e-14, 1.04752030956e-14, 4.50543939721e-15, 4.92789453856e-15, 1.85279881003e-15]
    }
}
}