{
"metadata": {
    "version": {
        "essentia": "2.1-dev"
    }
},
"lowlevel": {
    "mfcc": {
        "mean": [-671.735229492, 111.656654358, -61.0032577515, 64.0163345337, -10.8849306107, -10.6178979874, -4.53915071487, -7.91617918015, 0.177239373326, -7.10329198837, -6.04856872559, -4.60675144196, -6.20946741104],
        "var": [10630.2558594, 979.618774414, 604.086364746, 480.136901855, 145.793273926, 196.987701416, 125.203918457, 104.135978699, 72.3673477173, 76.0916900635, 67.7892684937, 62.4274177551, 55.1960792542]
    },
    "mfcc_bands": {
        "mean": [3.50496266037e-05, 0.000207986871828, 0.000303640932543, 0.000227055352298, 0.000157922288054, 0.000145465644891, 9.4569826615e-05, 9.96267990558e-05, 7.6842137787e-05, 9.6739968285e-05, 5.58599640499e-05, 2.7165402571e-05, 2.8869639209e-05, 2.02277315111e-05, 3.00202173094e-05, 2.52012014244e-05, 2.90956395474e-05, 3.68844921468e-05, 3.7366815377e-05, 3.81556237699e-05, 6.61842423142e-05, 7.45797151467e-05, 6.43304520054e-05, 3.81712707167e-05, 5.49147152924e-05, 5.85446250625e-05, 3.78800577892e-05, 2.40483041125e-05, 1.63919594343e-05, 1.15011634989e-05, 5.27472911926e-06, 2.35543939198e-06, 1.15882392038e-06, 5.12136352881e-07, 2.61116554157e-07, 1.13577158345e-07, 7.05298646153e-08, 6.23233091801e-08, 6.08175625416e-08, 4.37858389546e-08],
        "var": [2.53916421222e-09, 6.38507060557e-08, 9.17479354712e-08, 6.92910191447e-08, 2.51993181877e-08, 2.55481165112e-08, 1.34955175923e-08, 5.66820332892e-08, 3.74528816849e-08, 4.76168651176e-08, 1.91189002408e-08, 3.52245677071e-09, 4.26764668049e-09, 2.41389086497e-09, 4.11537559586e-09, 4.94401941609e-09, 2.88465140663e-09, 4.50217374492e-09, 8.96068019784e-09, 4.3230352631e-09, 4.02380040398e-09, 4.36162617135e-09, 5.41861222558e-09, 1.01145847253e-09, 1.88514381882e-09, 1.9977870469e-09, 9.90420523372e-10, 4.36840119633e-10, 2.07889427895e-10, 9.6989298537e-11, 2.88110143382e-11, 9.44710282225e-12, 2.92196952398e-12, 7.05159726184e-13, 2.32181054981e-13, 3.85537549151e-14, 1.41261234684e-14, 2.19639370168e-14, 2.89406661884e-14, 2.4331024798e-14]
    }
}
}