{
"metadata": {
    "version": {
        "essentia": "2.1-dev"
    }
},
"lowlevel": {
    "mfcc": {
        "mean": [-635.299865723, 98.6587753296, -47.1310310364, 52.5038223267, -17.2195949554, -5.87142944336, -5.34504699707, -6.39417600632, 5.48047590256, -2.24228477478, -4.62288761139, -4.3178319931, -1.20576703548],
        "var": [10389.5351562, 868.104003906, 417.164764404, 242.909011841, 142.521881104, 89.5323867798, 109.063186646, 90.9468841553, 90.8820419312, 77.5099716187, 68.5486831665, 56.0085449219, 68.6695327759]
    },
    "mfcc_bands": {
        "mean": [5.35623366886e-05, 0.000204569514608, 0.000370511232177, 0.000504634517711, 0.000197513378225, 0.000149572180817, 0.000265247072093, 0.000293970078928, 0.000147584054503, 0.000131867127493, 7.72577113821e-05, 7.34918867238e-05, 5.85085435887e-05, 3.67940447177e-05, 5.33422353328e-05, 3.85860330425e-05, 3.49017427652e-05, 4.45850309916e-05, 5.59308064112e-05, 7.95636806288e-05, 9.93057110463e-05, 7.19598247088e-05, 5.682432311e-05, 4.03169869969e-05, 6.32807132206e-05, 6.69939545332e-05, 5.93183576711e-05, 4.96993416164e-05, 3.29350841639e-05, 2.32672482525e-05, 1.39248386404e-05, 7.01197132003e-06, 3.15137367579e-06, 1.45081480696e-06, 6.70680663006e-07, 3.77893854875e-07, 2.42449885945e-07, 2.37665958025e-07, 2.58646196016e-07, 1.94828871258e-07],
        "var": [5.4123887594e-09, 6.49072831038e-08, 2.05956197874e-07, 7.62662921261e-07, 9.13443898298e-08, 6.61433929849e-08, 1.83482754323e-07, 3.12955364734e-07, 5.09952400307e-08, 4.16939585079e-08, 1.22299654848e-08, 2.83599224105e-08, 8.22184098581e-09, 8.03836641694e-09, 9.78844383326e-09, 5.28112797937e-09, 3.15545389817e-09, 6.30094376675e-09, 7.97206300973e-09, 1.82564807716e-08, 1.90270963429e-08, 7.17890014101e-09, 4.22385415533e-09, 2.04146100025e-09, 3.85490128707e-09, 4.14912815216e-09, 4.13036804758e-09, 3.50582629594e-09, 1.35992472838e-09, 7.34000527025e-10, 2.5765117817e-10, 6.81721207263e-11, 1.35994132622e-11, 3.66757449063e-12, 1.02383271132e-12, 2.98510782065e-13, 2.08693522533e-13, 2.8107588956e-13, 3.91545872331e-13, 1.70862754284e-13]
    }
}
}