{
"metadata": {
    "version": {
        "essentia": "2.1-dev"
    }
},
"lowlevel": {
    "mfcc": {
        "mean": [-682.320617676, 93.8783340454, -30.9097251892, 53.9694290161, -4.00052928925, -3.89389753342, 2.96621799469, -3.10149025917, 0.0493053235114, -2.28801107407, -6.0016336441, -3.57132220268, -1.40766465664],
        "var": [10622.1210938, 725.523498535, 847.350769043, 293.726928711, 125.72530365, 98.8040618896, 105.009140015, 82.2046966553, 87.8888397217, 75.5196151733, 71.7637023926, 62.7001304626, 58.5164108276]
    },
    "mfcc_bands": {
        "mean": [4.654154327e-05, 0.000196681183297, 0.000192762337974, 0.000209602847463, 0.000149525367306, 7.51699262764e-05, 6.06814610364e-05, 4.5174445404e-05, 5.96864047111e-05, 3.16016739816e-05, 3.88960143027e-05, 3.32818781317e-05, 2.35759180214e-05, 2.3634695026e-05, 2.95580102829e-05, 2.24348605116e-05, 1.94285876205e-05, 2.59943426499e-05, 1.8386521333e-05, 3.48020148522e-05, 3.91600733565e-05, 5.06592659804e-05, 3.47485693055e-05, 2.66853348876e-05, 3.14643330057e-05, 3.69695662812e-05, 3.81199715775e-05, 2.78004317806e-05, 1.51076992552e-05, 5.99411077928e-06, 2.88539445137e-06, 1.75412230874e-06, 1.00763270439e-06, 5.41891779449e-07, 2.98258584053e-07, 1.86024422533e-07, 1.41959731081e-07, 1.23117331441e-07, 1.15045672544e-07, 8.47309280516e-08],
        "var": [2.6065183345e-09, 6.26736849085e-08, 4.64340423889e-08, 1.0964492958e-07, 3.72371751212e-08, 1.45847574018e-08, 6.65088206731e-09, 5.0433799359e-09, 6.68287247763e-09, 2.34618924289e-09, 5.19712228808e-09, 2.90252377688e-09, 1.61503199703e-09, 1.53113954848e-09, 5.2373523296e-09, 2.04998418241e-09, 1.26913568543e-09, 1.83839321544e-09, 8.69211869148e-10, 2.35783237379e-09, 3.41305184115e-09, 5.08548803069e-09, 2.09221306946e-09, 8.72505012683e-10, 1.22513776901e-09, 2.13486828216e-09, 2.5415913818e-09, 1.26472110562e-09, 2.99877983556e-10, 2.85813091944e-11, 6.31682466751e-12, 2.368262704e-12, 9.87552812963e-13, 3.07245440027e-13, 8.93550573702e-14, 4.61361329728e-14, 2.59496929018e-14, 2.01348489883e-14, 1.73283543954e-14, 9.75650495724e-15]
    }
}
}