{
"metadata": {
    "version": {
        "essentia": "2.1-dev"
    }
},
"lowlevel": {
    "mfcc": {
        "mean": [-692.46661377, 98.6254425049, -44.9367485046, 51.3463745117, -10.1827020645, -4.66872787476, -2.70434761047, -12.4546499252, -7.10850334167, -6.55111885071, -8.55807495117, -8.25873184204, -8.05600166321],
        "var": [15939.9091797, 1301.2286377, 1240.45324707, 302.135040283, 244.941314697, 145.609207153, 127.779159546, 101.142837524, 85.3756866455, 78.8776321411, 71.7078170776, 59.1778907776, 58.711894989]
    },
    "mfcc_bands": {
        "mean": [1.50449222929e-05, 0.000135247202707, 0.000291620992357, 0.000297598598991, 0.000162811673363, 6.97937648511e-05, 7.80178743298e-05, 8.24196249596e-05, 9.83913123491e-05, 7.09626619937e-05, 3.37592500728e-05, 2.86216218228e-05, 1.86565266631e-05, 2.55855829892e-05, 3.08118833345e-05, 2.85161586362e-05, 4.57569112768e-05, 3.24321990774e-05, 3.07416630676e-05, 3.2637588447e-05, 4.01890574722e-05, 3.25461478496e-05, 3.25086439261e-05, 2.71735571005e-05, 3.03899068967e-05, 4.56952329841e-05, 3.86287465517e-05, 2.36852683884e-05, 1.54352110258e-05, 1.03553875306e-05, 4.73987529404e-06, 2.74429726232e-06, 1.53803682679e-06, 8.66464461069e-07, 3.89708816328e-07, 2.3143212502e-07, 1.41842789958e-07, 1.12710978328e-07, 1.01808197428e-07, 8.8000653875e-08],
        "var": [1.3769899665e-09, 3.09958103628e-08, 1.0848896892e-07, 1.32982066248e-07, 5.65464475244e-08, 1.23999548407e-08, 4.20664463263e-08, 5.10818765065e-08, 8.05366937584e-08, 2.07531627439e-08, 5.64593616303e-09, 5.20847898144e-09, 1.31220934119e-09, 1.68002334267e-09, 3.80026277114e-09, 3.89158216763e-09, 1.32190907109e-08, 4.74141481632e-09, 5.5696780521e-09, 4.44566561342e-09, 2.07122585749e-09, 1.49033130281e-09, 1.5404888476e-09, 1.13512610422e-09, 1.22561683025e-09, 2.12538564526e-09, 1.57433011072e-09, 5.71711900044e-10, 2.34127217613e-10, 1.40043837638e-10, 4.03115631153e-11, 1.3971305883e-11, 5.34492328869e-12, 2.71495868322e-12, 6.6526309201e-13, 2.58593710681e-13, 8.53560589722e-14, 5.24794509064e-14, 9.03468787413e-14, 1.22420099774e-13]
    }
}
}