{
"metadata": {
    "version": {
        "essentia": "2.1-dev"
    }
},
"lowlevel": {
    "mfcc": {
        "mean": [-631.494384766, 94.6650161743, -46.0412216187, 60.4991416931, -11.2264089584, -9.10613441467, -3.91592669487, -3.82880043983, -0.762172520161, -2.44000315666, -4.4154510498, -1.79258441925, -3.6660130024],
        "var": [4538.03222656, 555.165771484, 442.241271973, 223.528274536, 156.497375488, 87.96459198, 110.339897156, 89.6848220825, 72.6592559814, 106.791313171, 78.2825088501, 66.5787734985, 69.5214767456]
    },
    "mfcc_bands": {
        "mean": [4.99814523209e-05, 0.00026794752921, 0.000333994888933, 0.000266315124463, 0.000130664659082, 0.0001331238891, 0.000141362383147, 0.00015039628488, 0.000143319470226, 0.00010172445036, 5.70792071812e-05, 2.87350139843e-05, 2.93556586257e-05, 4.1981224058e-05, 2.39262644754e-05, 2.19997327804e-05, 3.88224470953e-05, 3.9235848817e-05, 3.09888528136e-05, 4.83834119223e-05, 0.000101852623629, 0.000125592123368, 7.80485570431e-05, 5.57612765988e-05, 9.94482252281e-05, 7.41395997466e-05, 6.84954939061e-05, 4.57279747934e-05, 2.3000742658e-05, 1.63855202118e-05, 1.05630097096e-05, 4.33596915173e-06, 1.9620842977e-06, 1.15047964755e-06, 6.31232921933e-07, 3.49740645333e-07, 2.60772907268e-07, 2.16237353357e-07, 2.0863615191e-07, 1.4521516789e-07],
        "var": [3.81838383134e-09, 6.0435759508e-08, 7.05463918393e-08, 8.01525601446e-08, 1.788341919e-08, 2.04771648527e-08, 3.61704159957e-08, 4.31149125291e-08, 4.10043909937e-08, 2.21190372685e-08, 1.08317044223e-08, 1.62027546935e-09, 1.91805371585e-09, 7.93261634158e-09, 1.37618760832e-09, 9.82095293978e-10, 3.1339892903e-09, 2.97278357486e-09, 1.69597913491e-09, 4.51727544259e-09, 2.09928465722e-08, 4.20146726299e-08, 1.2242575842e-08, 4.90852380963e-09, 1.46655336764e-08, 6.13472073141e-09, 4.08984757172e-09, 1.68483238472e-09, 4.54572185449e-10, 2.51124704365e-10, 9.1032612004e-11, 1.88626805148e-11, 6.42387705529e-12, 2.23403739084e-12, 7.73578195858e-13, 3.04361299618e-13, 1.70035833287e-13, 1.94918002095e-13, 2.20133928989e-13, 8.54422937025e-14]
    }
}
}