{
"metadata": {
    "version": {
        "essentia": "2.1-dev"
    }
},
"lowlevel": {
    "mfcc": {
        "mean": [-704.09967041, 118.575340271, -46.8225669861, 51.0288467407, -10.6917610168, -10.6634111404, 3.60655808449, -8.07896327972, -1.966807127, -7.44694709778, -9.84718513489, -7.10138750076, -2.71949529648],
        "var": [5031.77001953, 697.377929688, 661.527160645, 273.580810547, 224.628189087, 169.045059204, 167.055984497, 154.521377563, 107.072067261, 91.5995330811, 104.865280151, 76.8601074219, 85.2938232422]
    },
    "mfcc_bands": {
        "mean": [1.81323448487e-05, 0.000103285987279, 0.000129801992443, 0.000127475635963, 9.03828913579e-05, 7.83583163866e-05, 6.30334689049e-05, 5.59613290534e-05, 3.99872842536e-05, 3.90661916754e-05, 3.11152543873e-05, 7.14284688001e-05, 0.000152288208483, 3.29758258886e-05, 1.6198027879e-05, 1.30596272356e-05, 1.73108164745e-05, 1.78480895556e-05, 1.88322810573e-05, 3.00325755234e-05, 2.43829326791e-05, 1.94387339434e-05, 1.69440227182e-05, 2.06031309062e-05, 2.34780764004e-05, 1.50581654452e-05, 1.12182005978e-05, 1.01815685412e-05, 5.97781490796e-06, 3.02079911307e-06, 1.60238425906e-06, 7.4650517945e-07, 3.59866618282e-07, 1.83467832926e-07, 1.04935779177e-07, 6.14376105545e-08, 4.36350546806e-08, 3.87975909177e-08, 4.01877535694e-08, 2.87735328897e-08],
        "var": [4.18725609741e-10, 1.44104683741e-08, 1.67987508348e-08, 4.1374001114e-08, 1.00298436223e-08, 1.08994155923e-08, 1.20352003918e-08, 1.47753294044e-08, 8.89179929686e-09, 1.27306858388e-08, 1.21407985887e-08, 3.26267475259e-08, 1.3566892676e-07, 1.37419675639e-08, 2.79001088899e-09, 1.08517583808e-09, 1.59291790869e-09, 1.50765644413e-09, 1.37295785851e-09, 2.61298338522e-09, 1.31707833528e-09, 7.61320395615e-10, 6.68796962255e-10, 1.10944375908e-09, 9.09021580231e-10, 3.17036313868e-10, 1.92038704383e-10, 1.9717638633e-10, 7.78305891957e-11, 1.95378851986e-11, 3.38609413945e-12, 9.61137311233e-13, 2.3379985014e-13, 5.96597627528e-14, 1.97365317449e-14, 6.07290181819e-15, 2.94539783188e-15, 3.27321927599e-15, 3.37883962583e-15, 2.50459680393e-15]
    }
}
}