{
"metadata": {
    "version": {
        "essentia": "2.1-dev"
    }
},
"lowlevel": {
    "mfcc": {
        "mean": [-779.93951416, 124.802322388, -35.5006942749, 46.5783538818, -12.8421497345, -6.87980413437, -7.23669052124, -3.91497087479, 0.853348910809, -0.53765052557, -6.7740893364, -8.54096984863, -5.032330513],
        "var": [13007.0957031, 1215.48327637, 639.575195312, 330.628936768, 240.122711182, 169.68800354, 214.388397217, 131.580154419, 158.720184326, 123.470611572, 75.8935699463, 74.8688583374, 76.5658721924]
    },
    "mfcc_bands": {
        "mean": [1.07052874228e-05, 6.19027487119e-05, 0.000122343379189, 0.000107989893877, 4.02134501201e-05, 2.66744100372e-05, 4.01246616093e-05, 6.09858179814e-05, 5.09679302922e-05, 9.94996662484e-05, 6.54577233945e-05, 1.27788662212e-05, 1.37663391797e-05, 8.1040770965e-06, 7.6389123933e-06, 4.49534536529e-06, 6.22260358796e-06, 6.36005597698e-06, 9.87149542198e-06, 1.18245752674e-05, 1.04878117781e-05, 7.97312532086e-06, 5.2253872127e-06, 4.1291650632e-06, 3.38426389135e-06, 3.70716770703e-06, 4.48536457043e-06, 2.99594444186e-06, 1.56758528647e-06, 9.87948965303e-07, 6.59648890178e-07, 3.822131589e-07, 2.44147202011e-07, 1.13997145945e-07, 5.87457478218e-08, 2.36530315334e-08, 1.54290340504e-08, 9.61808765965e-09, 8.04148125866e-09, 4.34290647888e-09],
        "var": [4.4395276344e-10, 5.62001822857e-09, 1.74512422291e-08, 2.78062017856e-08, 2.99711233609e-09, 2.12358552965e-09, 5.95145444038e-09, 1.72036553892e-08, 1.49988625964e-08, 7.071989927e-08, 4.16325782737e-08, 1.51971135676e-09, 3.1642581888e-09, 8.9081259036e-10, 5.06790887034e-10, 1.49778203729e-10, 2.94384572275e-10, 1.92994592529e-10, 5.97118021695e-10, 5.41387601416e-10, 5.09419728623e-10, 2.53948834184e-10, 7.75504452322e-11, 3.80886919227e-11, 2.58828687649e-11, 2.98301001955e-11, 3.86361290183e-11, 1.9139922286e-11, 5.92377015496e-12, 2.35467222977e-12, 9.31099164783e-13, 3.4604887315e-13, 1.50143433927e-13, 3.60252226542e-14, 1.01944091325e-14, 1.82981922969e-15, 1.35041943973e-15, 5.41365808705e-16, 2.82162503659e-16, 9.08379705506e-17]
    }
}
}