{
"metadata": {
    "version": {
        "essentia": "2.1-dev"
    }
},
"lowlevel": {
    "mfcc": {
        "mean": [-702.065490723, 127.901832581, -53.8567123413, 61.1670227051, 0.243694067001, -4.8406085968, 0.208071604371, -3.34837579727, -0.863870978355, -3.34697079659, -5.35432958603, -10.8696460724, -6.53885364532],
        "var": [9384.92480469, 855.242370605, 871.719421387, 758.725158691, 284.495178223, 260.902862549, 233.685623169, 141.801315308, 188.471588135, 139.619171143, 104.448455811, 85.5293426514, 77.8644104004]
    },
    "mfcc_bands": {
        "mean": [5.77175378567e-05, 0.00051405664999, 0.000444969977252, 0.000268595060334, 0.000142727571074, 8.82523381733e-05, 7.08723600837e-05, 7.43483906263e-05, 5.53984355065e-05, 6.58332428429e-05, 4.42964847025e-05, 4.49359285994e-05, 3.03696324409e-05, 2.2920061383e-05, 2.30204295804e-05, 2.64706795861e-05, 4.08043415518e-05, 6.01923929935e-05, 4.99844209116e-05, 4.69716796943e-05, 6.06078720011e-05, 4.06631115766e-05, 5.19732348039e-05, 3.12720731017e-05, 4.95628992212e-05, 3.6488771002e-05, 3.14778044412e-05, 1.6044044969e-05, 9.14010524866e-06, 4.26341603088e-06, 3.04007744489e-06, 1.86963393389e-06, 7.39186134524e-07, 2.8215967518e-07, 1.1742151429e-07, 6.80978047285e-08, 4.01357240776e-08, 3.64714445311e-08, 3.33011200837e-08, 2.66136268579e-08],
        "var": [6.09220984771e-09, 3.20211626104e-07, 2.56537219911e-07, 1.56104519533e-07, 5.01168813116e-08, 3.21388249347e-08, 1.83870305648e-08, 3.76736650765e-08, 1.16781286863e-08, 1.39633442586e-08, 8.1350375325e-09, 1.02768664689e-08, 6.33241326042e-09, 2.52229148678e-09, 1.91802551619e-09, 3.80687659174e-09, 8.84762307862e-09, 1.44010954273e-08, 1.46480854113e-08, 5.82570836016e-09, 5.68402080958e-09, 2.51111309524e-09, 3.65971897232e-09, 1.25611343549e-09, 2.99097258072e-09, 1.73768610612e-09, 1.96493243898e-09, 3.70336011857e-10, 1.21425772215e-10, 3.68693096886e-11, 2.42288914626e-11, 2.04629108796e-11, 2.01938184057e-12, 3.71732646835e-13, 6.547675813e-14, 2.59438771735e-14, 8.42931698427e-15, 1.45508876215e-14, 2.02308466203e-14, 9.83113872428e-15]
    }
}
}