{
"metadata": {
    "version": {
        "essentia": "2.1-dev"
    }
},
"lowlevel": {
    "mfcc": {
        "mean": [-662.406982422, 116.205886841, -49.0796508789, 54.3059234619, -15.0212259293, -15.7074480057, -1.00971341133, -3.6277821064, -4.04845142365, -5.94749689102, -5.31717157364, -11.2827358246, -6.80451774597],
        "var": [5903.11376953, 829.80078125, 576.898620605, 220.360794067, 159.295074463, 129.814331055, 131.630004883, 83.4626617432, 89.6073226929, 70.5011444092, 66.2370910645, 54.3522186279, 74.7419662476]
    },
    "mfcc_bands": {
        "mean": [2.06516087928e-05, 0.00014886027202, 0.000340371596394, 0.000298818951705, 0.000211532373214, 0.000154822264449, 0.000139067662531, 7.39417373552e-05, 0.000100370984001, 0.000130360553158, 0.000110397668323, 5.67462957406e-05, 2.37747353822e-05, 2.46509280259e-05, 2.66241277131e-05, 2.89176296064e-05, 3.39331490977e-05, 2.52567533607e-05, 2.58317541011e-05, 3.46945125784e-05, 4.32831038779e-05, 5.91634525335e-05, 5.12155311299e-05, 3.09795250359e-05, 4.62419229734e-05, 5.12684164278e-05, 5.35940489499e-05, 2.54228434642e-05, 9.13717212825e-06, 6.16643046669e-06, 4.14845817431e-06, 3.34550395564e-06, 1.50014966493e-06, 5.23283915754e-07, 2.11762852587e-07, 1.72905885165e-07, 1.07804815741e-07, 8.93061908869e-08, 1.06632320751e-07, 8.00600119533e-08],
        "var": [1.7114647477e-09, 2.61792560963e-08, 9.89285098285e-08, 9.64596154063e-08, 5.95254086022e-08, 5.29588675136e-08, 3.13568051524e-08, 1.02024415582e-08, 1.79877872597e-08, 2.11648885085e-08, 2.57391050695e-08, 7.59757856628e-09, 1.18981002828e-09, 1.68425251523e-09, 1.1381356968e-09, 2.22735607736e-09, 4.84152762326e-09, 1.75514136558e-09, 2.35325647857e-09, 3.93061050374e-09, 3.67761177067e-09, 7.69828378822e-09, 3.78225584186e-09, 1.01277508602e-09, 2.15669837544e-09, 4.03909972135e-09, 4.09971123716e-09, 1.1185665727e-09, 2.40637870741e-10, 1.02412606173e-10, 7.04251656991e-11, 4.09265746293e-11, 7.70769038871e-12, 9.26242914832e-13, 1.32419601543e-13, 1.01194850026e-13, 5.57709091311e-14, 6.84591611373e-14, 5.02562028722e-14, 1.9397540689e-14]
    }
}
}