{
"metadata": {
    "version": {
        "essentia": "2.1-dev"
    }
},
"lowlevel": {
    "mfcc": {
        "mean": [-676.489746094, 87.0655288696, -47.688457489, 71.3907318115, -8.99270820618, -1.97406792641, 3.87689566612, -7.55397462845, -3.82158303261, 3.17181015015, -8.0909948349, -7.5273308754, -4.118932724],
        "var": [1056.65136719, 301.007781982, 208.298950195, 184.605010986, 145.75328064, 98.8047180176, 109.226036072, 143.006240845, 101.038024902, 71.8823242188, 70.4463195801, 56.8343734741, 50.1946601868]
    },
    "mfcc_bands": {
        "mean": [2.28779917961e-05, 0.000146659949678, 0.000221782785957, 0.000141050404636, 5.60712869628e-05, 3.25782966684e-05, 4.06435283367e-05, 2.03407362278e-05, 2.15849158849e-05, 2.4942395612e-05, 2.20537967834e-05, 1.42466706166e-05, 1.32999684865e-05, 1.64765078807e-05, 6.61193143969e-06, 7.78789308242e-06, 1.29607778945e-05, 8.77270031197e-06, 1.64529010362e-05, 1.72446925717e-05, 2.36454798141e-05, 1.65809651662e-05, 1.55632569658e-05, 2.49790700764e-05, 3.18399288517e-05, 3.75857380277e-05, 4.10203538195e-05, 3.18320307997e-05, 2.19956509682e-05, 7.56511644795e-06, 2.53526013694e-06, 1.63553022503e-06, 9.09063260224e-07, 4.39241460981e-07, 2.35542714222e-07, 1.21288465493e-07, 7.95238790374e-08, 6.43276365508e-08, 5.13002333946e-08, 3.10786312241e-08],
        "var": [6.1703897547e-10, 1.57727146899e-08, 4.84185704863e-08, 4.97079675199e-08, 4.23355484003e-09, 1.44866818541e-09, 4.09501854648e-09, 7.87801435198e-10, 1.41981704171e-09, 2.13957251916e-09, 3.12772296951e-09, 1.09452891195e-09, 1.02521025003e-09, 2.26205809639e-09, 1.98058139333e-10, 7.7905328022e-11, 2.15155879224e-10, 1.15062778749e-10, 6.6479599603e-10, 4.10262518402e-10, 8.57382720376e-10, 2.89208629267e-10, 2.49208292891e-10, 5.12660580654e-10, 7.03106795008e-10, 6.83335388274e-10, 8.85149675778e-10, 5.3343940376e-10, 2.56112214769e-10, 3.00327263059e-11, 5.84808070025e-12, 3.34565816891e-12, 9.55524396586e-13, 1.77557648489e-13, 4.3956473254e-14, 1.51789964333e-14, 1.17489000909e-14, 5.77440401945e-15, 4.68162352079e-15, 1.82562196968e-15]
    }
}
}