{
"metadata": {
    "version": {
        "essentia": "2.1-dev"
    }
},
"lowlevel": {
    "mfcc": {
        "mean": [-678.18347168, 85.3725280762, -56.540802002, 61.534828186, -7.67284345627, -9.00650024414, 1.6824413538, 5.61745929718, -2.19865918159, -9.1752986908, -2.16044640541, -2.52190113068, -4.33282518387],
        "var": [2079.1652832, 489.172454834, 341.312805176, 183.230056763, 113.001968384, 77.9651260376, 109.229301453, 75.0588378906, 57.699382782, 53.4922676086, 57.0075035095, 49.8392486572, 46.4967422485]
    },
    "mfcc_bands": {
        "mean": [1.49617408169e-05, 7.78310277383e-05, 0.000106941661215, 9.31997128646e-05, 4.82270952489e-05, 2.83616554952e-05, 2.49604399869e-05, 3.62202372344e-05, 2.61972691078e-05, 2.92180866381e-05, 2.2501213607e-05, 1.79176950041e-05, 1.79123398993e-05, 1.2980766769e-05, 1.47287337313e-05, 1.84624950634e-05, 1.20675149446e-05, 8.83564098331e-06, 6.39312702333e-06, 1.38094746944e-05, 3.71009700757e-05, 6.75610644976e-05, 4.84408337798e-05, 2.91241667583e-05, 5.29915523657e-05, 3.14237477141e-05, 2.41782290686e-05, 2.28011958825e-05, 6.48293598715e-06, 4.84981728732e-06, 4.18963463744e-06, 2.02430851459e-06, 1.1026439779e-06, 5.91156435803e-07, 3.83156191219e-07, 2.05787529239e-07, 1.28891130657e-07, 1.0711114129e-07, 9.59009369694e-08, 7.19799615467e-08],
        "var": [5.12126341334e-10, 8.87722251264e-09, 1.92951326028e-08, 2.42961526453e-08, 4.38759073518e-09, 2.71019406917e-09, 1.3541702204e-09, 4.76119677018e-09, 2.94808111256e-09, 3.53139717468e-09, 2.08343675645e-09, 1.105570413e-09, 1.40829969908e-09, 6.21149576219e-10, 1.14490228409e-09, 2.39898745313e-09, 2.4011223565e-10, 1.9249893346e-10, 1.4280979177e-10, 4.80646300538e-10, 1.19729415271e-09, 2.58043142409e-09, 1.36167532805e-09, 5.21227561112e-10, 1.8614702002e-09, 7.16146086877e-10, 3.59484636503e-10, 3.36519423438e-10, 4.65953178819e-11, 2.98891952855e-11, 1.68488226843e-11, 5.80573306444e-12, 2.4939475398e-12, 9.37456709482e-13, 6.49447292819e-13, 3.00883206154e-13, 1.14015608478e-13, 8.03146747242e-14, 7.40006471898e-14, 4.24830323372e-14]
    }
}
}