{
"metadata": {
    "version": {
        "essentia": "2.1-dev"
    }
},
"lowlevel": {
    "mfcc": {
        "mean": [-678.882995605, 109.956474304, -63.5096054077, 54.1874504089, -16.191942215, -4.63408756256, -7.80969238281, -5.16367483139, -3.92898201942, -4.27896976471, -7.1725230217, -11.6262512207, -8.75046157837],
        "var": [5819.984375, 705.704101562, 429.459197998, 192.568618774, 249.642059326, 107.108062744, 162.303955078, 101.684295654, 86.2494277954, 91.76197052, 87.090927124, 70.880065918, 66.2327575684]
    },
    "mfcc_bands": {
        "mean": [1.57943504746e-05, 0.000101414298115, 0.000152710490511, 0.000153929286171, 0.000146102465806, 6.443059101e-05, 3.90673340007e-05, 6.39219215373e-05, 9.03927939362e-05, 0.000100317971373, 5.43779169675e-05, 4.2334660975e-05, 2.09024346987e-05, 1.83932024811e-05, 2.61647765001e-05, 1.82609146577e-05, 2.48836804531e-05, 3.74371156795e-05, 2.56025032286e-05, 3.58707438863e-05, 2.60650667769e-05, 3.68594519387e-05, 3.42218627338e-05, 3.54324256477e-05, 2.72555444099e-05, 2.75852107734e-05, 2.82872515527e-05, 2.00942104129e-05, 9.23007701203e-06, 4.94487403557e-06, 2.67259770226e-06, 1.93664368453e-06, 1.07750315692e-06, 4.69952823323e-07, 2.48284351301e-07, 1.61101979756e-07, 9.65987965174e-08, 6.12517965237e-08, 4.0869188922e-08, 2.34393642273e-08],
        "var": [7.85659592939e-10, 9.3243199828e-09, 2.1057699584e-08, 2.66066120247e-08, 2.04471302112e-08, 4.74093209135e-09, 2.83016610148e-09, 1.73562657579e-08, 2.89825994315e-08, 6.33535393035e-08, 9.55607237785e-09, 5.92184346004e-09, 1.90682380996e-09, 1.22750953846e-09, 2.26081131594e-09, 9.80933223538e-10, 1.38271183392e-09, 1.78648495996e-09, 1.18189569243e-09, 1.80944026429e-09, 6.06957484273e-10, 1.2157028717e-09, 1.86847048944e-09, 1.39348788064e-09, 6.59830468042e-10, 6.94438673232e-10, 1.81094250706e-09, 1.01476060888e-09, 9.66496604971e-11, 2.96432323132e-11, 1.26695182123e-11, 5.98234916466e-12, 2.32926004873e-12, 7.44876870688e-13, 4.8070011513e-13, 3.71317288982e-13, 1.64739044888e-13, 6.36922426692e-14, 1.46607579592e-14, 2.78185059284e-15]
    }
}
}