{
"metadata": {
    "version": {
        "essentia": "2.1-dev"
    }
},
"lowlevel": {
    "mfcc": {
        "mean": [-630.143249512, 105.285682678, -44.1688194275, 60.5478897095, -12.8466253281, -11.1210260391, -7.09422540665, -4.54200029373, -1.97227060795, -8.99129581451, -0.367273956537, -0.157460674644, 0.825788021088],
        "var": [1967.26269531, 511.436889648, 274.07623291, 143.752029419, 137.049819946, 68.1505203247, 77.2186584473, 53.0807380676, 59.9572563171, 60.1343421936, 65.5725250244, 53.8020095825, 56.2058258057]
    },
    "mfcc_bands": {
        "mean": [4.98171320942e-05, 0.000347185006831, 0.000325801374856, 0.000213436127524, 0.000179300288437, 0.000247764517553, 0.000371826463379, 0.000201308648684, 8.87935821083e-05, 9.33503397391e-05, 5.42475718248e-05, 4.09545937146e-05, 4.43730641564e-05, 2.38961092691e-05, 3.24132342939e-05, 2.34887247643e-05, 1.82516923815e-05, 2.43173108174e-05, 2.40368626692e-05, 2.97868482448e-05, 5.01353497384e-05, 7.88041579654e-05, 7.76311790105e-05, 4.81021452288e-05, 4.19439529651e-05, 5.42314519407e-05, 4.07234292652e-05, 2.54382302955e-05, 1.31346532726e-05, 1.08039175757e-05, 7.92102400737e-06, 4.39436644228e-06, 2.0689599296e-06, 9.8399664239e-07, 5.17231171671e-07, 2.62833225406e-07, 1.92671251398e-07, 1.52246954599e-07, 1.28472606775e-07, 8.12566298691e-08],
        "var": [1.45575118626e-09, 8.47315106967e-08, 9.79022587444e-08, 5.8569103345e-08, 2.56105572305e-08, 5.11676141457e-08, 1.42109485068e-07, 8.21849397425e-08, 2.1511770143e-08, 2.42385329585e-08, 1.03873896151e-08, 4.26315116542e-09, 5.00158670036e-09, 1.88170767856e-09, 2.20155405017e-09, 9.15870768115e-10, 8.46590908488e-10, 1.68381530941e-09, 7.03079094944e-10, 8.91322571306e-10, 2.22146456785e-09, 4.13496659135e-09, 3.6441889506e-09, 1.10602837999e-09, 9.93941706717e-10, 2.71687827791e-09, 1.86203075181e-09, 3.76035702576e-10, 1.44225659193e-10, 1.72937303367e-10, 1.10165786216e-10, 2.45831393436e-11, 6.08465274693e-12, 3.68961111663e-12, 2.31124841488e-12, 5.9102738979e-13, 2.72238015551e-13, 1.60455578945e-13, 6.97218568687e-14, 2.09378108113e-14]
    }
}
}