{
"metadata": {
    "version": {
        "essentia": "2.1-dev"
    }
},
"lowlevel": {
    "mfcc": {
        "mean": [-697.381774902, 119.59210968, -42.182182312, 59.9459342957, -16.4092903137, 2.56118822098, 2.15089035034, -1.44076657295, -1.52847278118, -6.36633062363, -2.27397465706, -6.22116184235, -5.76821613312],
        "var": [3977.49658203, 463.990081787, 641.869689941, 247.38458252, 154.228408813, 153.151428223, 142.265136719, 91.5005264282, 75.5090408325, 67.1972045898, 51.5201263428, 52.360534668, 47.619392395]
    },
    "mfcc_bands": {
        "mean": [3.70153029507e-05, 0.000268679461442, 0.000281527260086, 0.000161548086908, 0.00010007405217, 6.55194526189e-05, 6.70730296406e-05, 4.41332376795e-05, 4.83104704472e-05, 4.01590732508e-05, 3.64783736586e-05, 3.11755939038e-05, 2.25061830861e-05, 1.63550776051e-05, 1.71738447534e-05, 1.06963716462e-05, 1.57106369443e-05, 1.55653651746e-05, 1.15669745355e-05, 1.56885253091e-05, 1.42590297401e-05, 1.47612781802e-05, 1.46039019455e-05, 1.54932622536e-05, 1.91226336028e-05, 1.81500290637e-05, 1.30139924295e-05, 9.1956999313e-06, 6.37575431028e-06, 4.3874279072e-06, 2.64311393039e-06, 1.31344802412e-06, 6.8483046789e-07, 3.03512535993e-07, 1.05671844608e-07, 4.5471814758e-08, 2.74975988646e-08, 2.02447907327e-08, 1.6013512294e-08, 9.95018378802e-09],
        "var": [1.35398114942e-09, 5.30124744103e-08, 4.24073114402e-08, 4.9354557774e-08, 2.53804159911e-08, 7.00108326868e-09, 9.25046705902e-09, 5.3552917656e-09, 8.54054338362e-09, 6.35017238793e-09, 6.49954134957e-09, 2.92513369082e-09, 2.01342409412e-09, 9.70641456099e-10, 1.24608201535e-09, 2.22642432268e-10, 8.21588297395e-10, 9.84937686965e-10, 5.71420022411e-10, 1.52570323042e-09, 4.04747374505e-10, 4.06918471141e-10, 2.18774554028e-10, 3.83894249723e-10, 3.04283570562e-10, 2.7394556068e-10, 2.46670794901e-10, 1.52462806269e-10, 4.55452273118e-11, 1.84091110411e-11, 7.17649203952e-12, 2.19186105897e-12, 8.00482239088e-13, 1.66340628337e-13, 1.96641849668e-14, 3.18717788096e-15, 9.94694718641e-16, 5.96872089497e-16, 3.38965644832e-16, 1.03638855228e-16]
    }
}
}