{
"metadata": {
    "version": {
        "essentia": "2.1-dev"
    }
},
"lowlevel": {
    "mfcc": {
        "mean": [-728.168395996, 116.149780273, -36.8872146606, 44.6253204346, -15.6256904602, -8.66253948212, -8.46953487396, -4.89151525497, -0.891149878502, -5.66623258591, -5.86039829254, -5.4718170166, -3.44730496407],
        "var": [9050.33789062, 934.943786621, 557.12902832, 653.671813965, 237.550186157, 199.72114563, 141.26423645, 138.565505981, 108.380661011, 91.4469909668, 73.8864135742, 75.4852981567, 73.8608627319]
    },
    "mfcc_bands": {
        "mean": [1.93362793652e-05, 8.87524292921e-05, 0.000123460180475, 0.000166685989825, 0.000115982322313, 9.00113009266e-05, 8.1841229985e-05, 4.95084750582e-05, 6.03982734901e-05, 3.49047331838e-05, 5.90896634094e-05, 3.40888691426e-05, 1.39800349643e-05, 1.1349146007e-05, 1.17999061331e-05, 6.40673033558e-06, 7.67457731854e-06, 9.04000262381e-06, 9.05309570953e-06, 1.26163868117e-05, 1.86068609764e-05, 1.43548086271e-05, 1.08980402729e-05, 1.03691791082e-05, 1.22474739328e-05, 8.5805559138e-06, 6.00261546424e-06, 5.58407327844e-06, 3.42427620126e-06, 2.24355062528e-06, 1.84790974345e-06, 1.12655220619e-06, 6.00530484007e-07, 3.46141519003e-07, 1.55375118993e-07, 9.01606469483e-08, 6.7653537883e-08, 5.16375777693e-08, 3.59885135026e-08, 2.41194797468e-08],
        "var": [5.29395471904e-10, 8.23769230607e-09, 3.15008215068e-08, 1.01079010051e-07, 4.57416433619e-08, 1.31629498412e-08, 1.81666823806e-08, 9.80477032897e-09, 2.04875636456e-08, 4.77265249543e-09, 2.5155886263e-08, 8.38362623767e-09, 9.98163218746e-10, 8.60113980039e-10, 6.18758155824e-10, 2.67468464044e-10, 5.40773259505e-10, 3.67261943079e-10, 6.12822126378e-10, 1.30776234286e-09, 2.16604956194e-09, 7.81242348591e-10, 2.8187008283e-10, 2.43513098575e-10, 6.29384544482e-10, 2.11732811839e-10, 5.95480678656e-11, 5.25598627121e-11, 2.87223942547e-11, 1.34355348028e-11, 7.16359393679e-12, 2.56595699549e-12, 8.90796822157e-13, 3.50442304299e-13, 1.20855609591e-13, 4.37704546544e-14, 2.66107936468e-14, 1.28916923794e-14, 6.63094999374e-15, 2.86014947146e-15]
    }
}
}