{
"metadata": {
    "version": {
        "essentia": "2.1-dev"
    }
},
"lowlevel": {
    "mfcc": {
        "mean": [-674.918701172, 127.386886597, -45.9682006836, 53.5425224304, -14.1135168076, -7.44804191589, -4.17284011841, -7.66975355148, -2.24385333061, -6.10045099258, -6.50487852097, -5.86065101624, -7.52212572098],
        "var": [9631.87792969, 1211.69494629, 897.908081055, 302.069976807, 210.720367432, 146.945602417, 142.000808716, 88.2464981079, 75.7457122803, 83.3269958496, 70.4398193359, 63.3171577454, 60.7502365112]
    },
    "mfcc_bands": {
        "mean": [4.10501124861e-05, 0.000155205387273, 0.000402067758841, 0.000462170428364, 0.000298504135571, 0.000217824155698, 0.000176531772013, 0.00020738891908, 0.00012611807324, 0.000114357382699, 7.6452815847e-05, 6.4117826696e-05, 5.51984267076e-05, 4.18891977461e-05, 3.43795509252e-05, 3.27155830746e-05, 2.94839428534e-05, 4.2043870053e-05, 3.02357821056e-05, 3.35945223924e-05, 4.64833101432e-05, 4.96548273077e-05, 4.28440944233e-05, 3.23855056195e-05, 3.56962518708e-05, 2.97330625472e-05, 2.34260132856e-05, 1.74095494003e-05, 1.32151972139e-05, 7.81645849202e-06, 4.27832264904e-06, 2.51927849604e-06, 1.30263072151e-06, 6.10469101048e-07, 3.50814730155e-07, 2.00943588879e-07, 1.27707792785e-07, 8.94097311743e-08, 7.89666643186e-08, 5.54304406819e-08],
        "var": [2.33960761875e-09, 3.57947946839e-08, 1.42562186056e-07, 3.28500448177e-07, 1.7416957121e-07, 1.50889562178e-07, 7.78569457793e-08, 1.8017753689e-07, 6.07878831715e-08, 3.92377472735e-08, 2.12327044835e-08, 1.59061936955e-08, 1.30597239689e-08, 1.09912514645e-08, 4.26432844591e-09, 5.60526869364e-09, 2.74817724133e-09, 6.64933752503e-09, 2.44889197809e-09, 3.11692227584e-09, 6.18836892841e-09, 9.65547375387e-09, 3.12959325122e-09, 2.03996397552e-09, 1.86762916243e-09, 1.22687737747e-09, 9.59787693766e-10, 4.24046381342e-10, 3.02474628677e-10, 1.17447232495e-10, 6.7709483853e-11, 4.80768029554e-11, 1.23654914433e-11, 2.23868189611e-12, 1.45070392331e-12, 6.43689908233e-13, 2.93131729827e-13, 1.19856476632e-13, 1.03785496907e-13, 6.65293829142e-14]
    }
}
}