{
"metadata": {
    "version": {
        "essentia": "2.1-dev"
    }
},
"lowlevel": {
    "mfcc": {
        "mean": [-746.09753418, 99.0382614136, -43.1523895264, 45.8275756836, 0.449004769325, -4.29012870789, -6.5029540062, -4.9502530098, -6.89918804169, -4.40022182465, -3.7473180294, -9.98556518555, -6.05784416199],
        "var": [10686.7460938, 1093.44104004, 877.170654297, 508.092956543, 373.888214111, 197.860397339, 242.48197937, 158.826400757, 163.303436279, 119.78855896, 103.782997131, 71.2979660034, 76.6038284302]
    },
    "mfcc_bands": {
        "mean": [1.28499232233e-05, 6.06774483458e-05, 8.94028271432e-05, 9.36358410399e-05, 4.57746209577e-05, 2.4077578928e-05, 2.54355181823e-05, 2.55329596257e-05, 2.23887491302e-05, 2.22533235501e-05, 1.40828851727e-05, 1.0224171092e-05, 9.688845239e-06, 8.33538615552e-06, 8.94644654181e-06, 1.00254865174e-05, 1.36260132422e-05, 1.33707599161e-05, 1.51394115164e-05, 1.33058074425e-05, 1.50597807078e-05, 1.52886586875e-05, 1.45951953527e-05, 1.23594145407e-05, 1.31545566546e-05, 1.50218447743e-05, 1.15370203275e-05, 5.06225114805e-06, 3.06798233396e-06, 2.19620369535e-06, 1.6363760551e-06, 9.48166530179e-07, 5.18098829616e-07, 2.20861622324e-07, 1.54650251716e-07, 9.47778246996e-08, 6.89934793741e-08, 5.96681033471e-08, 5.67671527563e-08, 3.38981394066e-08],
        "var": [5.72998759552e-10, 6.15728934505e-09, 1.50692827106e-08, 2.52303795634e-08, 4.39264580265e-09, 1.72022052158e-09, 2.10365347364e-09, 2.75321720977e-09, 1.93719329467e-09, 2.12580109071e-09, 9.55675538705e-10, 8.8090362782e-10, 6.32701113723e-10, 3.94316912455e-10, 3.39179712094e-10, 4.59389137841e-10, 5.68802227541e-10, 6.40052011391e-10, 1.12787457152e-09, 5.40716194042e-10, 5.01389318952e-10, 5.19276677213e-10, 3.77563369458e-10, 2.23293064594e-10, 2.6390442609e-10, 2.96901420116e-10, 1.81431300539e-10, 3.33294156163e-11, 1.44715480918e-11, 7.14341823541e-12, 4.07874168468e-12, 1.44629295519e-12, 3.65840387498e-13, 1.22523437793e-13, 7.51006922666e-14, 6.05800132281e-14, 4.13533241667e-14, 2.85892152779e-14, 2.67963209673e-14, 9.15519542095e-15]
    }
}
}