{
"metadata": {
    "version": {
        "essentia": "2.1-dev"
    }
},
"lowlevel": {
    "mfcc": {
        "mean": [-737.495361328, 136.752365112, -38.3152732849, 49.9369430542, -1.0535235405, -13.2682409286, -7.85613679886, -5.95691537857, -6.67075586319, -5.60584783554, -7.79350805283, -3.49936389923, -5.2519030571],
        "var": [11420.6425781, 1332.66723633, 1023.74121094, 400.149200439, 183.10559082, 115.129180908, 140.290557861, 78.6967849731, 79.1092376709, 119.556602478, 84.2008895874, 66.6068725586, 68.1064224243]
    },
    "mfcc_bands": {
        "mean": [1.63163967954e-05, 0.000113855203381, 0.000213840437937, 0.000223808310693, 0.000128176645376, 0.000102963320387, 6.85212216922e-05, 6.48903805995e-05, 3.91135654354e-05, 3.64976331184e-05, 2.70048712991e-05, 1.70479052031e-05, 1.2688185052e-05, 1.2324085219e-05, 1.18536236187e-05, 1.22559195006e-05, 1.42123208207e-05, 1.42980788951e-05, 1.99298665393e-05, 2.34502804233e-05, 2.63628353423e-05, 3.72891445295e-05, 4.02140249207e-05, 2.22434500756e-05, 1.40671381814e-05, 1.25530596051e-05, 1.21859084175e-05, 7.33518254492e-06, 3.64425068256e-06, 2.03530498766e-06, 9.94662968878e-07, 5.3703439562e-07, 2.86214941525e-07, 1.67762763681e-07, 1.00297242511e-07, 5.73315297459e-08, 3.63201699827e-08, 2.50519143208e-08, 1.88426838577e-08, 1.32738273706e-08],
        "var": [7.34527605406e-10, 2.84125309946e-08, 4.94375846927e-08, 5.93272204696e-08, 1.6529435598e-08, 1.85243251849e-08, 7.91262788624e-09, 6.90795598501e-09, 4.68302063794e-09, 5.43059508473e-09, 3.95327193203e-09, 9.48554457203e-10, 5.91098892055e-10, 6.51576459454e-10, 3.675818816e-10, 4.7139075976e-10, 7.0584960099e-10, 8.35612024019e-10, 1.95375582379e-09, 2.23823848344e-09, 1.92786209219e-09, 4.49511183831e-09, 3.59021190555e-09, 1.02455877116e-09, 3.38203909322e-10, 3.3456903914e-10, 3.89400955925e-10, 1.36283609398e-10, 2.93733440349e-11, 1.56412782032e-11, 2.51640613728e-12, 7.66390802816e-13, 2.25476131906e-13, 7.21627212196e-14, 2.66988037581e-14, 9.12894502288e-15, 3.78860388428e-15, 1.84767807235e-15, 1.14443849701e-15, 5.85178905539e-16]
    }
}
}