{
"metadata": {
    "version": {
        "essentia": "2.1-dev"
    }
},
"lowlevel": {
    "mfcc": {
        "mean": [-625.165161133, 93.0324249268, -74.7822952271, 70.8073120117, 4.42475271225, -7.64597797394, 3.89058184624, 1.38949799538, -2.06893205643, -0.289389163256, -2.69288492203, -3.58575391769, -3.31535506248],
        "var": [10170.9609375, 410.586425781, 289.140441895, 143.685684204, 88.2843933105, 82.7011489868, 64.4864578247, 50.5426368713, 45.4739189148, 45.8036422729, 43.5179672241, 44.8787460327, 38.6660270691]
    },
    "mfcc_bands": {
        "mean": [0.000107986110379, 0.000390394940041, 0.000257375417277, 0.000323800690239, 0.000170328334207, 0.000108131062007, 9.15193450055e-05, 6.33752788417e-05, 6.68971188134e-05, 6.02134350629e-05, 5.59881555091e-05, 5.2630493883e-05, 2.71427234111e-05, 4.00409116992e-05, 3.62084974768e-05, 5.47641866433e-05, 6.58486605971e-05, 5.59361251362e-05, 7.62016934459e-05, 0.000138401577715, 0.00020728042, 0.000286942464299, 0.000241765461396, 0.00020396700711, 0.000325690227328, 0.000274806428934, 0.000134204223286, 7.94922743808e-05, 3.16417426802e-05, 1.93454670807e-05, 7.2880220614e-06, 4.09282165492e-06, 2.35867014453e-06, 1.08886706585e-06, 4.53828022273e-07, 3.17900884284e-07, 2.98995843195e-07, 1.3734538129e-07, 1.10160293332e-07, 8.22437229431e-08],
        "var": [8.36225932943e-09, 1.25403360585e-07, 5.17584552995e-08, 1.94174361923e-07, 3.79870144229e-08, 2.13068052091e-08, 3.5849414104e-08, 1.37227003094e-08, 1.53559227556e-08, 1.26263648426e-08, 1.12286189236e-08, 1.0993240096e-08, 1.99591787542e-09, 5.35233990462e-09, 1.99618521712e-09, 2.67749022953e-09, 3.81666653837e-09, 2.3829520579e-09, 3.56244389543e-09, 1.21884529136e-08, 2.5743901233e-08, 4.89221889666e-08, 2.97810540673e-08, 1.71213994093e-08, 4.18544310321e-08, 3.7056601343e-08, 8.43134007056e-09, 3.76818709569e-09, 7.38728078709e-10, 2.95055341271e-10, 9.74615319005e-11, 5.50268129673e-11, 1.77788044703e-11, 5.86517162962e-12, 1.3855999681e-12, 5.79269488279e-13, 6.31997438324e-13, 1.97796924781e-13, 1.20514492483e-13, 4.22229525648e-14]
    }
}
}