{
"metadata": {
    "version": {
        "essentia": "2.1-dev"
    }
},
"lowlevel": {
    "mfcc": {
        "mean": [-736.648864746, 88.8444290161, -50.440952301, 67.0125427246, -10.4776611328, -5.34486579895, 1.7206350565, -4.71975517273, 1.1826094389, -10.4075717926, -4.66236352921, -4.84683418274, -1.34853947163],
        "var": [5488.59423828, 770.538513184, 443.37991333, 434.518096924, 192.788665771, 106.500846863, 108.411231995, 88.917388916, 82.7534332275, 75.8592147827, 71.9183959961, 64.9485473633, 54.2134399414]
    },
    "mfcc_bands": {
        "mean": [7.77521927375e-06, 5.78167164349e-05, 6.62794773234e-05, 4.05471546401e-05, 2.39854416577e-05, 1.87068635569e-05, 1.71505853359e-05, 1.59103728947e-05, 1.12580728455e-05, 9.22979597817e-06, 9.26148550207e-06, 6.56758902551e-06, 5.68397263123e-06, 5.46263254364e-06, 5.83205746807e-06, 3.87654972656e-06, 4.34330104326e-06, 4.39857512902e-06, 5.30065153725e-06, 6.93916172168e-06, 1.17204763228e-05, 1.77736528713e-05, 1.35357959152e-05, 1.10438377305e-05, 1.31805600176e-05, 2.10515809158e-05, 1.83460888366e-05, 1.16304599942e-05, 5.26641269971e-06, 3.21906190948e-06, 2.69283464149e-06, 1.58555565122e-06, 5.48065656858e-07, 1.86089337717e-07, 9.25187606526e-08, 5.26636156906e-08, 3.54570630634e-08, 3.11597894154e-08, 3.4092259682e-08, 2.55781973379e-08],
        "var": [1.97840008265e-10, 4.36038272156e-09, 3.90320620269e-09, 2.73503375503e-09, 1.008563566e-09, 7.11193270941e-10, 1.06444275616e-09, 1.14351828007e-09, 7.52715334507e-10, 3.94436566742e-10, 4.6661707831e-10, 2.80217793414e-10, 2.23451562809e-10, 8.57193413473e-11, 1.10874059933e-10, 5.8980091644e-11, 8.04551217315e-11, 4.552039648e-11, 7.16261147615e-11, 5.68767116738e-11, 1.51470225251e-10, 2.22238644154e-10, 1.16620532675e-10, 8.33050711746e-11, 1.45944548113e-10, 3.93081928118e-10, 2.77294937012e-10, 1.08021744327e-10, 2.22015600349e-11, 7.98744403951e-12, 5.47004498988e-12, 2.01422971184e-12, 2.69646880779e-13, 5.24808976387e-14, 2.50371470382e-14, 1.01936806842e-14, 5.5968142447e-15, 6.91530954204e-15, 9.63001075096e-15, 4.40921476034e-15]
    }
}
}