{
"metadata": {
    "version": {
        "essentia": "2.1-dev"
    }
},
"lowlevel": {
    "mfcc": {
        "mean": [-707.732543945, 108.122131348, -39.0401268005, 49.477935791, -8.51908588409, -4.17499303818, -2.75780034065, -6.50863265991, -1.53058302402, -3.43239212036, -5.78807592392, -1.80589723587, -4.22733879089],
        "var": [10770.6464844, 1338.5201416, 722.241394043, 446.283447266, 235.270065308, 233.493179321, 142.762207031, 133.608856201, 100.565589905, 108.563209534, 114.028709412, 94.6307373047, 74.339881897]
    },
    "mfcc_bands": {
        "mean": [4.80489034089e-05, 0.000150774329086, 0.000105723942397, 0.000102160105598, 0.000120868055092, 9.61385376286e-05, 5.9739115386e-05, 6.09704511589e-05, 4.72683859698e-05, 4.41051306552e-05, 2.969945308e-05, 1.75698860403e-05, 1.61029020092e-05, 1.50703363033e-05, 1.27960147438e-05, 1.99651349249e-05, 1.79154449143e-05, 2.24313262152e-05, 1.47234650285e-05, 2.4557713914e-05, 3.19240389217e-05, 2.96600446745e-05, 2.67994510068e-05, 2.4238943297e-05, 2.33417613344e-05, 2.1366891815e-05, 1.7894210032e-05, 1.5488381905e-05, 1.11793169708e-05, 7.75681291998e-06, 4.22153971158e-06, 2.51653682426e-06, 1.23007862385e-06, 5.62994046049e-07, 2.89403743636e-07, 1.87430870824e-07, 1.2704131791e-07, 8.85153141894e-08, 9.30573520463e-08, 5.33134532077e-08],
        "var": [2.49498999239e-09, 2.25483827165e-08, 1.45220990788e-08, 4.85026241392e-08, 2.86908541369e-08, 2.95730337996e-08, 1.45232768034e-08, 1.60634119339e-08, 1.26088588459e-08, 1.07742641475e-08, 4.9838009275e-09, 1.58238688819e-09, 1.47658785199e-09, 9.408788193e-10, 6.10597350459e-10, 2.6344206816e-09, 1.396780136e-09, 1.98728211664e-09, 1.44337408692e-09, 2.09094030978e-09, 3.30891847256e-09, 2.45126607901e-09, 3.15430703779e-09, 1.65795499552e-09, 8.4294182745e-10, 7.55072671055e-10, 7.84106779506e-10, 7.85017162386e-10, 3.14179321448e-10, 2.47778880746e-10, 1.13333009644e-10, 7.00624142036e-11, 2.03354468681e-11, 4.16875735321e-12, 1.02707480108e-12, 3.99074843267e-13, 1.80950848923e-13, 1.09385570534e-13, 1.22132366069e-13, 6.00816325944e-14]
    }
}
}