{
"metadata": {
    "version": {
        "essentia": "2.1-dev"
    }
},
"lowlevel": {
    "mfcc": {
        "mean": [-716.546386719, 106.194206238, -55.267364502, 48.512462616, -11.6632070541, -6.87802171707, -6.99934864044, -7.65265846252, -0.680876970291, -1.4645485878, -4.41941022873, -1.97132134438, -5.27121114731],
        "var": [10002.8574219, 1025.05688477, 789.913757324, 325.188323975, 258.881500244, 203.133575439, 193.566192627, 153.591049194, 117.338546753, 110.484550476, 77.8274307251, 82.1181488037, 68.7437133789]
    },
    "mfcc_bands": {
        "mean": [1.92905299627e-05, 0.00010791207751, 6.95001581335e-05, 7.07006838638e-05, 7.29081439204e-05, 5.64310357731e-05, 4.16028233303e-05, 4.62824755232e-05, 4.46457888756e-05, 4.54032342532e-05, 4.34731737187e-05, 2.87307957478e-05, 1.12166362669e-05, 1.11305162136e-05, 1.9979350327e-05, 1.42924827742e-05, 1.67085308931e-05, 1.93585456145e-05, 1.4278013623e-05, 2.06916774914e-05, 2.86828199023e-05, 2.61354616669e-05, 1.83719002962e-05, 1.62108026416e-05, 1.41887276186e-05, 1.46201482494e-05, 1.23436993817e-05, 8.83851316758e-06, 5.59147338208e-06, 3.98316205974e-06, 2.09209861168e-06, 1.22452297546e-06, 7.67287701819e-07, 3.19119720871e-07, 1.34681840791e-07, 6.361010918e-08, 5.37945616941e-08, 3.85607492603e-08, 2.97343394351e-08, 1.51832910689e-08],
        "var": [9.42023903328e-10, 1.66619695818e-08, 4.70393235474e-09, 4.56152413619e-08, 1.21021033195e-08, 9.26150800495e-09, 5.55292034576e-09, 5.87756598946e-09, 5.51357226541e-09, 1.26861303684e-08, 8.05292277306e-09, 3.90712351361e-09, 4.9915427347e-10, 3.43383377288e-10, 9.7595376225e-10, 7.92615639789e-10, 6.66607602451e-10, 1.00644259593e-09, 4.13172995817e-10, 9.4558449959e-10, 1.29032373675e-09, 1.18886633871e-09, 6.46272590998e-10, 4.31798735656e-10, 2.09182490774e-10, 3.06248582049e-10, 2.0429402614e-10, 1.23089288762e-10, 4.44414886835e-11, 2.05361942729e-11, 1.18594734727e-11, 1.02387256659e-11, 5.01746951279e-12, 7.73459638351e-13, 9.6435114397e-14, 2.03291854515e-14, 1.00559234808e-14, 7.55909481602e-15, 4.84426146996e-15, 1.54578398912e-15]
    }
}
}