{
"metadata": {
    "version": {
        "essentia": "2.1-dev"
    }
},
"lowlevel": {
    "mfcc": {
        "mean": [-681.524047852, 107.246040344, -52.7564811707, 55.9861297607, -28.8793582916, -9.16919994354, 1.90632081032, -2.09891867638, -2.21265530586, -6.16934967041, -4.98223018646, -11.4188804626, -6.16098737717],
        "var": [4744.11376953, 807.181274414, 521.544799805, 317.764434814, 164.713119507, 106.447547913, 84.3163299561, 98.6113815308, 69.9980697632, 73.063911438, 65.6825180054, 62.1707229614, 47.0217895508]
    },
    "mfcc_bands": {
        "mean": [1.32046470753e-05, 8.9855522674e-05, 0.00017877035134, 0.000129978754558, 7.90737030911e-05, 6.86627681716e-05, 8.24225207907e-05, 3.79388875444e-05, 6.19710990577e-05, 0.000129598614876, 6.14335294813e-05, 5.73796896788e-05, 2.9987324524e-05, 2.6248380891e-05, 2.5328799893e-05, 1.63576551131e-05, 1.414230519e-05, 1.61344996741e-05, 1.12323923531e-05, 1.38631367008e-05, 1.87847635971e-05, 2.47846001002e-05, 2.15477684833e-05, 1.94895510504e-05, 2.48824417213e-05, 4.7172390623e-05, 3.04021414195e-05, 1.46957427205e-05, 7.51438756197e-06, 7.03853766026e-06, 3.2273483157e-06, 1.3528516547e-06, 9.29156271923e-07, 5.00556893712e-07, 1.66541482827e-07, 1.17531605781e-07, 1.08233933815e-07, 8.68082139505e-08, 6.65934791755e-08, 3.81356066725e-08],
        "var": [5.52865475623e-10, 2.40145929808e-08, 4.45690311324e-08, 1.40707463459e-08, 8.39693292676e-09, 1.06216582196e-08, 1.59741535555e-08, 4.31412772173e-09, 8.39577918299e-09, 3.15842534349e-08, 6.34937791233e-09, 1.18745413502e-08, 3.25369353682e-09, 1.63523528052e-09, 2.44277442718e-09, 1.19958221134e-09, 6.57556231687e-10, 8.46783809738e-10, 3.22434606792e-10, 5.12933417962e-10, 8.06173128254e-10, 1.38275935146e-09, 6.97496060909e-10, 3.86964904564e-10, 6.17801865221e-10, 1.57037383097e-09, 4.84193407591e-10, 1.37155425906e-10, 3.3989207282e-11, 2.63618744889e-11, 7.9505959108e-12, 1.99169868965e-12, 1.05370389063e-12, 5.01924782119e-13, 2.08897311883e-13, 1.93979150776e-13, 2.75698192574e-13, 2.15345753382e-13, 1.11178508891e-13, 3.11560978026e-14]
    }
}
}