{
"metadata": {
    "version": {
        "essentia": "2.1-dev"
    }
},
"lowlevel": {
    "mfcc": {
        "mean": [-688.329284668, 111.740837097, -44.4710235596, 42.8223495483, -15.3442907333, -9.25702762604, -7.3139500618, -8.94649124146, -4.16555404663, -10.4193353653, -7.37425374985, -6.72728013992, -6.18870544434],
        "var": [7959.22753906, 875.935302734, 470.450073242, 248.331604004, 239.957092285, 94.3924026489, 104.929489136, 113.721786499, 103.229125977, 101.624008179, 64.849357605, 62.1951255798, 83.7043685913]
    },
    "mfcc_bands": {
        "mean": [1.12793923108e-05, 5.50618169655e-05, 0.000196114982828, 0.000223498020205, 8.53708916111e-05, 7.32774788048e-05, 0.00013613550982, 0.000106666753709, 0.000115132221254, 8.29767086543e-05, 5.12589685968e-05, 3.9089605707e-05, 3.08496018988e-05, 2.47487078013e-05, 2.50755638262e-05, 1.82440890057e-05, 1.68667993421e-05, 2.13784660446e-05, 2.15780673898e-05, 2.47530078923e-05, 2.55373979599e-05, 2.33769205806e-05, 2.51100991591e-05, 1.51448020915e-05, 1.85412209248e-05, 2.08351520996e-05, 1.45225703818e-05, 1.10396777018e-05, 7.66853463574e-06, 5.23218250237e-06, 3.48822186425e-06, 2.04402635973e-06, 8.80622678778e-07, 4.48582198942e-07, 2.22593513399e-07, 1.32930580321e-07, 7.1827152226e-08, 5.90529580791e-08, 6.7095356826e-08, 4.95322858285e-08],
        "var": [6.48529729919e-10, 5.83477977045e-09, 3.0952850949e-08, 4.33114344389e-08, 7.11942194087e-09, 7.00231073125e-09, 4.41081837721e-08, 3.85300324979e-08, 5.23852818901e-08, 4.04906188578e-08, 1.54646571104e-08, 4.22146850809e-09, 2.45072540039e-09, 2.11167217046e-09, 2.56662602283e-09, 1.13768361398e-09, 8.45210734735e-10, 1.38295197516e-09, 1.82384329861e-09, 1.68025615643e-09, 1.22743692987e-09, 7.5724615467e-10, 7.24797166729e-10, 2.11440101539e-10, 2.86305867903e-10, 3.78133885315e-10, 1.92387092368e-10, 1.06048364534e-10, 4.52811226015e-11, 2.03607929128e-11, 1.06126227598e-11, 6.08977972216e-12, 1.04916672138e-12, 2.75877763559e-13, 6.77138737876e-14, 2.96156091458e-14, 1.45810826521e-14, 1.61562454496e-14, 2.4569268061e-14, 1.49899488438e-14]
    }
}
}