{
"metadata": {
    "version": {
        "essentia": "2.1-dev"
    }
},
"lowlevel": {
    "mfcc": {
        "mean": [-683.966186523, 101.030990601, -47.6274528503, 46.5886077881, -13.538476944, -13.2114143372, -4.51058959961, -4.47121620178, 0.139578565955, -7.37922811508, -3.05282115936, -4.05722045898, -7.85593652725],
        "var": [3760.18920898, 749.482727051, 381.887969971, 236.703521729, 138.261367798, 106.788887024, 92.4995269775, 97.7210083008, 75.6389312744, 96.4840774536, 72.3543930054, 67.2004623413, 65.4963150024]
    },
    "mfcc_bands": {
        "mean": [1.4040082533e-05, 3.82805519621e-05, 9.12310642889e-05, 0.000155782996444, 8.53383317008e-05, 4.20621945523e-05, 5.94748416916e-05, 8.91096788109e-05, 0.000109839224024, 9.58785094554e-05, 4.62658790639e-05, 3.73314978788e-05, 2.39555902226e-05, 1.66984300449e-05, 2.1045194444e-05, 1.90031696548e-05, 2.23226033995e-05, 1.90286409634e-05, 1.59010050993e-05, 1.70261573658e-05, 3.2053074392e-05, 3.90820678149e-05, 2.57568026427e-05, 2.42564292421e-05, 2.4342789402e-05, 1.89857164514e-05, 1.63935656019e-05, 1.08202020783e-05, 6.61691274217e-06, 5.65492837268e-06, 2.91989954349e-06, 1.5617176814e-06, 9.01812995835e-07, 3.92593477727e-07, 1.90723440596e-07, 1.15578444593e-07, 9.26539911461e-08, 8.30720097156e-08, 7.85353932997e-08, 6.68578081786e-08],
        "var": [2.68878530552e-10, 2.61021582126e-09, 1.04471666873e-08, 3.0402041773e-08, 9.22535203784e-09, 3.35992589306e-09, 9.62229673718e-09, 4.06330009639e-08, 6.78069369542e-08, 6.17982607309e-08, 1.89434850029e-08, 8.71522853885e-09, 4.16299084094e-09, 2.29294916387e-09, 3.40595174286e-09, 1.58887569768e-09, 2.12501927166e-09, 1.80100667713e-09, 1.23982180078e-09, 1.43145728604e-09, 3.20362758544e-09, 3.73245168106e-09, 7.91732401861e-10, 6.64224342195e-10, 8.65707838749e-10, 3.70994623911e-10, 3.02705333022e-10, 1.20073978538e-10, 4.49173094552e-11, 3.25023064018e-11, 8.2143883709e-12, 2.99765269031e-12, 1.17754937745e-12, 2.09701410425e-13, 6.93311849446e-14, 3.99098987094e-14, 4.50403433896e-14, 3.60770915637e-14, 5.36018136073e-14, 3.96417789003e-14]
    }
}
}