{
"metadata": {
    "version": {
        "essentia": "2.1-dev"
    }
},
"lowlevel": {
    "mfcc": {
        "mean": [-656.717041016, 95.1578903198, -50.7718772888, 44.2086334229, -5.91813421249, -6.53053045273, 4.42973423004, -3.16820693016, -3.96814584732, -6.14220285416, -7.86893367767, -7.08500337601, -6.7482380867],
        "var": [3239.53051758, 1434.58227539, 487.447845459, 238.285064697, 207.568893433, 150.247436523, 166.977767944, 105.637039185, 111.352333069, 91.7686233521, 76.0470733643, 60.0730171204, 64.8872070312]
    },
    "mfcc_bands": {
        "mean": [3.71324895241e-05, 0.000162639451446, 0.000185342825716, 0.000143188124639, 0.000191380691831, 0.000132713394123, 3.94808994315e-05, 4.74719527119e-05, 4.26769001933e-05, 9.40277750487e-05, 5.27582014911e-05, 3.397738692e-05, 4.7208792239e-05, 3.8422178477e-05, 2.69117845164e-05, 4.51200721727e-05, 2.70972377621e-05, 3.16130317515e-05, 3.11374569719e-05, 3.6900939449e-05, 3.92105102947e-05, 3.43280662491e-05, 4.16627008235e-05, 5.00576970808e-05, 3.81841928174e-05, 3.68713226635e-05, 3.55714146281e-05, 2.35987226915e-05, 1.25254737213e-05, 9.85372116702e-06, 6.22485822532e-06, 3.60497006113e-06, 1.98468546841e-06, 1.03752313407e-06, 6.05328182246e-07, 3.70279337858e-07, 3.51860251158e-07, 4.31461216976e-07, 3.6922725144e-07, 1.60690134976e-07],
        "var": [2.47779063933e-09, 3.51993776349e-08, 3.17294528429e-08, 3.13505097438e-08, 8.45645402592e-08, 4.47766090872e-08, 4.38036806827e-09, 8.10203903967e-09, 5.60281065987e-09, 3.224553069e-08, 9.40100708391e-09, 2.73822609032e-09, 5.40399147653e-09, 4.26999502423e-09, 1.48112355713e-09, 7.62427543322e-09, 2.37223019006e-09, 3.27712434967e-09, 2.23744311967e-09, 3.13638781613e-09, 2.54004461908e-09, 1.90926696675e-09, 2.01711269909e-09, 2.63347788021e-09, 1.85286419541e-09, 1.86629045551e-09, 1.44311496086e-09, 7.31914084895e-10, 2.93728513734e-10, 2.24509230651e-10, 1.74216086002e-10, 8.39007197051e-11, 2.02362206853e-11, 4.18259350765e-12, 1.67046443952e-12, 6.89619260134e-13, 9.35372330806e-13, 1.65798744092e-12, 1.13848719948e-12, 2.12846938425e-13]
    }
}
}