{
"metadata": {
    "version": {
        "essentia": "2.1-dev"
    }
},
"lowlevel": {
    "mfcc": {
        "mean": [-698.672790527, 173.417602539, -48.2950325012, 42.4465942383, -9.67685413361, -24.2404727936, -5.50182533264, -9.69376945496, -7.88012981415, -10.4725914001, -12.3805398941, -10.8992910385, -5.72992563248],
        "var": [8979.80761719, 1857.40039062, 873.551574707, 402.620361328, 386.371887207, 205.891326904, 133.380126953, 118.291717529, 142.263381958, 87.7421112061, 100.622756958, 85.0847702026, 89.1268539429]
    },
    "mfcc_bands": {
        "mean": [4.93926745548e-05, 0.000238748616539, 0.000778608897235, 0.00104705535341, 0.000854872341733, 0.000572082470171, 0.000285501475446, 0.000255106308032, 0.000181926690857, 0.000204354626476, 0.000144306293805, 6.18827762082e-05, 3.51170165231e-05, 4.5945031161e-05, 2.94406127068e-05, 1.81653958862e-05, 1.91079889191e-05, 1.56223322847e-05, 1.7551736164e-05, 2.4092849344e-05, 4.1200331907e-05, 3.63967192243e-05, 1.85837052413e-05, 1.61319057952e-05, 1.60097406479e-05, 1.70856492332e-05, 1.31063861772e-05, 6.5333706516e-06, 2.41101656684e-06, 1.47639957504e-06, 9.33700619044e-07, 6.32565729575e-07, 3.16884552376e-07, 1.30513029717e-07, 7.41150287809e-08, 4.5733440146e-08, 4.10712601706e-08, 3.34179226513e-08, 3.22364392957e-08, 2.48963480942e-08],
        "var": [2.98531088738e-09, 7.4325022581e-08, 7.04040189703e-07, 1.61545665378e-06, 7.55760822813e-07, 3.45051574868e-07, 1.32319172508e-07, 1.25479346025e-07, 5.21283567423e-08, 8.58963957739e-08, 3.48234756586e-08, 5.44058309515e-09, 1.72955827438e-09, 3.08106851143e-09, 1.46798229128e-09, 6.71761424265e-10, 7.76640363132e-10, 3.91642052122e-10, 7.91498533381e-10, 1.09235542833e-09, 1.82239767721e-09, 1.76598891066e-09, 8.04158573064e-10, 2.77852740815e-10, 3.16755816021e-10, 5.05051334088e-10, 4.52235332515e-10, 7.03471864094e-11, 1.1816038599e-11, 6.81890785156e-12, 2.6105274626e-12, 1.45969998241e-12, 4.06914275495e-13, 6.58059354621e-14, 2.01851034531e-14, 1.15141779439e-14, 1.21539410819e-14, 8.69582404266e-15, 1.02573326691e-14, 1.04487756677e-14]
    }
}
}