{
"metadata": {
    "version": {
        "essentia": "2.1-dev"
    }
},
"lowlevel": {
    "mfcc": {
        "mean": [-671.279846191, 102.038902283, -54.5840034485, 48.4972686768, -9.04238414764, -3.97252988815, -3.23635387421, 0.496283710003, 0.62103164196, -5.40291500092, -2.49948501587, -3.35032439232, -3.12337303162],
        "var": [7717.68164062, 775.640930176, 429.220855713, 291.083435059, 121.499557495, 98.075843811, 108.996742249, 87.3573913574, 66.5225753784, 66.3334579468, 67.7177047729, 47.0292205811, 44.0820770264]
    },
    "mfcc_bands": {
        "mean": [2.72719680652e-05, 0.000131023392896, 0.000187540310435, 9.9295641121e-05, 7.99485278549e-05, 6.77465141052e-05, 6.06343019172e-05, 8.82952444954e-05, 7.06961000105e-05, 4.58496615465e-05, 5.34287719347e-05, 5.235739809e-05, 4.66743949801e-05, 2.25379353651e-05, 2.62215835392e-05, 2.74888443528e-05, 3.06643851218e-05, 2.33466307691e-05, 2.19447192649e-05, 3.11598487315e-05, 4.3163097871e-05, 4.82384348288e-05, 4.30968102592e-05, 3.66444437532e-05, 3.33356911142e-05, 3.01178297377e-05, 1.84877499123e-05, 1.46584243339e-05, 1.12327770694e-05, 6.30303111393e-06, 3.56011469194e-06, 2.06689378501e-06, 1.24490293274e-06, 5.78228537051e-07, 2.79668398662e-07, 1.58362979619e-07, 1.04015505542e-07, 7.89958463088e-08, 7.15385795047e-08, 4.64365399466e-08],
        "var": [1.66277791536e-09, 2.4485256489e-08, 5.15715967708e-08, 1.42934153402e-08, 1.20210730259e-08, 1.0767750247e-08, 7.95419019539e-09, 2.27653185192e-08, 2.04473149523e-08, 9.95502702494e-09, 1.08100817187e-08, 1.15249987331e-08, 1.03161861276e-08, 2.12760631335e-09, 2.33062480426e-09, 2.20211004986e-09, 2.21936891087e-09, 1.04722464034e-09, 9.29043175724e-10, 2.0918100585e-09, 1.42912293111e-09, 1.4992752595e-09, 2.14366946416e-09, 1.94973104328e-09, 1.62833457829e-09, 1.07889785994e-09, 2.88487317368e-10, 2.61823202008e-10, 1.63043384349e-10, 5.4917646819e-11, 1.7167427202e-11, 4.92683194589e-12, 1.95273246358e-12, 6.24881277365e-13, 2.00638578017e-13, 9.52127509864e-14, 9.30706317679e-14, 6.95504445052e-14, 4.65496578458e-14, 7.88555317235e-15]
    }
}
}