{
"metadata": {
    "version": {
        "essentia": "2.1-dev"
    }
},
"lowlevel": {
    "mfcc": {
        "mean": [-716.177185059, 99.4813308716, -42.032497406, 60.5798797607, -6.57173061371, -12.8849020004, 2.38409876823, -1.65073359013, 0.842751502991, -7.1044549942, -3.08759593964, -3.50469112396, -5.18772315979],
        "var": [8725.66796875, 1206.88659668, 1092.41320801, 384.62210083, 216.307830811, 181.026428223, 120.637542725, 108.854690552, 82.2957763672, 79.3655395508, 70.7403564453, 58.6991500854, 63.8896980286]
    },
    "mfcc_bands": {
        "mean": [2.30073601415e-05, 8.72200398589e-05, 0.000124596685055, 0.000116536772111, 6.82284371578e-05, 3.60037374776e-05, 4.98134177178e-05, 9.77552554104e-05, 4.00036769861e-05, 3.6918099795e-05, 2.64989303105e-05, 1.57346330525e-05, 1.92655297724e-05, 1.5260584405e-05, 1.32421982926e-05, 9.97496044874e-06, 8.1164025687e-06, 8.51548156788e-06, 8.64980938786e-06, 1.22702085719e-05, 2.16099342651e-05, 2.58942964138e-05, 2.93793291348e-05, 1.70267539943e-05, 2.63062192971e-05, 2.70995969913e-05, 1.82977546501e-05, 1.25661681523e-05, 7.77508194005e-06, 4.69134010928e-06, 3.14636804433e-06, 1.37419419843e-06, 7.05950810698e-07, 3.63899971489e-07, 1.71285833517e-07, 1.07388316906e-07, 7.68778960492e-08, 8.84009381252e-08, 8.62331077656e-08, 6.64085106905e-08],
        "var": [1.41590061897e-09, 1.41249874019e-08, 1.45549057251e-08, 3.32519078938e-08, 1.52077230808e-08, 4.30184199374e-09, 1.21712977474e-08, 6.351791626e-08, 1.08187627745e-08, 9.45729627944e-09, 4.62572247173e-09, 1.61014168665e-09, 2.81257706014e-09, 1.51182510955e-09, 1.15785137034e-09, 5.79466252759e-10, 3.53574447498e-10, 3.30626387379e-10, 4.02052030557e-10, 5.34801425367e-10, 1.12224418647e-09, 1.12424825005e-09, 9.56572043798e-10, 4.49359022214e-10, 6.98533897392e-10, 8.08247524464e-10, 5.30517241248e-10, 3.87529203172e-10, 1.18051818321e-10, 3.74899104816e-11, 2.00411180706e-11, 4.84004763351e-12, 1.55889721704e-12, 1.31587264956e-12, 2.51343596543e-13, 7.13269775274e-14, 5.25985132456e-14, 8.21780387879e-14, 8.84111916164e-14, 3.89024716033e-14]
    }
}
}