{
"metadata": {
    "version": {
        "essentia": "2.1-dev"
    }
},
"lowlevel": {
    "mfcc": {
        "mean": [-653.177246094, 95.3635635376, -46.7272834778, 70.3021011353, -3.62697911263, -6.67954921722, -0.532729387283, -8.54960823059, -4.84589242935, -7.50175142288, -6.45145893097, -3.6828045845, -0.0566248595715],
        "var": [8913.40917969, 963.832214355, 427.880981445, 563.761962891, 176.358184814, 140.486282349, 133.374267578, 97.2935256958, 98.4405975342, 119.952980042, 72.8184814453, 63.0703163147, 67.6459503174]
    },
    "mfcc_bands": {
        "mean": [6.71180969221e-05, 0.000280209933408, 0.00035831486457, 0.000430904008681, 0.000267900293693, 0.000167192192748, 0.000164896380738, 0.000170553379576, 7.88417819422e-05, 4.17625778937e-05, 2.17351516767e-05, 1.79503622348e-05, 1.80947572517e-05, 1.87130335689e-05, 2.04794632737e-05, 1.4516534975e-05, 2.15277705138e-05, 2.08542842302e-05, 2.85342939605e-05, 6.28920170129e-05, 9.05940396478e-05, 8.01930073067e-05, 8.1678503193e-05, 7.22589538782e-05, 9.57728989306e-05, 0.000108283136797, 0.000106959989353, 5.79198276682e-05, 2.6093041015e-05, 1.65792207554e-05, 9.68518361333e-06, 3.90675677409e-06, 1.91610024558e-06, 8.8673806431e-07, 4.36713150975e-07, 2.55459355003e-07, 1.88052396766e-07, 1.7492673976e-07, 1.45383978634e-07, 1.0718762411e-07],
        "var": [3.56892848608e-09, 5.98920166794e-08, 1.04557621228e-07, 3.68008272744e-07, 1.70938321276e-07, 1.03483749569e-07, 1.07956068973e-07, 1.70343469108e-07, 4.46929142583e-08, 2.9391014067e-08, 4.10789757765e-09, 1.36724576105e-09, 2.5905577683e-09, 1.11872833219e-09, 1.1860258331e-09, 7.10123959635e-10, 1.45018952402e-09, 8.34746383127e-10, 1.42558820304e-09, 7.9504980377e-09, 1.63265951869e-08, 1.07053397258e-08, 9.8843955243e-09, 7.53161177869e-09, 9.75358815936e-09, 1.40121940717e-08, 1.25318315725e-08, 3.74814668191e-09, 9.34130772734e-10, 2.88885110278e-10, 1.16580939347e-10, 2.42166217634e-11, 6.64335340211e-12, 1.82157002156e-12, 5.30329740626e-13, 1.83287778943e-13, 1.62294982141e-13, 1.40933312655e-13, 1.27594996743e-13, 5.44806645002e-14]
    }
}
}