{
"metadata": {
    "version": {
        "essentia": "2.1-dev"
    }
},
"lowlevel": {
    "mfcc": {
        "mean": [-657.669189453, 101.908943176, -54.0080337524, 50.6115646362, -10.5368089676, -11.9550619125, -2.60587859154, -13.1874732971, -2.35648298264, -6.58306741714, -4.9842672348, -2.2935988903, -4.7547750473],
        "var": [7961.55224609, 957.683959961, 582.876525879, 277.002990723, 216.030029297, 158.817703247, 170.291854858, 145.899749756, 118.21698761, 135.268096924, 75.885093689, 72.0004806519, 88.0005645752]
    },
    "mfcc_bands": {
        "mean": [1.90314294741e-05, 0.000159434988745, 0.00018740206724, 0.000134541391162, 0.000181675626663, 0.0001576624054, 0.00012463737221, 0.0001552796748, 0.000147557075252, 0.000132609085995, 4.22423363489e-05, 4.09293352277e-05, 3.89794804505e-05, 2.91112919513e-05, 3.01587497233e-05, 4.36132759205e-05, 3.66763488273e-05, 3.95958741137e-05, 3.21217266901e-05, 4.53463981103e-05, 7.28881495888e-05, 8.56523693074e-05, 4.7953799367e-05, 4.86571952933e-05, 5.9217622038e-05, 5.33730817551e-05, 8.41463115648e-05, 5.24566312379e-05, 2.23787828872e-05, 1.33772764457e-05, 6.58504814055e-06, 3.75101308236e-06, 1.55705811267e-06, 7.34878540243e-07, 4.48453704394e-07, 3.14613032515e-07, 2.31790480143e-07, 2.20979245569e-07, 1.665091105e-07, 1.07453750786e-07],
        "var": [6.17182083218e-10, 3.68245487437e-08, 2.96555491275e-08, 2.31740795442e-08, 6.21808098344e-08, 5.55901529253e-08, 6.64025705532e-08, 1.06605718031e-07, 9.30210788397e-08, 9.33821908689e-08, 8.87062956423e-09, 8.74987815536e-09, 8.57777848751e-09, 2.44213893552e-09, 2.04269512416e-09, 5.58130341943e-09, 3.82792730846e-09, 6.16969719758e-09, 2.98292235357e-09, 4.87658446957e-09, 6.91352131099e-09, 7.9434645528e-09, 3.11665360186e-09, 3.59100149616e-09, 4.89855001007e-09, 3.40095129836e-09, 1.54166794886e-08, 4.75120343069e-09, 5.38481426116e-10, 1.62822200167e-10, 5.25196240664e-11, 2.49289460602e-11, 6.78629938702e-12, 2.5727382464e-12, 1.74014860681e-12, 7.15682667209e-13, 4.09429055329e-13, 2.90157302482e-13, 1.59616948565e-13, 6.45468311504e-14]
    }
}
}