{
"metadata": {
    "version": {
        "essentia": "2.1-dev"
    }
},
"lowlevel": {
    "mfcc": {
        "mean": [-666.26159668, 92.9264602661, -32.0627174377, 61.497051239, -0.210611283779, -2.07005643845, 4.12928152084, -5.4588470459, 0.592640161514, -4.80428600311, -4.54149246216, -4.64251708984, -6.37280988693],
        "var": [6403.58544922, 929.877929688, 526.087768555, 397.20993042, 228.289505005, 136.313430786, 120.547080994, 90.4466247559, 77.9737472534, 74.5824203491, 66.9185333252, 72.989074707, 60.6276397705]
    },
    "mfcc_bands": {
        "mean": [5.14112180099e-05, 0.000360067730071, 0.000465255201561, 0.000254792103078, 0.000151403393829, 7.1445138019e-05, 7.03116093064e-05, 7.36902438803e-05, 4.71278108307e-05, 3.69700865122e-05, 2.13282746699e-05, 1.99198111659e-05, 1.48033605001e-05, 1.31814813358e-05, 2.0596477043e-05, 2.11500500882e-05, 2.22853541345e-05, 2.5298248147e-05, 1.83867341548e-05, 2.76021928585e-05, 3.6493067455e-05, 3.49319307134e-05, 3.79769735446e-05, 2.9910081139e-05, 4.61775198346e-05, 3.90671957575e-05, 3.22091473208e-05, 2.51739438681e-05, 1.64328484971e-05, 1.05589142549e-05, 6.22946663498e-06, 3.51265521203e-06, 1.6710946511e-06, 7.18496949048e-07, 3.95338190629e-07, 3.26201814005e-07, 3.96468379904e-07, 3.53475826387e-07, 2.86695211571e-07, 1.77453998162e-07],
        "var": [5.38177324927e-09, 1.3958478462e-07, 1.81993200954e-07, 1.33138101432e-07, 4.68304541812e-08, 9.67222568704e-09, 2.22749250156e-08, 2.53763143832e-08, 1.51001948723e-08, 8.75846062343e-09, 2.72868527773e-09, 1.00005059789e-09, 7.2129940909e-10, 7.13390235774e-10, 1.7504033778e-09, 2.78497847006e-09, 2.54613397033e-09, 3.86006915321e-09, 1.76009973263e-09, 2.4598576509e-09, 3.49032425184e-09, 2.61920773958e-09, 3.76005893088e-09, 1.15726295213e-09, 1.96736871239e-09, 2.06800399027e-09, 1.62147384408e-09, 9.62587232145e-10, 4.1160722053e-10, 1.94773058793e-10, 7.65407043302e-11, 2.72897312387e-11, 6.25597880791e-12, 9.28922086821e-13, 2.90948715858e-13, 4.72807177524e-13, 1.68887072296e-12, 1.34097062881e-12, 7.3144311788e-13, 2.18347583937e-13]
    }
}
}