{
"metadata": {
    "version": {
        "essentia": "2.1-dev"
    }
},
"lowlevel": {
    "mfcc": {
        "mean": [-695.441833496, 101.65586853, -40.4947662354, 53.2165908813, -12.7301607132, -4.15978288651, -4.04241609573, 3.86197781563, -2.3870973587, -3.78622126579, -7.5655837059, -5.99774837494, -3.60847187042],
        "var": [7074.23291016, 1005.70874023, 577.989929199, 345.298309326, 230.880371094, 165.188049316, 138.388916016, 155.75340271, 103.593933105, 108.300552368, 98.6617889404, 73.1539535522, 83.7400054932]
    },
    "mfcc_bands": {
        "mean": [2.41617726715e-05, 0.000142780743772, 0.000165132514667, 0.000167903752299, 9.38686935115e-05, 5.00534988532e-05, 6.8524343078e-05, 4.887268733e-05, 5.53180943825e-05, 4.40754483861e-05, 3.44788386428e-05, 2.57773881458e-05, 2.34971084865e-05, 1.52668217197e-05, 1.41834843816e-05, 8.01106943982e-06, 1.10464516183e-05, 1.16317860375e-05, 1.19653477668e-05, 1.62903106684e-05, 2.55538816418e-05, 3.26072295138e-05, 3.82650250685e-05, 2.62068042503e-05, 2.52604604611e-05, 2.40532644966e-05, 2.16087482841e-05, 1.58058319357e-05, 9.49425884755e-06, 5.5760201576e-06, 3.31139835907e-06, 1.95779784917e-06, 1.58322393418e-06, 1.08114716113e-06, 6.173297038e-07, 2.77230242318e-07, 1.41753147886e-07, 1.07794015491e-07, 7.44095487448e-08, 4.04527611408e-08],
        "var": [1.60850066599e-09, 2.7298280969e-08, 3.76762550047e-08, 4.17822434429e-08, 1.63965605537e-08, 5.96238169948e-09, 1.3382340569e-08, 9.82165460073e-09, 8.57111270847e-09, 1.04642028376e-08, 2.47202547321e-09, 1.44639356048e-09, 1.29215071976e-09, 1.17002374456e-09, 6.10780037658e-10, 1.91300503216e-10, 4.48477116555e-10, 4.42931913369e-10, 5.1406306989e-10, 4.8985188128e-10, 1.42722955676e-09, 2.97209590272e-09, 2.72491362807e-09, 1.14822695796e-09, 1.05564856856e-09, 8.08806632779e-10, 7.98484167674e-10, 3.64307306544e-10, 1.10850509327e-10, 5.0336009666e-11, 1.72868559745e-11, 8.16086174332e-12, 6.90603867495e-12, 4.18055824333e-12, 1.52520617663e-12, 4.00100552732e-13, 1.11726532431e-13, 8.1830843371e-14, 4.47063210291e-14, 9.16300760582e-15]
    }
}
}