{
"metadata": {
    "version": {
        "essentia": "2.1-dev"
    }
},
"lowlevel": {
    "mfcc": {
        "mean": [-709.575073242, 107.660552979, -58.2912406921, 55.6837043762, -20.3387908936, -15.4034881592, -6.13147068024, -5.319024086, 1.3687107563, -5.5341796875, -1.25296747684, -7.96752595901, -6.51650524139],
        "var": [12982.5595703, 990.137023926, 507.90145874, 422.541412354, 152.256576538, 130.394470215, 114.398506165, 126.925941467, 91.649307251, 155.322250366, 80.6946716309, 74.0064697266, 78.547744751]
    },
    "mfcc_bands": {
        "mean": [2.02812534553e-05, 5.27759329998e-05, 7.8391545685e-05, 0.000130090251332, 9.37051663641e-05, 7.92398277554e-05, 6.03568551014e-05, 0.000105020058982, 0.000115939983516, 6.42364975647e-05, 4.95819440403e-05, 3.75329545932e-05, 1.9966661057e-05, 1.5138964045e-05, 1.62654359883e-05, 1.34214697027e-05, 1.12712523332e-05, 2.3676055207e-05, 1.83774736797e-05, 1.19474289022e-05, 2.19678258873e-05, 3.29612485075e-05, 3.1342402508e-05, 2.46304807661e-05, 2.4998696972e-05, 2.98424838547e-05, 1.68235219462e-05, 1.14375588964e-05, 7.61226738177e-06, 3.58218653673e-06, 2.39428368332e-06, 1.65811320585e-06, 6.4300138547e-07, 2.33015072126e-07, 9.55607788455e-08, 5.39514708464e-08, 3.90148748863e-08, 3.36000596235e-08, 3.35756276115e-08, 2.49426062027e-08],
        "var": [2.03425165601e-09, 3.84576281931e-09, 6.20565776543e-09, 2.98098150608e-08, 1.01390424945e-08, 1.19415837219e-08, 1.31191963959e-08, 4.92744547387e-08, 5.41484084238e-08, 1.50589549719e-08, 8.74629701997e-09, 5.07029573882e-09, 1.27983468268e-09, 7.01081637189e-10, 9.82211090239e-10, 8.49063985786e-10, 3.87925386258e-10, 3.12805226166e-09, 7.27090554431e-10, 2.68375127677e-10, 6.33137098305e-10, 1.24902888032e-09, 8.78627337553e-10, 5.0039350441e-10, 4.38500458166e-10, 6.39926445167e-10, 1.96954910714e-10, 1.07756206735e-10, 5.79962432246e-11, 1.75297207305e-11, 7.40732735566e-12, 3.22199710488e-12, 5.89203219634e-13, 1.34324666732e-13, 2.29327529731e-14, 1.01434041966e-14, 1.31389285912e-14, 9.51081627462e-15, 1.06989739537e-14, 6.82324510749e-15]
    }
}
}