{
"metadata": {
    "version": {
        "essentia": "2.1-dev"
    }
},
"lowlevel": {
    "mfcc": {
        "mean": [-656.621398926, 100.854019165, -51.0033226013, 56.4463653564, -14.9864492416, -5.47652959824, 0.0931326895952, -2.84387540817, 3.40473365784, -0.539233624935, -0.831293582916, -5.59993648529, -5.29883670807],
        "var": [5551.34228516, 834.814086914, 396.013671875, 235.95854187, 135.21875, 98.6362609863, 87.6925430298, 109.709533691, 77.0305938721, 74.4355621338, 80.4574966431, 63.5778160095, 50.7991905212]
    },
    "mfcc_bands": {
        "mean": [5.22241971339e-05, 0.00023739945027, 0.000249479082413, 0.000131808177684, 0.000144246820128, 9.09355876502e-05, 8.79538929439e-05, 6.93321562721e-05, 6.28882771707e-05, 5.29424396518e-05, 7.50815815991e-05, 4.07524312322e-05, 2.13632738451e-05, 1.63770091604e-05, 1.71194860741e-05, 1.95009142772e-05, 2.5756589821e-05, 2.94695255434e-05, 2.74481826636e-05, 2.80127642327e-05, 3.23833373841e-05, 3.45511471096e-05, 4.67488607683e-05, 4.13108100474e-05, 4.00543758587e-05, 4.82224895677e-05, 4.03403537348e-05, 2.01895418286e-05, 1.47397013279e-05, 1.0300129361e-05, 5.14812654728e-06, 3.05308412862e-06, 1.54197584834e-06, 7.94211018729e-07, 3.72569985529e-07, 1.59926401011e-07, 1.35566892823e-07, 1.10022533306e-07, 8.51593568996e-08, 6.67367956453e-08],
        "var": [3.80421383284e-09, 6.28807015346e-08, 9.39408337786e-08, 4.53058106586e-08, 6.63370443021e-08, 1.64987650209e-08, 2.09758148628e-08, 1.09933511183e-08, 6.6262497711e-09, 3.23709636874e-09, 1.72656662301e-08, 4.05174382934e-09, 9.08641217823e-10, 5.92115523279e-10, 7.40040584368e-10, 8.54744108825e-10, 1.28117227938e-09, 1.66145108782e-09, 1.41616418592e-09, 1.06327802118e-09, 8.26274104693e-10, 8.21013035335e-10, 2.64230881619e-09, 2.34449215597e-09, 1.52296208977e-09, 3.1697056091e-09, 2.10945971801e-09, 3.04132885542e-10, 1.34261657347e-10, 8.93332560703e-11, 2.92570967453e-11, 1.32461593777e-11, 4.05225419192e-12, 2.24622555799e-12, 5.98340929754e-13, 8.31600616819e-14, 6.53019982923e-14, 3.76960933985e-14, 2.30260384056e-14, 1.799690056e-14]
    }
}
}