{
"metadata": {
    "version": {
        "essentia": "2.1-dev"
    }
},
"lowlevel": {
    "mfcc": {
        "mean": [-677.861694336, 89.7938995361, -41.1511726379, 60.7200469971, -12.5367240906, 0.22198651731, -1.87487113476, -9.94978618622, -1.78970098495, -7.30634450912, -3.8474240303, -7.90095758438, -5.12895584106],
        "var": [5303.89648438, 760.849609375, 328.73223877, 326.24017334, 144.433151245, 87.9177856445, 126.849815369, 85.1836624146, 68.9104309082, 78.4722137451, 58.2897872925, 54.7070388794, 52.6897239685]
    },
    "mfcc_bands": {
        "mean": [1.98975103558e-05, 0.00010786778148, 0.000242935027927, 0.000180369257578, 9.73185306066e-05, 5.19331006217e-05, 5.68396390008e-05, 6.17280529696e-05, 5.73625802645e-05, 2.60951765085e-05, 2.30936457228e-05, 1.55706693477e-05, 1.43220740938e-05, 1.74010874616e-05, 1.39811381814e-05, 1.11554363684e-05, 2.04289553949e-05, 1.95005177375e-05, 1.58434104378e-05, 1.67821981449e-05, 2.40274857788e-05, 2.00970789592e-05, 2.36819796555e-05, 1.52297388922e-05, 2.76881928585e-05, 2.47584921453e-05, 2.44256825681e-05, 2.10774142033e-05, 1.17475210573e-05, 8.5984247562e-06, 5.20105686519e-06, 3.30341458721e-06, 1.90178934645e-06, 8.16085105271e-07, 3.02707206856e-07, 1.58704992259e-07, 1.053148182e-07, 7.49578887849e-08, 7.18445676284e-08, 6.71469777558e-08],
        "var": [6.09215511371e-10, 1.19805090293e-08, 5.89457869182e-08, 6.2660625133e-08, 1.24917169941e-08, 5.71335823096e-09, 1.11275735293e-08, 2.11344897139e-08, 1.6197883923e-08, 3.73969388789e-09, 5.53466028563e-09, 9.7854746528e-10, 1.18571208407e-09, 1.13997533635e-09, 6.69673094755e-10, 6.41064756834e-10, 1.16256282379e-09, 7.09950820355e-10, 7.51411932676e-10, 5.53966539307e-10, 6.64795385408e-10, 3.49851453363e-10, 5.38418865048e-10, 1.79936399114e-10, 6.50865916718e-10, 5.65376800932e-10, 3.92252758052e-10, 2.88138818361e-10, 9.94197155157e-11, 5.34868919988e-11, 3.09183442737e-11, 1.13124501086e-11, 7.40252217163e-12, 1.78877464056e-12, 2.88339881485e-13, 8.03957120603e-14, 3.27934023252e-14, 8.52665038727e-15, 7.18525851881e-15, 6.72456068693e-15]
    }
}
}