{
"metadata": {
    "version": {
        "essentia": "2.1-dev"
    }
},
"lowlevel": {
    "mfcc": {
        "mean": [-647.150695801, 75.3167495728, -52.7306404114, 43.1874923706, -20.6835250854, -9.91858482361, -0.85240238905, -3.89028763771, -2.27323532104, -4.82468366623, -5.95675468445, -7.5027217865, -6.80497694016],
        "var": [9262.17089844, 468.911895752, 743.729492188, 322.294403076, 237.559692383, 156.879119873, 152.699142456, 112.684791565, 97.6630401611, 71.1139373779, 60.2266921997, 59.3363571167, 61.5180091858]
    },
    "mfcc_bands": {
        "mean": [2.0166124159e-05, 0.00013700434647, 0.000223364128033, 0.000167682926985, 9.91534252535e-05, 8.50257347338e-05, 0.000106684972707, 0.000107732099423, 0.00010098900384, 0.000126611805172, 8.72337550391e-05, 7.32029948267e-05, 7.93000799604e-05, 6.28555062576e-05, 3.09269125864e-05, 2.77471663139e-05, 2.89715044346e-05, 3.41609156749e-05, 3.90371933463e-05, 3.33624193445e-05, 3.9232087147e-05, 6.25883185421e-05, 7.40383256925e-05, 7.31559557607e-05, 6.0586600739e-05, 5.63644389331e-05, 6.03190565016e-05, 4.70394297736e-05, 2.60243978119e-05, 1.48191138578e-05, 9.73146052274e-06, 5.66503285881e-06, 3.19370042234e-06, 1.37528422783e-06, 6.75824651353e-07, 4.61444784605e-07, 3.03906745103e-07, 2.76147204659e-07, 2.32381907495e-07, 1.53706864126e-07],
        "var": [1.2157381768e-09, 3.61823389028e-08, 7.51684865463e-08, 8.21009251695e-08, 1.76244512318e-08, 2.24562679563e-08, 4.28028954502e-08, 4.9863018603e-08, 3.89767151887e-08, 7.14112218247e-08, 4.09207423502e-08, 2.11436805841e-08, 2.79122076563e-08, 2.2583579451e-08, 3.47424067293e-09, 1.8422564585e-09, 2.30345809094e-09, 2.07045136591e-09, 3.15037995691e-09, 1.92039628644e-09, 3.10416492511e-09, 8.0198967467e-09, 1.29210002697e-08, 8.31551272285e-09, 3.48714190856e-09, 4.20872359186e-09, 4.3203725042e-09, 2.00713490273e-09, 6.79226230815e-10, 2.34759822693e-10, 1.2704123864e-10, 4.11552979196e-11, 1.24387193254e-11, 3.50849969737e-12, 7.48356183879e-13, 3.59739066877e-13, 2.34755276199e-13, 1.74817883151e-13, 9.85030945157e-14, 5.76574175231e-14]
    }
}
}