{
"metadata": {
    "version": {
        "essentia": "2.1-dev"
    }
},
"lowlevel": {
    "mfcc": {
        "mean": [-737.065002441, 125.228355408, -58.7558250427, 48.5547218323, -16.5496959686, -18.4318656921, -10.0576715469, -15.0489320755, -1.76860463619, -9.67027759552, -13.4183244705, -9.38001441956, -6.58820009232],
        "var": [8784.55664062, 865.915466309, 656.04309082, 276.296386719, 269.702972412, 292.447509766, 172.608963013, 170.318756104, 116.990348816, 111.11050415, 98.3689346313, 116.495452881, 87.8883514404]
    },
    "mfcc_bands": {
        "mean": [4.4834205255e-06, 6.71472225804e-05, 0.000102233294456, 9.09229274839e-05, 7.0144131314e-05, 8.99839869817e-05, 9.78773023235e-05, 5.04345880472e-05, 5.43337373529e-05, 3.20023827953e-05, 6.1811741034e-05, 3.96299328713e-05, 3.93761438318e-05, 1.43923034557e-05, 1.44170617205e-05, 1.23286072267e-05, 1.36751541504e-05, 1.34090123538e-05, 1.56022706506e-05, 2.44202201429e-05, 2.32745060202e-05, 2.37069143623e-05, 1.51037584146e-05, 7.85717566032e-06, 8.85683948582e-06, 1.26961276692e-05, 9.19976537261e-06, 6.46511216473e-06, 4.46596914117e-06, 2.19903722609e-06, 8.37752793359e-07, 4.9023134352e-07, 2.16029761191e-07, 9.50214129603e-08, 4.9822208581e-08, 2.77201355203e-08, 1.87743758318e-08, 1.59328852334e-08, 1.57065134232e-08, 1.06996127514e-08],
        "var": [8.44046846304e-11, 7.14746306585e-09, 9.94072113514e-09, 8.7360145784e-09, 5.6419575678e-09, 1.44309044714e-08, 1.84134183456e-08, 1.62022129047e-08, 1.11807541003e-08, 7.16628978381e-09, 2.80557035381e-08, 9.13443720663e-09, 1.10086064709e-08, 1.68430758229e-09, 2.39216157993e-09, 9.61785318054e-10, 4.77260619913e-10, 5.62780988478e-10, 6.86870227362e-10, 1.94261051689e-09, 9.55082568588e-10, 8.60735871466e-10, 3.50894424628e-10, 9.83643236308e-11, 9.94724094761e-11, 3.71876474059e-10, 1.45820883146e-10, 1.12065343116e-10, 6.25611021321e-11, 8.02373705672e-12, 1.57800216036e-12, 5.12441543192e-13, 1.54120572099e-13, 3.53040215334e-14, 1.0648773699e-14, 2.4078436185e-15, 1.59727586314e-15, 1.47584797268e-15, 2.53492354806e-15, 1.57115421408e-15]
    }
}
}