{
"metadata": {
    "version": {
        "essentia": "2.1-dev"
    }
},
"lowlevel": {
    "mfcc": {
        "mean": [-664.709960938, 110.592712402, -53.7018470764, 60.1857185364, -9.59873199463, -3.14442658424, -17.8665618896, -10.3263158798, -2.49399495125, -15.0226078033, -11.7450990677, -10.9721460342, -5.10376596451],
        "var": [7752.78173828, 485.509887695, 720.286071777, 180.488983154, 123.375396729, 84.6776657104, 94.9395217896, 76.1788101196, 83.0795822144, 77.4771728516, 69.8838806152, 58.2584915161, 59.7498893738]
    },
    "mfcc_bands": {
        "mean": [1.83450974873e-05, 0.000111435110739, 0.000342824467225, 0.000448614096968, 0.000310552306473, 0.000212077138713, 0.000128065017634, 0.000130137763335, 6.13969532424e-05, 9.3488546554e-05, 6.32106748526e-05, 3.0961826269e-05, 4.7051889851e-05, 1.81092382263e-05, 2.76882274193e-05, 2.33926857618e-05, 3.52212591679e-05, 3.88813678001e-05, 4.593626727e-05, 8.00228008302e-05, 0.00010423954518, 0.000104357517557, 7.99003028078e-05, 4.45728437626e-05, 3.79848170269e-05, 3.03239903587e-05, 2.82780856651e-05, 2.31981230172e-05, 1.33250941872e-05, 1.03301435956e-05, 7.79054607847e-06, 4.20844980908e-06, 1.90533683053e-06, 9.08264098598e-07, 3.02167535438e-07, 1.52028775346e-07, 7.102449473e-08, 4.49576447181e-08, 4.11253786581e-08, 3.37451631083e-08],
        "var": [6.0742844088e-10, 3.63319649921e-08, 2.31230302461e-07, 2.40817371377e-07, 8.05194133591e-08, 8.40352072373e-08, 8.78290506989e-08, 1.06705698499e-07, 4.68941756537e-08, 6.41204209728e-08, 4.72247556615e-08, 7.07254210752e-09, 7.4432269237e-09, 3.44639716765e-09, 6.10117867339e-09, 2.34165598023e-09, 4.75725725479e-09, 4.02311073344e-09, 4.88655871322e-09, 8.7449292252e-09, 1.63434847877e-08, 1.40083642464e-08, 8.79975736723e-09, 3.68952957075e-09, 1.56371182669e-09, 8.42850789162e-10, 1.09784137337e-09, 7.75179698209e-10, 2.48681547577e-10, 1.6002277281e-10, 1.04865102712e-10, 2.58229236605e-11, 6.97071176822e-12, 2.1201514936e-12, 7.11330191798e-13, 1.51480526256e-13, 3.7968671989e-14, 5.53575968634e-15, 2.67604453103e-15, 1.95955672512e-15]
    }
}
}