{
"metadata": {
    "version": {
        "essentia": "2.1-dev"
    }
},
"lowlevel": {
    "mfcc": {
        "mean": [-698.053100586, 126.656852722, -45.7654762268, 61.9441604614, -9.5647726059, -12.5297956467, -5.66121912003, -5.40404033661, 6.10194921494, -4.66398191452, -5.7825345993, -4.99257087708, -1.32650160789],
        "var": [6259.31689453, 1168.21374512, 371.798370361, 265.186981201, 121.699554443, 124.041122437, 91.4756240845, 72.8623046875, 67.8199005127, 71.009513855, 65.9567871094, 63.0628814697, 66.2828521729]
    },
    "mfcc_bands": {
        "mean": [3.47036002495e-05, 0.000174568674993, 0.000271396362223, 0.00016239802062, 0.000168240439962, 0.000106459279777, 9.08473666641e-05, 5.89560659137e-05, 9.56195144681e-05, 6.10561546637e-05, 3.65373925888e-05, 2.47413317993e-05, 1.38893765325e-05, 1.13426012831e-05, 7.82685583545e-06, 8.50725973578e-06, 9.76273349806e-06, 1.26336626636e-05, 1.38810137287e-05, 1.67008493008e-05, 2.71136013907e-05, 3.01507752738e-05, 3.03007927869e-05, 1.44407804328e-05, 1.38056211654e-05, 1.70133516804e-05, 1.97435747396e-05, 1.26587301565e-05, 8.64303819981e-06, 4.74991611554e-06, 2.45182400249e-06, 1.42806675285e-06, 7.54742586651e-07, 3.17588529697e-07, 1.43968165389e-07, 8.25261423643e-08, 6.14530790699e-08, 4.66116532039e-08, 4.65039065034e-08, 4.05073485865e-08],
        "var": [7.79405817664e-10, 5.6279329641e-08, 6.92604587016e-08, 4.82486939291e-08, 3.07468894789e-08, 1.77898016318e-08, 1.13030802495e-08, 1.23699068766e-08, 2.99349203203e-08, 2.12274073874e-08, 4.72830619103e-09, 2.21462870265e-09, 1.01672148478e-09, 4.57910764862e-10, 3.06055569776e-10, 5.06601094408e-10, 4.74759787039e-10, 3.39775652058e-10, 3.48209711065e-10, 7.99137200858e-10, 8.29739055241e-10, 8.83771333893e-10, 1.05516761995e-09, 2.43763204066e-10, 2.89739732207e-10, 5.47621337166e-10, 1.3116140396e-09, 6.23012252898e-10, 1.86308496408e-10, 5.67586082301e-11, 2.74230881059e-11, 9.4937929046e-12, 2.20027772044e-12, 4.5607679959e-13, 1.26946765816e-13, 4.75160885573e-14, 2.65441643411e-14, 2.58132172592e-14, 1.68456845288e-14, 7.77482733142e-15]
    }
}
}