{
"metadata": {
    "version": {
        "essentia": "2.1-dev"
    }
},
"lowlevel": {
    "mfcc": {
        "mean": [-710.334228516, 103.103340149, -64.6670074463, 51.5291824341, -5.07395505905, -0.448984116316, -0.606749892235, -3.39613604546, 0.540750563145, -2.29863595963, -1.13405334949, -3.20018577576, -2.10363793373],
        "var": [7892.37109375, 818.390197754, 439.436340332, 196.13633728, 158.826187134, 107.719734192, 104.659408569, 90.6966247559, 76.5093154907, 75.9039077759, 71.4353790283, 71.400390625, 69.8882064819]
    },
    "mfcc_bands": {
        "mean": [1.81775503734e-05, 6.58951830701e-05, 6.22113147983e-05, 4.91596038046e-05, 3.38146710419e-05, 3.05353896692e-05, 2.84260895569e-05, 3.13760137942e-05, 3.58240322385e-05, 4.91156170028e-05, 3.96677933168e-05, 2.44785205723e-05, 1.62224205269e-05, 1.14098747872e-05, 1.64945431607e-05, 2.31386075029e-05, 2.40864646912e-05, 1.71804822457e-05, 2.12693284993e-05, 2.73372734227e-05, 4.36531627201e-05, 3.75844210794e-05, 2.75207767118e-05, 2.87762177322e-05, 2.64739883278e-05, 2.44521997956e-05, 1.63534950843e-05, 1.08324693429e-05, 7.0212281571e-06, 4.21609274781e-06, 2.09651966543e-06, 1.11169595129e-06, 6.40644884697e-07, 2.76183783399e-07, 1.10831905431e-07, 6.37921289126e-08, 4.32975681974e-08, 3.30895773004e-08, 2.72932467738e-08, 2.34622987705e-08],
        "var": [4.25263352311e-10, 6.16782935836e-09, 6.41685238278e-09, 5.14570785981e-09, 1.42558564953e-09, 1.45136180851e-09, 1.77051606709e-09, 4.68211469595e-09, 1.40703599882e-08, 1.90672260203e-08, 1.15768825637e-08, 3.92459664766e-09, 7.19495740764e-10, 6.86519452398e-10, 1.0269882722e-09, 1.7078954917e-09, 9.64006430237e-10, 8.70897742811e-10, 1.10252396102e-09, 1.15049048066e-09, 2.61651034172e-09, 1.85709414513e-09, 1.72009351207e-09, 1.5900342154e-09, 8.35760960438e-10, 8.01269106621e-10, 3.71798841714e-10, 1.39859165915e-10, 5.85540921305e-11, 2.78607484305e-11, 7.47926720557e-12, 2.37561142633e-12, 7.57151665583e-13, 1.59603179197e-13, 2.62061778663e-14, 7.24073409466e-15, 5.74704443174e-15, 3.41109082881e-15, 2.33280772256e-15, 1.39282540308e-15]
    }
}
}