{
"metadata": {
    "version": {
        "essentia": "2.1-dev"
    }
},
"lowlevel": {
    "mfcc": {
        "mean": [-773.138427734, 123.130973816, -60.9851837158, 52.7982559204, -9.84457492828, -13.8565101624, -5.09432220459, -5.00259590149, -8.83943748474, -6.38580513, -2.9363052845, -3.47778320312, -6.41489696503],
        "var": [4269.89111328, 829.742004395, 967.726745605, 275.88861084, 155.87008667, 145.09223938, 81.669708252, 73.3374633789, 81.7824935913, 72.0991516113, 78.4002532959, 71.3002548218, 83.6049728394]
    },
    "mfcc_bands": {
        "mean": [5.39941174793e-06, 1.89634356502e-05, 5.99703271291e-05, 6.32444789517e-05, 2.78108072962e-05, 2.77839499176e-05, 2.04591251531e-05, 1.80168826773e-05, 1.92734587472e-05, 2.36993873841e-05, 1.05184499262e-05, 7.11034135747e-06, 1.16624296425e-05, 1.05978460851e-05, 1.29725740408e-05, 1.15797056424e-05, 8.48562376632e-06, 9.95710070129e-06, 1.12274128696e-05, 1.73453354364e-05, 1.08278209154e-05, 1.43446150105e-05, 1.5095618437e-05, 1.2820606571e-05, 1.03100946944e-05, 8.16127339931e-06, 4.27548002335e-06, 2.35385027736e-06, 1.14515978566e-06, 6.60797752516e-07, 4.02095935215e-07, 1.66959978287e-07, 7.56831397553e-08, 3.99232931159e-08, 1.91429379015e-08, 1.37460753891e-08, 8.84606787821e-09, 5.3399320521e-09, 3.31022631528e-09, 2.22748730572e-09],
        "var": [1.08628994688e-10, 5.29549959438e-10, 8.76347172607e-09, 9.15991726913e-09, 1.38623790225e-09, 2.08429051796e-09, 7.49284911894e-10, 5.99976401894e-10, 1.09045783514e-09, 1.85411030973e-09, 1.00348740428e-09, 3.31988797564e-10, 8.59519733165e-10, 7.2220207592e-10, 5.10295805611e-09, 2.69020783428e-09, 4.28985291734e-10, 8.837355292e-10, 1.35820421576e-09, 1.69343883361e-09, 5.81079073747e-10, 8.4237572473e-10, 8.34819713358e-10, 5.66466651364e-10, 3.22835647104e-10, 1.6786542989e-10, 4.80631819066e-11, 1.5250953278e-11, 2.37087693228e-12, 1.03818884913e-12, 3.08919800547e-13, 5.91391491984e-14, 1.15718693579e-14, 3.36598886547e-15, 7.88090730252e-16, 5.35153298493e-16, 2.87528589728e-16, 9.51860487492e-17, 3.94183325617e-17, 2.19234973478e-17]
    }
}
}