{
"metadata": {
    "version": {
        "essentia": "2.1-dev"
    }
},
"lowlevel": {
    "mfcc": {
        "mean": [-854.251037598, 150.510620117, -11.2271308899, 36.0225715637, -9.17022132874, -16.4317111969, -4.29028177261, -5.02788257599, -3.38712143898, -6.43354988098, -2.76413583755, -2.90281891823, -0.985306322575],
        "var": [7718.33349609, 1487.54064941, 2002.54406738, 722.559997559, 344.465484619, 291.628417969, 180.948074341, 130.907089233, 147.007400513, 121.704467773, 101.945266724, 124.837783813, 98.7254638672]
    },
    "mfcc_bands": {
        "mean": [1.56221522047e-05, 5.16982290719e-05, 4.58262475149e-05, 4.69258047815e-05, 4.34103203588e-05, 3.94781018258e-05, 3.24589236698e-05, 3.49736073986e-05, 3.95848110202e-05, 6.35162650724e-05, 7.60703187552e-05, 2.01186212507e-05, 2.54675833276e-05, 1.48561503011e-05, 9.72649741016e-06, 1.23446843645e-05, 1.11307444968e-05, 4.95182530358e-06, 6.95819835528e-06, 6.753627531e-06, 6.39476684228e-06, 9.06038712856e-06, 6.86771136316e-06, 4.47859792985e-06, 2.41655288846e-06, 1.89239983683e-06, 1.93684422811e-06, 1.82188853159e-06, 1.03933359696e-06, 7.96191159225e-07, 5.02736213548e-07, 2.2106904396e-07, 9.50230685248e-08, 3.52180649088e-08, 1.71389249459e-08, 9.62834434404e-09, 6.86510981396e-09, 7.05356484332e-09, 4.88078333305e-09, 5.09001196747e-09],
        "var": [3.86004828101e-09, 6.47583817681e-08, 2.71125895068e-08, 2.03319796555e-08, 5.87606452385e-09, 4.86269424727e-09, 4.31226254705e-09, 1.18548788564e-08, 1.42821248161e-08, 6.8113990892e-08, 1.95295811523e-07, 6.75492106694e-09, 1.83620638694e-08, 3.94995103292e-09, 1.33897704035e-09, 3.06481329204e-09, 2.31412511376e-09, 5.051305485e-10, 7.50950468476e-10, 6.96297519642e-10, 5.49672862782e-10, 1.87359372461e-09, 7.51740780736e-10, 5.56630241899e-10, 1.10451536806e-10, 5.41075240168e-11, 5.90471144202e-11, 1.05221206748e-10, 4.26723448244e-11, 2.29650257144e-11, 9.99335076496e-12, 1.37591413957e-12, 2.69788125217e-13, 3.14834726486e-14, 9.84773718192e-15, 4.11098123587e-15, 2.66574249281e-15, 6.55030398683e-15, 2.33098363711e-15, 4.464736923e-15]
    }
}
}