{
"metadata": {
    "version": {
        "essentia": "2.1-dev"
    }
},
"lowlevel": {
    "mfcc": {
        "mean": [-841.537841797, 168.08354187, -2.34320807457, 31.5684299469, -11.9551172256, -26.1143741608, -10.564620018, -10.9077110291, -7.79779243469, -8.4847536087, -6.15255069733, -4.52684545517, -4.40533018112],
        "var": [3819.76708984, 954.856445312, 679.264465332, 295.747711182, 188.602920532, 191.734237671, 183.692672729, 125.5727005, 129.178268433, 101.544784546, 114.159049988, 107.988243103, 116.24646759]
    },
    "mfcc_bands": {
        "mean": [9.31445720198e-06, 6.5002903284e-05, 7.66107841628e-05, 0.000129916690639, 0.000143889439641, 0.000150133797433, 0.000162130017998, 8.32102305139e-05, 6.14159653196e-05, 3.09704082611e-05, 1.92079769477e-05, 1.59095834533e-05, 7.30709371055e-06, 3.67285156244e-06, 2.06003642234e-06, 2.58805562225e-06, 2.33355262935e-06, 2.45221076511e-06, 2.22433914132e-06, 2.03012450584e-06, 2.44802504312e-06, 2.60326487478e-06, 1.23556310427e-06, 6.84638621351e-07, 4.45180688757e-07, 2.94344602025e-07, 2.86744949562e-07, 1.78485905167e-07, 9.97483979859e-08, 5.57608039742e-08, 4.33906777175e-08, 2.62559698427e-08, 1.11368443356e-08, 7.85215981125e-09, 5.30231281104e-09, 2.76259215504e-09, 2.50807619118e-09, 2.28921037682e-09, 2.74876854611e-09, 1.90325644134e-09],
        "var": [2.31733104927e-10, 2.0681380164e-08, 2.18807763019e-08, 6.01155250024e-08, 1.15679810619e-07, 9.54255057195e-08, 2.30156530279e-07, 5.25853138811e-08, 4.00793958022e-08, 1.43256988494e-08, 8.08699862631e-09, 3.99051325317e-09, 1.10641140694e-09, 2.67815075672e-10, 7.09353895068e-11, 6.03935179644e-10, 2.68649297253e-10, 1.60783913961e-10, 1.24409760272e-10, 2.24366983326e-10, 2.39966768678e-10, 1.87546991826e-10, 4.83255518935e-11, 1.32529369423e-11, 1.33747331786e-12, 4.58232085089e-13, 3.3435575272e-13, 1.10035461645e-13, 6.22077191734e-14, 2.38098505078e-14, 7.6637135494e-15, 7.49425783204e-15, 1.22019320629e-15, 2.82150195211e-16, 1.30763861136e-16, 3.91200446154e-17, 2.54100288881e-17, 2.31951700799e-17, 2.55760837417e-17, 1.58487441406e-17]
    }
}
}