{
"metadata": {
    "version": {
        "essentia": "2.1-dev"
    }
},
"lowlevel": {
    "mfcc": {
        "mean": [-787.882995605, 146.239730835, -28.1896057129, 44.8427619934, -18.5502319336, -6.7587146759, -3.72164154053, -15.1256942749, -3.70037889481, -8.49580478668, 0.594907045364, -0.245459020138, -9.81097984314],
        "var": [7136.36767578, 1996.51147461, 814.508911133, 514.854248047, 222.307510376, 188.122756958, 185.601791382, 210.887084961, 159.892379761, 155.701187134, 154.158233643, 162.684082031, 153.56867981]
    },
    "mfcc_bands": {
        "mean": [1.31492288347e-05, 0.0001224844018, 8.15774546936e-05, 0.000223694907618, 0.000126919636386, 0.000113493522804, 0.000159419403644, 0.000147642553202, 0.000185535682249, 0.000103799102362, 4.50052320957e-05, 2.50653774856e-05, 1.19189198813e-05, 1.04144155557e-05, 1.93426931219e-05, 1.93159503397e-05, 2.22862836381e-05, 7.9766714407e-06, 8.92235493666e-06, 5.00293526784e-06, 7.62730633141e-06, 5.04260606249e-06, 8.5689853222e-06, 7.99938334239e-06, 5.66490643905e-06, 2.859665301e-06, 3.1064525956e-06, 2.12408667721e-06, 2.05241803997e-06, 1.80305278263e-06, 7.91597756233e-07, 3.10388656999e-07, 1.54928116558e-07, 6.14964292822e-08, 2.73566840292e-08, 1.82432451368e-08, 1.10969695655e-08, 1.22605507968e-08, 1.06370094954e-08, 6.32641183884e-09],
        "var": [3.84659942787e-10, 4.57185826974e-08, 9.66416191517e-09, 1.17265607003e-07, 3.48024009611e-08, 4.49472778996e-08, 8.5420381879e-08, 7.21842638995e-08, 2.10984183013e-07, 1.01223378124e-07, 3.81813762829e-08, 1.84434352235e-08, 4.10510825333e-09, 1.02187114326e-09, 7.48220418956e-09, 1.02335890872e-08, 1.86094801791e-08, 1.1017950996e-09, 1.74126257857e-09, 7.33702043565e-10, 2.68142841264e-09, 2.18415119324e-10, 1.39189881843e-09, 1.81805892563e-09, 7.96436194772e-10, 6.68980912333e-11, 8.15077241811e-11, 3.0434613163e-11, 2.66243624369e-11, 2.25736981191e-11, 3.97640687738e-12, 6.32647200686e-13, 1.76906978107e-13, 2.71747668178e-14, 5.41150376463e-15, 2.36576895091e-15, 8.98127139303e-16, 1.2221776986e-15, 9.37190922402e-16, 3.53687448032e-16]
    }
}
}