{
"metadata": {
    "version": {
        "essentia": "2.1-dev"
    }
},
"lowlevel": {
    "mfcc": {
        "mean": [-751.615783691, 100.283638, -43.7250099182, 18.2594394684, -19.3067188263, -16.0828914642, -6.38897037506, -10.3545475006, -8.44722080231, -8.25960922241, -9.87812614441, -7.13970899582, -3.76067447662],
        "var": [8881.07519531, 867.93359375, 1351.1229248, 318.113067627, 150.309616089, 104.738800049, 85.2986907959, 67.8137588501, 54.6190032959, 70.240524292, 57.0640106201, 54.7228279114, 72.5351715088]
    },
    "mfcc_bands": {
        "mean": [1.27705925479e-06, 6.55297708363e-06, 2.62833073066e-05, 7.49806713429e-05, 7.57243324188e-05, 8.83521788637e-05, 3.80207929993e-05, 4.86183598696e-05, 0.000128153231344, 7.28444065317e-05, 3.55180964107e-05, 3.89188426198e-05, 3.47616514773e-05, 4.63143805973e-05, 3.04308996419e-05, 1.27025377878e-05, 1.2782927115e-05, 1.58725106303e-05, 1.39062985909e-05, 2.08069759537e-05, 1.25119204313e-05, 1.13942396638e-05, 1.08797703433e-05, 8.19372780825e-06, 7.70717178966e-06, 5.03372393723e-06, 4.77183675685e-06, 3.65226583199e-06, 2.24581367547e-06, 1.02728483853e-06, 6.6058981929e-07, 3.88051120126e-07, 2.59070162656e-07, 1.61769676765e-07, 7.31514688823e-08, 6.81644110045e-08, 5.42954836646e-08, 4.41891039316e-08, 4.06850162449e-08, 2.60472052815e-08],
        "var": [1.58310257264e-12, 8.94355076109e-11, 2.22186513632e-09, 5.22229370858e-08, 1.14445652954e-08, 2.24209877331e-08, 7.74869146625e-09, 8.307678101e-09, 7.79216549063e-08, 3.14929806677e-08, 6.50010267833e-09, 5.87312687372e-09, 6.31243768368e-09, 7.72583685915e-09, 4.34104752145e-09, 7.18926251864e-10, 7.42954198163e-10, 1.03462327594e-09, 7.91462062555e-10, 2.39502773169e-09, 7.55880913417e-10, 5.86450776829e-10, 5.41626188344e-10, 2.31175759091e-10, 1.70533864807e-10, 5.34197824864e-11, 6.57173759855e-11, 5.52085252514e-11, 1.19182034033e-11, 2.67822981674e-12, 1.27711968605e-12, 4.84385101474e-13, 1.92291576542e-13, 6.81363738217e-14, 1.95728510981e-14, 1.57646316249e-14, 8.07414759916e-15, 5.51026907683e-15, 4.10754143508e-15, 1.80629056024e-15]
    }
}
}