{
"metadata": {
    "version": {
        "essentia": "2.1-dev"
    }
},
"lowlevel": {
    "mfcc": {
        "mean": [-918.066650391, 131.711578369, 4.57565879822, 32.4473876953, -6.28984069824, -15.7435436249, -8.49914741516, -11.5281105042, -7.5723233223, -8.7028503418, -5.48527145386, -6.56289148331, -7.38542175293],
        "var": [9735.17773438, 1725.07421875, 1456.34729004, 661.728149414, 306.877929688, 231.907852173, 236.578964233, 170.710861206, 153.014221191, 176.405380249, 140.300827026, 140.276535034, 115.283920288]
    },
    "mfcc_bands": {
        "mean": [4.59674674858e-06, 1.79804428626e-05, 2.40666995523e-05, 4.22914199589e-05, 3.28144815285e-05, 1.92506140593e-05, 2.09978334169e-05, 2.11643473449e-05, 2.55704053416e-05, 1.18990774354e-05, 7.9291557995e-06, 4.24904965257e-06, 2.42544479079e-06, 2.50005678026e-06, 3.2283624023e-06, 2.08504411603e-06, 2.72559987025e-06, 3.12445899908e-06, 2.77039748653e-06, 1.52870609327e-06, 1.09015559246e-06, 1.21913649309e-06, 1.34236825033e-06, 1.3401936485e-06, 9.1079533604e-07, 6.06013884408e-07, 5.07264587668e-07, 3.3782924902e-07, 2.27233684313e-07, 1.37968910963e-07, 6.68724666752e-08, 3.73572390799e-08, 1.63029429956e-08, 7.49506323672e-09, 2.6958804078e-09, 1.70324176985e-09, 1.20986431984e-09, 1.24809063085e-09, 1.04010378088e-09, 5.51235723734e-10],
        "var": [6.76479497419e-11, 1.42048417473e-09, 2.94102497911e-09, 6.87960266532e-09, 4.16383283408e-09, 4.60490889864e-09, 8.5649132231e-09, 9.1854399642e-09, 2.17884519316e-08, 4.62613547469e-09, 3.06543901374e-09, 1.04641972865e-09, 1.8993320805e-10, 3.20308141122e-10, 7.99556143516e-10, 1.97603669538e-10, 5.48393941369e-10, 8.60944870951e-10, 8.77996730875e-10, 2.84222978486e-10, 2.89486160737e-11, 3.9709263655e-11, 3.10661600611e-11, 2.44873218924e-11, 1.49547457751e-11, 9.5209187756e-12, 5.35051430245e-12, 2.53760792761e-12, 1.54886693748e-12, 5.13321264835e-13, 1.25220200962e-13, 3.84761938022e-14, 4.52359766602e-15, 5.94894373444e-16, 6.60524431726e-17, 2.71444099113e-17, 7.71789753235e-17, 4.05795948801e-17, 1.84263547346e-17, 5.17563104244e-18]
    }
}
}