{
"metadata": {
    "version": {
        "essentia": "2.1-dev"
    }
},
"lowlevel": {
    "mfcc": {
        "mean": [-861.958557129, 132.850204468, -4.49102687836, 45.9276809692, -24.7635707855, -10.4010505676, -5.92709970474, -11.9308128357, 2.23375749588, -6.5961432457, -2.12262678146, -2.35534620285, -1.11609756947],
        "var": [5923.91015625, 1510.21569824, 861.507751465, 641.912597656, 236.757034302, 175.247817993, 164.858230591, 138.143112183, 148.558166504, 134.780471802, 134.304122925, 145.491043091, 119.873970032]
    },
    "mfcc_bands": {
        "mean": [7.78415778768e-06, 2.917090751e-05, 2.91423857561e-05, 2.4359613235e-05, 3.87335603591e-05, 3.39400357916e-05, 6.30681170151e-05, 8.22598303785e-05, 9.16335775401e-05, 3.13820091833e-05, 1.38997129397e-05, 1.69168397406e-05, 8.95746507013e-06, 6.60053683532e-06, 6.22413926976e-06, 1.98111933969e-06, 1.29978684527e-06, 1.04051014205e-06, 1.22953247228e-06, 1.78782772764e-06, 1.14466615742e-06, 9.65757749327e-07, 7.12749965714e-07, 5.57661905987e-07, 6.01494605235e-07, 4.36316270225e-07, 6.22501204361e-07, 4.20454000505e-07, 4.42483525376e-07, 2.68341040055e-07, 2.03861631576e-07, 1.29446959818e-07, 4.71848373707e-08, 1.8966016313e-08, 8.55923687482e-09, 5.2244208959e-09, 2.62122057393e-09, 1.94428295686e-09, 1.95690574856e-09, 1.41832412481e-09],
        "var": [2.49418929954e-10, 2.807827304e-09, 2.26937713066e-09, 1.85559734245e-09, 6.73749900315e-09, 6.51686127284e-09, 3.69797170663e-08, 6.17897697452e-08, 1.41794913588e-07, 1.17638023767e-08, 2.87721291237e-09, 7.82025022517e-09, 2.06951633608e-09, 3.24082938263e-09, 3.37061645261e-09, 4.03937577831e-10, 3.50360886137e-11, 4.0419528835e-11, 1.37440447912e-10, 1.26247207133e-10, 1.99890572844e-11, 1.54901785843e-11, 6.10323033431e-12, 3.44189780843e-12, 4.60231939364e-12, 1.28679001048e-12, 2.79515494951e-12, 1.15649417126e-12, 1.16530353075e-12, 4.2225538387e-13, 2.70960798287e-13, 1.34816975834e-13, 1.45997106006e-14, 2.70937908915e-15, 8.05092799085e-16, 3.76717665063e-16, 9.46507570138e-17, 4.01853539827e-17, 4.56665471977e-17, 2.49818256091e-17]
    }
}
}