{
"metadata": {
    "version": {
        "essentia": "2.1-dev"
    }
},
"lowlevel": {
    "mfcc": {
        "mean": [-731.246887207, 95.2055435181, -41.9892539978, 58.7143745422, -27.5027637482, -11.7244977951, -6.75940799713, -4.82771158218, -7.89210605621, -3.42445492744, -2.75587582588, -0.766415476799, -6.01222801208],
        "var": [5428.90039062, 717.278198242, 787.364257812, 288.022705078, 168.960510254, 142.610290527, 121.793624878, 122.90247345, 126.652076721, 105.688682556, 113.76802063, 96.2079544067, 104.369476318]
    },
    "mfcc_bands": {
        "mean": [8.94051754585e-06, 5.34086684638e-05, 6.47911438136e-05, 7.46728619561e-05, 8.48907075124e-05, 6.92691537552e-05, 8.00490306574e-05, 5.36193983862e-05, 6.57468262943e-05, 4.58174690721e-05, 3.76121533918e-05, 2.85610985884e-05, 2.23150400416e-05, 1.65730361914e-05, 1.35159352794e-05, 1.51813383127e-05, 1.33581979753e-05, 1.12189818537e-05, 1.09830634756e-05, 1.8061231458e-05, 1.42453045555e-05, 1.58501479746e-05, 2.00830272661e-05, 2.47498555837e-05, 2.11986243812e-05, 1.80795013875e-05, 1.58537804964e-05, 1.33439507408e-05, 1.05406379589e-05, 5.37583673577e-06, 2.02833621188e-06, 1.18620005196e-06, 6.62727586587e-07, 3.13376091299e-07, 1.41396611752e-07, 7.48984376742e-08, 4.40193410611e-08, 2.60749875025e-08, 1.56845700872e-08, 9.83183578995e-09],
        "var": [2.31514113436e-10, 7.96608112807e-09, 2.04360421918e-08, 2.84864345446e-08, 2.07647570249e-08, 1.22241718969e-08, 1.66135460944e-08, 1.0047349619e-08, 2.60406274322e-08, 1.64946882819e-08, 1.74156831179e-08, 7.12996994778e-09, 4.87121587511e-09, 2.28533947322e-09, 1.60225732682e-09, 3.16983950199e-09, 2.33974173369e-09, 1.18390242054e-09, 1.15163778514e-09, 3.10381831348e-09, 1.63693192334e-09, 1.68664548994e-09, 1.70258185328e-09, 1.95694682681e-09, 9.84660797343e-10, 9.11003661397e-10, 9.98654381412e-10, 7.06617986346e-10, 6.1532284823e-10, 9.34716401502e-11, 1.19669283163e-11, 5.79297070383e-12, 1.30032757565e-12, 3.98285164615e-13, 7.85069641132e-14, 1.18755628568e-14, 5.91709349568e-15, 1.77007005499e-15, 7.40848155833e-16, 2.41737035688e-16]
    }
}
}