{
"metadata": {
    "version": {
        "essentia": "2.1-dev"
    }
},
"lowlevel": {
    "mfcc": {
        "mean": [-769.376220703, 108.759109497, -38.0975341797, 52.8637733459, -24.0144271851, -10.3812179565, -3.33202981949, -6.27020311356, -7.22395658493, -3.38865947723, -3.56380486488, -1.95572221279, -6.66220855713],
        "var": [7106.55029297, 1506.72497559, 1557.19494629, 621.523010254, 195.185012817, 244.022628784, 142.380111694, 209.572036743, 145.99382019, 153.000732422, 146.116439819, 123.729743958, 109.28314209]
    },
    "mfcc_bands": {
        "mean": [1.44473815453e-05, 7.38892631489e-05, 7.8512399341e-05, 7.30510073481e-05, 7.04213307472e-05, 6.55009935144e-05, 5.39456923434e-05, 3.94097987737e-05, 4.56806119473e-05, 4.05824357586e-05, 3.56755881512e-05, 2.01342845685e-05, 1.66997742781e-05, 1.49609777509e-05, 1.30513117256e-05, 1.55270554387e-05, 1.24997350213e-05, 1.0131813724e-05, 1.14187014333e-05, 1.21297089208e-05, 1.10810469778e-05, 1.18510897664e-05, 1.28437304738e-05, 1.68349015439e-05, 1.94094827748e-05, 1.47902246681e-05, 1.4132443539e-05, 9.9401386251e-06, 6.28974748906e-06, 3.36179232363e-06, 1.18802017823e-06, 5.65647155781e-07, 2.89196293579e-07, 1.57886020702e-07, 7.47265929135e-08, 3.7901198624e-08, 2.60244554795e-08, 1.57428825531e-08, 8.84987461092e-09, 5.18031972874e-09],
        "var": [1.15171894244e-09, 1.55375090571e-08, 3.91160135393e-08, 5.3341008055e-08, 2.241798569e-08, 1.41208662541e-08, 1.02537418556e-08, 1.15102203324e-08, 1.61229909423e-08, 1.32590383117e-08, 2.08812451774e-08, 5.34008526287e-09, 2.78584288971e-09, 1.8575325722e-09, 3.2455165222e-09, 2.73458722333e-09, 1.70378955389e-09, 1.07124253912e-09, 1.43982437084e-09, 2.23533569432e-09, 1.26716848126e-09, 1.90945947942e-09, 1.09541031801e-09, 1.87569271226e-09, 3.08225334145e-09, 1.69499803082e-09, 1.58143620421e-09, 9.45173384004e-10, 2.86194068444e-10, 6.46913772551e-11, 8.1249998049e-12, 1.62710058101e-12, 2.84184541134e-13, 1.41044307852e-13, 2.66980702276e-14, 5.24176810288e-15, 2.95187848096e-15, 1.07615514773e-15, 3.33787705956e-16, 1.04181558501e-16]
    }
}
}