{
"metadata": {
    "version": {
        "essentia": "2.1-dev"
    }
},
"lowlevel": {
    "mfcc": {
        "mean": [-826.860290527, 143.094360352, -27.0743484497, 57.9050559998, -16.6198978424, -16.7267589569, -0.780496001244, -5.95097827911, -0.143014743924, -6.84388113022, -4.79255104065, 0.401916891336, -2.14109945297],
        "var": [3508.26708984, 756.094848633, 716.633605957, 427.450012207, 194.383087158, 266.904449463, 163.790924072, 114.05065155, 131.731018066, 129.679916382, 125.371414185, 123.421279907, 161.392593384]
    },
    "mfcc_bands": {
        "mean": [7.86531836638e-06, 4.38017559645e-05, 4.72151914437e-05, 4.43125936727e-05, 8.82965687197e-05, 8.37738698465e-05, 7.07033832441e-05, 8.13397855381e-05, 5.46899209439e-05, 4.22300472565e-05, 2.39723012783e-05, 1.62790074683e-05, 2.22719281737e-05, 1.91279359569e-05, 6.06048661211e-06, 1.74498063643e-06, 1.66565234849e-06, 1.62481023835e-06, 2.02352725864e-06, 3.34217111231e-06, 3.30303168994e-06, 4.80581002194e-06, 3.44218642567e-06, 2.70128634838e-06, 2.10967527892e-06, 1.58768034453e-06, 1.81171981239e-06, 8.34401816974e-07, 5.56961765596e-07, 3.25951020841e-07, 1.49477969558e-07, 8.24189712034e-08, 2.80971903521e-08, 9.35895450027e-09, 5.89237370008e-09, 3.29593907722e-09, 2.06322048335e-09, 4.57003240806e-10, 8.45498631774e-15, 5.79643280531e-15],
        "var": [1.0240779752e-10, 3.9258463147e-09, 5.45694200937e-09, 6.73287070541e-09, 4.92321099443e-08, 3.53215696691e-08, 4.05270981219e-08, 6.65842918579e-08, 3.37093482017e-08, 1.79010140045e-08, 1.14044986788e-08, 7.74561215167e-09, 1.26987060867e-08, 1.52603263359e-08, 3.83830611739e-09, 7.15678419305e-11, 4.15882883686e-11, 3.74757898325e-11, 6.46208850319e-11, 1.6894845245e-10, 1.66667527002e-10, 3.92596566368e-10, 1.36916464277e-10, 4.38347622089e-11, 9.39826411139e-11, 1.994454428e-11, 3.66517476091e-11, 5.61474911703e-12, 1.82753638611e-12, 6.24409161529e-13, 1.98949648531e-13, 3.68351352296e-14, 3.85713477894e-15, 6.10896255186e-16, 2.02965823063e-16, 5.11760564595e-17, 1.90558590331e-17, 8.51009721447e-19, 1.6231374052e-28, 1.63032377205e-30]
    }
}
}