{
"metadata": {
    "version": {
        "essentia": "2.1-dev"
    }
},
"lowlevel": {
    "mfcc": {
        "mean": [-900.78515625, 121.838356018, 0.831749916077, 47.1510887146, -4.99662017822, -13.4258174896, -1.9114266634, -13.3527212143, -6.05236721039, -5.02570009232, -2.25746631622, -1.23446559906, -1.46622729301],
        "var": [10378.78125, 1998.14465332, 1579.84985352, 465.783966064, 360.886352539, 296.89932251, 245.182006836, 179.055786133, 148.932769775, 151.317459106, 135.006286621, 136.57321167, 160.896774292]
    },
    "mfcc_bands": {
        "mean": [7.1767863119e-06, 2.48061351158e-05, 2.08556139114e-05, 2.37925505644e-05, 6.54331233818e-05, 7.65438671806e-05, 3.72046633856e-05, 3.43721512763e-05, 1.63442546182e-05, 5.4163947425e-06, 4.17930004915e-06, 2.48692458626e-06, 2.61214358943e-06, 1.93102164303e-06, 1.81305313163e-06, 4.9865834626e-06, 1.78376876647e-06, 1.51978827034e-06, 1.06934010091e-06, 6.31128500572e-07, 6.26890653166e-07, 7.98200062491e-07, 9.40499205626e-07, 1.07552477857e-06, 1.83361294148e-06, 1.06823335955e-06, 9.44019177496e-07, 7.37042228138e-07, 4.26030936751e-07, 3.00753470128e-07, 1.43936873087e-07, 8.00523451971e-08, 4.1554638841e-08, 2.04587706776e-08, 1.00247321555e-08, 5.95036198092e-09, 4.16073620002e-09, 4.47319647989e-09, 4.94958962705e-09, 4.11144362999e-09],
        "var": [1.20284948668e-10, 2.42442843579e-09, 2.24685670069e-09, 3.82539777632e-09, 2.3025538809e-08, 2.42226452229e-08, 1.45918974681e-08, 1.65766422811e-08, 3.53939144659e-09, 2.10816725188e-10, 2.09192940748e-10, 1.529366217e-10, 1.05780474657e-10, 6.62699548015e-11, 4.96678670414e-11, 1.73616865329e-09, 5.55143639391e-11, 9.90520374056e-11, 2.47573211931e-11, 4.34343706834e-12, 4.53952110277e-12, 7.59102503078e-12, 1.11365890468e-11, 1.54285993703e-11, 5.86790269153e-11, 1.47433194125e-11, 1.65105047689e-11, 1.06269359632e-11, 3.96576174677e-12, 1.55638306062e-12, 6.31393646134e-13, 1.98937722307e-13, 4.48172586282e-14, 1.2338145337e-14, 3.79513662589e-15, 1.16532929411e-15, 4.37770952868e-16, 6.0771914048e-16, 7.06857517753e-16, 5.04825177937e-16]
    }
}
}