{
"metadata": {
    "version": {
        "essentia": "2.1-dev"
    }
},
"lowlevel": {
    "mfcc": {
        "mean": [-934.72265625, 124.69405365, 10.2506141663, 42.4139022827, -10.6163797379, -30.418170929, -7.78096151352, -13.5478143692, -17.1278018951, -7.39416837692, -4.18887424469, -6.66658973694, 0.282908588648],
        "var": [9354.94628906, 1094.74060059, 2604.85620117, 826.395874023, 270.343688965, 298.687774658, 206.920852661, 142.246810913, 127.047943115, 101.232650757, 84.4186782837, 87.8101425171, 80.4057388306]
    },
    "mfcc_bands": {
        "mean": [3.62821992894e-06, 6.82950076225e-06, 8.02725026006e-06, 1.46539414345e-05, 4.61093659396e-05, 4.94817686558e-05, 2.06278346013e-05, 1.86303223018e-05, 1.72534510057e-05, 3.58106876774e-06, 2.81184657069e-06, 2.55444842878e-06, 2.27333771363e-06, 3.23067229147e-06, 2.51278038377e-06, 1.52365657868e-06, 1.07325422505e-06, 8.34580475839e-07, 1.60113222591e-06, 2.22897119784e-06, 2.1817504603e-06, 2.8640254186e-06, 3.22861842506e-06, 5.31021987626e-06, 8.76609101397e-06, 8.38065989228e-06, 4.36820027971e-06, 1.37599590744e-06, 3.73989138325e-07, 1.87408843999e-07, 9.10459192482e-08, 6.32647356724e-08, 3.68295722808e-08, 1.66777880395e-08, 6.42298703113e-09, 1.97489136156e-09, 8.31303526017e-10, 8.29275204062e-10, 7.24821536124e-10, 5.48019629676e-10],
        "var": [1.10706055434e-10, 3.03439912086e-10, 3.28441163155e-10, 8.48278280952e-10, 1.20754544142e-08, 1.57852291238e-08, 5.57266632839e-09, 1.19535110699e-08, 6.81530964997e-09, 4.0577252669e-10, 1.21162080369e-09, 1.02642380706e-10, 1.25780066917e-10, 3.06118741467e-10, 2.81736606267e-10, 1.22867993557e-10, 2.80501649685e-10, 1.79173082621e-11, 6.89098153539e-11, 1.53174473105e-10, 1.36695044173e-10, 1.86189674789e-10, 1.88647986121e-10, 6.48720910323e-10, 2.6156345978e-09, 2.83160828118e-09, 6.38794683816e-10, 7.84869114145e-11, 7.7716739294e-12, 3.07192487593e-12, 5.26481690275e-13, 1.43962736155e-13, 5.1539115586e-14, 9.41807971942e-15, 3.94516648964e-15, 3.49350348175e-16, 1.02791775958e-16, 5.37210562851e-17, 3.76579003123e-17, 1.74579313781e-17]
    }
}
}