{
"metadata": {
    "version": {
        "essentia": "2.1-dev"
    }
},
"lowlevel": {
    "mfcc": {
        "mean": [-766.98638916, 107.667861938, -50.6385650635, 54.8516044617, -10.0713949203, -6.61182117462, -2.98453450203, -10.4893493652, 0.301490336657, -11.854092598, -6.52686071396, -2.43615174294, -8.72098064423],
        "var": [7753.91894531, 883.319641113, 1010.92279053, 320.312713623, 162.646743774, 145.621795654, 104.225440979, 96.9874572754, 94.3776702881, 68.776763916, 72.3018875122, 75.246055603, 72.0006484985]
    },
    "mfcc_bands": {
        "mean": [4.36027175965e-06, 8.30111530377e-05, 9.79402539087e-05, 5.80445921514e-05, 5.02168404637e-05, 3.88947883039e-05, 2.33052924159e-05, 2.32508009503e-05, 2.24171908485e-05, 1.96398050321e-05, 1.09747825263e-05, 6.57341797705e-06, 6.96439656167e-06, 6.7240930548e-06, 1.02989088191e-05, 7.43578993934e-06, 9.62316335062e-06, 5.67637471249e-06, 1.0275240129e-05, 1.17397903523e-05, 1.20239556054e-05, 2.18133664021e-05, 1.53579694597e-05, 1.30429825731e-05, 8.99693259271e-06, 4.99835186929e-06, 6.6385973696e-06, 4.86458566229e-06, 4.11392693422e-06, 2.75823185802e-06, 1.10641190076e-06, 4.450237725e-07, 1.50748732608e-07, 6.7134926951e-08, 2.74463527461e-08, 1.43326204238e-08, 1.25139187901e-08, 1.10072990722e-08, 9.74661329423e-09, 6.7441066065e-09],
        "var": [4.35628755291e-11, 1.771424607e-08, 1.67462061995e-08, 8.70373462192e-09, 7.02885127879e-09, 2.79718581631e-09, 2.40009101482e-09, 2.67581579116e-09, 1.27654364857e-09, 1.49751422374e-09, 6.21547535662e-10, 2.22916976544e-10, 1.49137965866e-10, 1.47427542396e-10, 8.43016156882e-10, 5.64046032103e-10, 5.42231537448e-10, 1.65779293071e-10, 7.98075161512e-10, 7.9945172704e-10, 5.15010534219e-10, 1.64626645649e-09, 7.6348471989e-10, 6.46041442565e-10, 6.70942468251e-10, 1.81533399424e-10, 1.73200495612e-10, 8.51969536586e-11, 5.19377769959e-11, 3.21788984348e-11, 3.23965528883e-12, 5.2379915726e-13, 6.12558913099e-14, 1.13952155546e-14, 2.19132632707e-15, 5.51016796227e-16, 3.88655694482e-16, 3.07908731835e-16, 2.42221617943e-16, 1.10145868208e-16]
    }
}
}