{
"metadata": {
    "version": {
        "essentia": "2.1-dev"
    }
},
"lowlevel": {
    "mfcc": {
        "mean": [-780.38659668, 112.915206909, -48.9063148499, 35.8128623962, -31.3340244293, -15.1666574478, -11.4533100128, -15.5324716568, -10.3128604889, -10.5868263245, -6.14928817749, -12.3246459961, -7.71543931961],
        "var": [9101.55761719, 2645.93383789, 1708.88867188, 887.462219238, 364.996459961, 260.771728516, 176.581954956, 168.141784668, 162.051712036, 164.947769165, 166.929504395, 211.156845093, 203.766433716]
    },
    "mfcc_bands": {
        "mean": [2.76863806903e-06, 1.81126069947e-05, 4.22907032771e-05, 0.000106627398054, 0.000118909883895, 9.8029122455e-05, 0.000130690590595, 0.000138804272865, 9.32507027755e-05, 0.00012540971511, 9.49581735767e-05, 9.17078432394e-05, 4.20497417508e-05, 2.0731229597e-05, 3.54066651198e-05, 4.22988596256e-05, 4.49761173513e-05, 3.05320063489e-05, 2.4434291845e-05, 1.97831122932e-05, 3.55286138074e-05, 2.49774730037e-05, 2.18019449676e-05, 3.44049258274e-05, 1.83861902769e-05, 1.53336695803e-05, 2.98157810903e-05, 1.20526738101e-05, 6.74775856169e-06, 2.9107939099e-06, 4.6794230002e-06, 1.37980259751e-06, 6.9530062774e-07, 4.10334678236e-07, 2.57242305679e-07, 1.34883975988e-07, 5.18896499102e-08, 6.66765629376e-08, 7.67610117691e-08, 4.33623412732e-08],
        "var": [8.76211256329e-11, 3.44375239436e-09, 2.36824142519e-08, 5.33963167015e-08, 9.71418288032e-08, 9.06353889718e-08, 8.37099847217e-08, 8.40756158027e-08, 5.18214520184e-08, 1.39003134336e-07, 4.38926086588e-08, 6.6754282102e-08, 1.89476097034e-08, 4.02309119352e-09, 1.18647891512e-08, 1.56414685648e-08, 2.56002117283e-08, 1.06880255757e-08, 5.84540194026e-09, 3.79038089804e-09, 1.98152001474e-08, 7.86415466081e-09, 4.50343229375e-09, 2.18197904189e-08, 5.15178610883e-09, 3.12244363698e-09, 2.19008207125e-08, 1.32492750105e-09, 8.33264179878e-10, 1.55260110324e-10, 5.08745656713e-10, 1.78111778798e-11, 6.4652636543e-12, 1.99132507359e-12, 1.55890513172e-12, 7.19728530246e-13, 7.30679758235e-14, 1.31467522957e-13, 6.22109731351e-13, 1.20338458707e-13]
    }
}
}