{
"metadata": {
    "version": {
        "essentia": "2.1-dev"
    }
},
"lowlevel": {
    "mfcc": {
        "mean": [-880.055786133, 155.733215332, -28.1939105988, 19.1116924286, 0.501946032047, -16.6063194275, -6.83830022812, -20.9673137665, -9.75110054016, -6.02911090851, -8.04798793793, -0.276163548231, -0.971449017525],
        "var": [5967.10693359, 1145.15893555, 1298.95837402, 555.458496094, 187.214813232, 138.492584229, 136.412857056, 133.365707397, 181.494873047, 181.338623047, 179.001464844, 163.525939941, 153.791748047]
    },
    "mfcc_bands": {
        "mean": [2.56729754256e-06, 7.8926432252e-06, 9.98624909698e-06, 7.38067101338e-05, 3.70376110368e-05, 1.83848860615e-05, 5.69562289456e-05, 4.82426767121e-05, 4.43377393822e-05, 1.77912570507e-05, 9.62289504969e-06, 2.04733460123e-05, 6.10663846601e-06, 7.92174159869e-06, 1.89566981135e-05, 2.09623121918e-05, 8.16001556814e-06, 1.21808097902e-05, 7.14240468369e-06, 1.16414275908e-05, 8.47954561323e-06, 5.18001206729e-06, 3.86641977457e-06, 2.00739759748e-06, 1.58835302955e-06, 1.11657880097e-06, 4.49916655043e-07, 4.71859749496e-07, 3.74074915044e-07, 1.52339652004e-07, 1.03688392983e-07, 2.75291451857e-08, 4.19517487416e-09, 1.13659315293e-09, 3.60952823186e-10, 1.04425426639e-10, 5.06220898533e-11, 3.4121518111e-11, 1.48387829801e-11, 4.45093181062e-12],
        "var": [2.668353212e-11, 2.8464966495e-10, 2.69046673829e-10, 4.5130466475e-08, 2.61454347061e-09, 1.0443327314e-09, 2.82008834063e-08, 1.38306113229e-08, 1.65280731323e-08, 5.7652473906e-09, 3.13122305862e-09, 1.79805255129e-08, 7.39518224435e-10, 2.22104890035e-09, 1.14843095034e-08, 1.43184921697e-08, 1.87865678569e-09, 9.34605015601e-09, 3.3848017722e-09, 6.3851692822e-09, 3.19489901202e-09, 2.26196172903e-09, 3.9897099513e-10, 1.08281682232e-10, 1.78858372557e-10, 6.50530740387e-11, 7.81210686418e-12, 1.20370371656e-11, 1.00525586119e-11, 1.10551943034e-12, 5.67122087139e-13, 2.66565520606e-14, 5.48743624494e-16, 3.3524518496e-17, 4.91522920893e-18, 4.18592784429e-19, 2.13377507486e-19, 8.93294444728e-20, 1.97181925015e-20, 4.74750578662e-21]
    }
}
}