{
"metadata": {
    "version": {
        "essentia": "2.1-dev"
    }
},
"lowlevel": {
    "mfcc": {
        "mean": [-775.546691895, 77.3184127808, -31.6558666229, 53.7143630981, -25.2589530945, -21.5895061493, -8.06156539917, -7.69275379181, -14.459854126, 2.038367033, -4.83938169479, -7.1164226532, -3.67325186729],
        "var": [7933.95410156, 1446.16162109, 904.84375, 324.993988037, 159.746444702, 152.70425415, 117.281341553, 108.969566345, 171.256408691, 184.344787598, 98.3170166016, 92.2978057861, 106.146461487]
    },
    "mfcc_bands": {
        "mean": [1.68767076048e-06, 8.04297815193e-06, 2.16046155401e-05, 2.74459325738e-05, 3.00038554997e-05, 3.80666169804e-05, 3.40861042787e-05, 2.76428381767e-05, 2.96418402286e-05, 1.9205341232e-05, 8.87234000402e-06, 6.82848349243e-06, 4.00277031076e-06, 2.93611310553e-06, 3.55025099452e-06, 2.31304829867e-06, 2.86201407107e-06, 2.93503580906e-06, 5.47053377886e-06, 5.31308523932e-06, 5.22775280842e-06, 5.73475972487e-06, 8.12517373561e-06, 1.24789221445e-05, 1.55761917995e-05, 1.81389732461e-05, 1.78838090505e-05, 5.711049198e-06, 3.5609311908e-06, 1.49513186898e-06, 1.43252816542e-06, 4.52817545238e-07, 5.11367773015e-07, 1.02340254671e-06, 9.42625945299e-07, 3.69305439563e-07, 3.90184737853e-07, 1.03499594672e-07, 1.04497026143e-07, 3.53107125761e-08],
        "var": [7.05225895042e-12, 1.48205447914e-10, 1.95035743111e-09, 2.52051601812e-09, 4.94075003132e-09, 5.50460788062e-09, 3.05030400938e-09, 2.5902018308e-09, 3.2896183555e-09, 1.79606129969e-09, 4.11735701089e-10, 2.4645713248e-10, 8.66780536235e-11, 6.19319318051e-11, 1.68172545334e-10, 2.46716484048e-11, 4.29434786342e-11, 3.50002075933e-11, 1.38019193296e-10, 2.18100190685e-10, 2.22890900181e-10, 2.48569692607e-10, 2.77754541589e-10, 5.93907312219e-10, 6.27215224203e-10, 1.44783085521e-09, 1.19698828627e-09, 8.21422999064e-11, 4.01534049066e-11, 5.36414142271e-12, 1.20385403035e-11, 1.29549246764e-12, 1.51835217576e-12, 8.49458697827e-12, 7.83126948706e-12, 1.21771483955e-12, 1.81225444807e-12, 9.16690294094e-14, 1.76193274922e-13, 1.47177005961e-14]
    }
}
}