{
"metadata": {
    "version": {
        "essentia": "2.1-dev"
    }
},
"lowlevel": {
    "mfcc": {
        "mean": [-866.038574219, 118.360137939, 20.6331481934, 44.0779533386, -17.4856300354, -2.87689113617, -2.47344994545, -8.81523799896, -11.9347991943, -8.24419593811, -7.44442987442, -9.37407016754, -5.55262088776],
        "var": [5861.28222656, 1547.94335938, 737.40045166, 584.114562988, 189.482635498, 150.26524353, 142.592300415, 118.888710022, 100.423561096, 84.6891708374, 95.1490249634, 83.5023956299, 79.4139633179]
    },
    "mfcc_bands": {
        "mean": [6.34238722341e-06, 4.43315693701e-05, 9.00460363482e-05, 7.64576834626e-05, 5.13859486091e-05, 2.37494059547e-05, 1.77711808647e-05, 2.23660917982e-05, 7.72049861553e-06, 6.90512069923e-06, 5.0626281336e-06, 3.28416444972e-06, 5.85163479627e-06, 4.45959221906e-06, 1.26873419504e-06, 8.42124620704e-07, 6.74458988215e-07, 4.49709631312e-07, 2.94861337125e-07, 2.64923500026e-07, 2.53424246921e-07, 2.99035832541e-07, 3.02829590737e-07, 3.73692131461e-07, 4.37099146211e-07, 5.5431422652e-07, 5.25488815128e-07, 3.45378822431e-07, 3.20127981013e-07, 2.76416272982e-07, 1.53498916688e-07, 8.61819628994e-08, 6.50806910585e-08, 5.43863052371e-08, 2.89386825614e-08, 1.4023211925e-08, 8.98568153218e-09, 7.33682536946e-09, 7.7270572163e-09, 5.24502619115e-09],
        "var": [1.493389995e-10, 1.04294226588e-08, 3.48928672622e-08, 1.49197756372e-08, 8.12113309934e-09, 1.72823566569e-09, 1.80114301251e-09, 7.99451349565e-09, 7.83132725335e-10, 7.79031616993e-10, 3.85976750561e-10, 2.27677807163e-10, 4.51916637445e-09, 2.28329222196e-09, 1.14567362541e-10, 2.65231048929e-11, 6.97995394122e-12, 2.54561757958e-12, 9.65227789189e-13, 7.46081310881e-13, 1.12419470434e-12, 1.07355942712e-12, 1.47023268126e-12, 1.06359322391e-12, 6.86605676828e-12, 7.99456594675e-12, 5.92718062131e-12, 6.82179193776e-13, 6.89526777689e-13, 5.1940222956e-13, 1.11704170761e-13, 3.75837903822e-14, 1.93324648418e-14, 1.03569589902e-14, 3.52075872559e-15, 9.74341469831e-16, 4.01683590607e-16, 4.96668038897e-16, 3.87157478487e-16, 1.61049113884e-16]
    }
}
}