{
"metadata": {
    "version": {
        "essentia": "2.1-dev"
    }
},
"lowlevel": {
    "mfcc": {
        "mean": [-807.263549805, 131.627456665, -39.9708938599, 42.8834838867, -17.3355426788, -19.589679718, -1.8124396801, -7.87372493744, -9.16917037964, -2.63360381126, -3.6843829155, -4.50892591476, -1.8834220171],
        "var": [10294.1826172, 2163.28759766, 2039.88317871, 678.150390625, 390.351287842, 407.115081787, 281.577575684, 160.223098755, 171.122329712, 129.720306396, 100.785209656, 132.973831177, 101.843612671]
    },
    "mfcc_bands": {
        "mean": [4.73370664622e-06, 5.08917910338e-05, 4.09820022469e-05, 4.84496376885e-05, 6.12995572737e-05, 4.63272444904e-05, 5.28175150976e-05, 7.05902421032e-05, 7.59537069825e-05, 3.02680673485e-05, 3.41255690728e-05, 4.71378989459e-05, 2.41202305915e-05, 2.64828613581e-05, 2.95527242997e-05, 2.01678103622e-05, 1.29768804982e-05, 1.26282156998e-05, 1.16960327432e-05, 9.57214706432e-06, 1.13270325528e-05, 8.48973741086e-06, 9.04669923329e-06, 1.00631168607e-05, 1.16566925499e-05, 8.00715042715e-06, 7.99702047516e-06, 5.50449703951e-06, 3.48986145582e-06, 3.0528485695e-06, 1.11906240363e-06, 6.4619831619e-07, 2.85195966399e-07, 1.7367577243e-07, 1.19148211297e-07, 7.3583784399e-08, 4.35509441843e-08, 2.35994015441e-08, 1.23457137846e-08, 6.29589846923e-09],
        "var": [5.75680544901e-11, 1.40019871253e-08, 7.53777484874e-09, 6.29929441942e-09, 1.39622988726e-08, 7.87632359334e-09, 1.26574422055e-08, 2.87050188064e-08, 4.20260839462e-08, 5.43029798905e-09, 1.65193227986e-08, 3.54564519967e-08, 1.43826968113e-08, 1.21769128114e-08, 1.34292417187e-08, 6.08171957239e-09, 2.05154804256e-09, 2.4031623358e-09, 2.17405915492e-09, 1.42678946435e-09, 1.36262034989e-09, 7.00896951589e-10, 7.01052660368e-10, 6.84397261086e-10, 8.61320736956e-10, 3.82156861711e-10, 3.78288234071e-10, 3.00679120491e-10, 1.37075156781e-10, 1.46713405313e-10, 1.33190984283e-11, 5.7419546548e-12, 1.37907610678e-12, 6.84528334623e-13, 2.85553888478e-13, 1.49713046322e-13, 4.35497110921e-14, 9.69859077353e-15, 2.61720348152e-15, 5.87707298887e-16]
    }
}
}