{
"metadata": {
    "version": {
        "essentia": "2.1-dev"
    }
},
"lowlevel": {
    "mfcc": {
        "mean": [-761.881835938, 133.023452759, -44.0521888733, 54.0288200378, -23.2166461945, -6.27357244492, -8.16492938995, -14.033036232, -2.62030386925, -12.2269153595, -9.82362747192, -0.0599289834499, -4.67671251297],
        "var": [9011.51171875, 1695.53479004, 1169.22802734, 470.560821533, 243.014892578, 139.112091064, 129.799041748, 130.804397583, 108.547264099, 88.7189331055, 92.322769165, 134.522338867, 119.056396484]
    },
    "mfcc_bands": {
        "mean": [6.62199090584e-06, 5.98751903453e-05, 0.000139478652272, 0.000114218819363, 0.000109450978925, 9.88474203041e-05, 5.27003285242e-05, 9.53917769948e-05, 8.80677762325e-05, 4.47323291155e-05, 1.75570366991e-05, 1.11493363875e-05, 1.58991806529e-05, 1.61868465511e-05, 1.27810617414e-05, 6.29978330835e-06, 6.50603760732e-06, 5.84161716688e-06, 5.78900153414e-06, 9.93470803223e-06, 1.3166932149e-05, 1.20858412629e-05, 1.61769512488e-05, 9.2120926638e-06, 3.74824344362e-06, 6.51812524666e-06, 1.0976385056e-05, 1.18046709758e-05, 1.05749340946e-05, 6.06230969424e-06, 1.83790905339e-06, 4.18067116925e-07, 2.3290805018e-07, 1.12753859582e-07, 4.08711784416e-08, 2.09616448643e-08, 1.29477175648e-08, 1.0304818332e-08, 6.44240127912e-09, 3.42771055983e-09],
        "var": [7.68483263136e-11, 5.58277513107e-09, 2.66925788139e-08, 1.95449878504e-08, 1.7251986506e-08, 1.61534998711e-08, 5.17610176942e-09, 3.08029939333e-08, 3.40115526853e-08, 1.09178666108e-08, 2.28635821387e-09, 6.5041466657e-10, 1.60198976307e-09, 7.41653960468e-10, 7.11999015302e-10, 1.63434821232e-10, 2.46145659411e-10, 1.1124056537e-10, 6.76508293829e-11, 2.74232608843e-10, 5.22702658934e-10, 3.69893088381e-10, 7.67828411963e-10, 2.29664509632e-10, 3.52678199145e-11, 1.8372318944e-10, 3.94692833972e-10, 4.90668283781e-10, 3.63019614369e-10, 1.33475328012e-10, 1.26828799199e-11, 5.73654567858e-13, 1.97147433469e-13, 4.25129054952e-14, 6.19193324069e-15, 2.39012220694e-15, 9.04134296965e-16, 5.66449736526e-16, 2.36922870992e-16, 7.46089780999e-17]
    }
}
}