{
"metadata": {
    "version": {
        "essentia": "2.1-dev"
    }
},
"lowlevel": {
    "mfcc": {
        "mean": [-806.168762207, 147.025497437, -32.2591285706, 40.0047950745, -11.7857446671, -21.0341968536, -8.24925327301, -8.18360042572, -4.53816318512, -4.55271148682, -5.03313207626, -6.65865278244, -4.85483407974],
        "var": [7419.84082031, 1407.03759766, 1871.38122559, 639.480285645, 235.28074646, 217.111129761, 198.754257202, 160.9400177, 128.959823608, 111.687835693, 111.97026825, 132.550567627, 118.97215271]
    },
    "mfcc_bands": {
        "mean": [7.34818922865e-06, 2.6428459023e-05, 3.60376070603e-05, 8.48575145938e-05, 6.89017033437e-05, 5.79887127969e-05, 5.12677652296e-05, 5.00182977703e-05, 5.90074960201e-05, 2.62473440671e-05, 3.03271608573e-05, 1.67570342455e-05, 9.54864208325e-06, 7.97841494204e-06, 9.67569303612e-06, 7.53463882575e-06, 4.62812931801e-06, 4.34199455412e-06, 9.90922126221e-06, 5.37926871402e-06, 6.57498549117e-06, 1.09365209937e-05, 1.09633901957e-05, 9.22454091778e-06, 8.86622183316e-06, 6.99885185895e-06, 5.87092972637e-06, 2.09058430301e-06, 1.0363197589e-06, 6.50837989724e-07, 2.33395354599e-07, 1.03605628965e-07, 8.17259291352e-08, 4.88035212243e-08, 2.19411333546e-08, 9.37545863167e-09, 4.47040671148e-09, 3.64628349736e-09, 3.88138898799e-09, 3.24375126759e-09],
        "var": [3.85446063955e-10, 3.16258552679e-09, 3.46916229077e-09, 2.5453712027e-08, 1.11183036111e-08, 9.40607236544e-09, 6.40353015058e-09, 6.61939436597e-09, 1.43633727134e-08, 4.8937991437e-09, 8.06158961808e-09, 3.51186324465e-09, 1.58810664619e-09, 1.05923447791e-09, 3.84059184455e-09, 1.58417112761e-09, 3.74156983174e-10, 2.65693217427e-10, 9.11088360311e-09, 1.59418075962e-10, 1.54802240471e-10, 1.32777455697e-09, 4.82760609266e-10, 4.44934838972e-10, 3.55293544585e-10, 2.2232173047e-10, 2.19048168493e-10, 2.37336244407e-11, 5.25738654e-12, 2.91581906189e-12, 4.27759498829e-13, 2.84577645737e-13, 1.73010531682e-13, 2.53831633853e-14, 3.68132377338e-15, 1.1514134957e-15, 1.62564045545e-16, 4.68486875548e-17, 6.82430556627e-17, 6.79653082653e-17]
    }
}
}