{
"metadata": {
    "version": {
        "essentia": "2.1-dev"
    }
},
"lowlevel": {
    "mfcc": {
        "mean": [-845.45690918, 138.751358032, -6.9783949852, 40.9821128845, -20.3794288635, -14.1986627579, -11.6649513245, -10.5526895523, -7.91121864319, -9.66670703888, 0.271186441183, -2.28214025497, 2.01996064186],
        "var": [5926.78613281, 1076.80627441, 904.824645996, 391.898773193, 266.524353027, 228.090881348, 224.024261475, 282.795776367, 284.719512939, 209.139984131, 157.322433472, 185.803070068, 185.092285156]
    },
    "mfcc_bands": {
        "mean": [7.63799471315e-06, 2.07853827305e-05, 4.48162973044e-05, 3.81967511203e-05, 5.91581665503e-05, 0.000135343216243, 0.000163356948178, 0.00011797867046, 7.63923235354e-05, 2.09573827306e-05, 2.51252895396e-05, 2.01360744541e-05, 1.91201306734e-05, 1.49447496369e-05, 4.80094513478e-06, 3.37340361511e-06, 1.6650649286e-06, 1.13752594189e-06, 1.42563669669e-06, 1.60734236943e-06, 9.69596271716e-07, 8.42663496314e-07, 1.02069782315e-06, 1.3030246464e-06, 1.36189441946e-06, 1.11980239126e-06, 1.13434145987e-06, 6.74922432609e-07, 4.1611409074e-07, 4.18453026896e-07, 3.02026961663e-07, 1.73304059103e-07, 9.10738151561e-08, 4.31509761256e-08, 2.16874322945e-08, 9.35058519502e-09, 4.31771507436e-09, 3.4943861138e-09, 3.16637138731e-09, 2.32983987658e-09],
        "var": [1.94209592852e-10, 1.14453835298e-09, 1.28474200167e-08, 9.17534936917e-09, 1.22698864402e-07, 1.04932823319e-07, 2.31563447528e-07, 2.25116238539e-07, 2.70518142997e-07, 1.06279260947e-08, 1.3732579518e-08, 1.83141111165e-08, 1.89913897941e-08, 8.06548339227e-09, 1.32414379461e-09, 1.34745459235e-09, 1.10980460932e-10, 4.59908985895e-11, 5.84331694142e-10, 1.30539112853e-09, 2.3208627728e-11, 8.22584708682e-12, 9.80633369646e-12, 2.27385141965e-11, 4.75461961469e-11, 4.09186504124e-11, 4.11571783598e-11, 7.46539635665e-12, 2.58986842389e-12, 4.09506326418e-12, 2.53349533193e-12, 5.01676770872e-13, 1.3968092362e-13, 2.64018441712e-14, 2.47806264983e-14, 3.08280317777e-14, 2.20857501484e-16, 1.43914457924e-16, 1.05959540215e-16, 1.61833201695e-16]
    }
}
}