{
"metadata": {
    "version": {
        "essentia": "2.1-dev"
    }
},
"lowlevel": {
    "mfcc": {
        "mean": [-883.465148926, 148.2368927, -7.56494760513, 32.5562210083, -13.5339622498, -28.2872848511, -6.52963161469, -12.7598438263, -13.1634683609, -7.53128385544, -5.07110357285, -5.14090299606, -5.7949681282],
        "var": [10869.2890625, 1290.35754395, 2599.83642578, 492.540496826, 253.118789673, 254.668563843, 153.685440063, 125.072349548, 144.732803345, 113.447242737, 108.762283325, 104.43132019, 104.36315918]
    },
    "mfcc_bands": {
        "mean": [3.52167853634e-06, 2.1633652068e-05, 3.18189158861e-05, 3.95931529056e-05, 9.83974750852e-05, 6.9155365054e-05, 3.76712268917e-05, 4.89779049531e-05, 7.47709418647e-05, 3.76803363906e-05, 2.01426719286e-05, 9.91411070572e-06, 4.54565542896e-06, 4.44158422397e-06, 5.4470019677e-06, 4.0139552766e-06, 3.23535005009e-06, 2.14477950067e-06, 2.24934046855e-06, 2.01160537472e-06, 1.75206241693e-06, 2.77719118458e-06, 3.48826847585e-06, 4.58283238913e-06, 2.72901434073e-06, 3.25351334141e-06, 2.31433250519e-06, 1.4979034404e-06, 7.27848657789e-07, 3.27578391079e-07, 1.01520811313e-07, 3.1775659437e-08, 1.75394934132e-08, 1.05240314241e-08, 4.38071090514e-09, 1.92544691302e-09, 1.21261412023e-09, 8.88620454997e-10, 7.85797427127e-10, 6.05640204654e-10],
        "var": [1.53451154561e-10, 3.9343532876e-09, 4.67357930134e-09, 6.88348222866e-09, 7.4006045736e-08, 1.82242416713e-08, 5.24266674518e-09, 1.65202536095e-08, 5.47288401265e-08, 1.6976104078e-08, 8.50896686444e-09, 4.71355177112e-09, 3.98777677546e-10, 2.57480980981e-10, 9.34556654286e-10, 2.18311785316e-10, 1.79416717594e-10, 7.38981029147e-11, 8.41195654799e-11, 1.61802307663e-10, 5.77207136254e-11, 1.70103431341e-10, 1.12978855438e-10, 3.30352856182e-10, 6.87158802082e-11, 1.24418031433e-10, 6.2464769468e-11, 3.56059001727e-11, 9.75170465212e-12, 2.58057420918e-12, 2.79675832189e-13, 2.37058467203e-14, 4.34275316717e-15, 2.75175064179e-15, 4.00635122637e-16, 7.18491197646e-17, 2.58530304283e-17, 1.41903131868e-17, 1.35446581869e-17, 7.24774825538e-18]
    }
}
}