{
"metadata": {
    "version": {
        "essentia": "2.1-dev"
    }
},
"lowlevel": {
    "mfcc": {
        "mean": [-836.028625488, 170.175384521, -18.2005767822, 19.6968822479, -26.0488166809, -19.0770626068, -4.62421321869, -2.68903851509, -2.35664272308, -2.82169961929, -2.21684360504, 1.12764072418, 1.12379157543],
        "var": [4612.99658203, 802.380126953, 973.176574707, 292.823974609, 197.852874756, 183.845077515, 131.794799805, 118.774276733, 144.937164307, 127.732528687, 113.775932312, 149.927597046, 225.846374512]
    },
    "mfcc_bands": {
        "mean": [4.91158834848e-06, 3.21738953062e-05, 2.83556473732e-05, 4.35843394371e-05, 4.87243305543e-05, 9.12836985663e-05, 0.000115399881906, 0.000333453441272, 0.000173809952685, 0.000160478142789, 8.47437986522e-05, 5.71751552343e-05, 3.5223634768e-05, 1.97836798179e-05, 5.66453354622e-06, 7.386195648e-06, 2.46998365583e-06, 1.59150181389e-06, 4.29505644206e-06, 2.63062111117e-06, 1.09437985429e-06, 1.32723960178e-06, 2.48476021625e-06, 1.53128519287e-06, 8.05017350558e-07, 3.99124445494e-07, 6.53054541999e-07, 2.55755224998e-07, 1.88809096358e-07, 8.85639295234e-08, 7.2953525887e-08, 1.94184828217e-08, 1.07954258866e-08, 1.29833592766e-08, 5.35923394551e-09, 3.28907123759e-09, 8.06051614344e-10, 5.87687537523e-11, 3.03567275484e-11, 2.72763686637e-11],
        "var": [5.79154293967e-11, 2.29177765654e-09, 1.34618849401e-09, 5.62516078162e-09, 1.49674157512e-08, 4.14626555312e-08, 5.40318580988e-08, 5.89844376009e-07, 1.68367762399e-07, 2.55451311659e-07, 1.51439181195e-07, 4.73548027458e-08, 8.06246802654e-09, 1.61622679684e-08, 3.40648731445e-10, 6.46385611702e-10, 1.13413348157e-10, 2.62320894173e-11, 2.5576749052e-10, 9.0457863422e-11, 1.31889100335e-11, 6.14771913932e-11, 4.53948996448e-11, 2.84849262233e-11, 6.60491279725e-12, 2.03779050925e-12, 5.43683631102e-12, 1.1186332893e-12, 6.81754728626e-13, 5.80006488259e-14, 1.12154067229e-13, 3.11495244034e-15, 9.05577641107e-16, 5.53704421181e-15, 1.52521874385e-16, 8.54743130831e-17, 1.82174221467e-17, 5.25912507342e-21, 9.66269790571e-23, 8.11746328061e-23]
    }
}
}