{
"metadata": {
    "version": {
        "essentia": "2.1-dev"
    }
},
"lowlevel": {
    "mfcc": {
        "mean": [-842.424194336, 134.568634033, -38.3364295959, 59.3823356628, -0.999647080898, -9.38811969757, 7.35096263885, -9.82625198364, -4.91267585754, -10.2843780518, -8.73748016357, -0.454499065876, -3.90522742271],
        "var": [7110.33886719, 988.920288086, 1962.36547852, 546.439086914, 234.808929443, 172.668960571, 155.937561035, 134.566345215, 124.145362854, 122.213783264, 90.608253479, 101.197097778, 109.750434875]
    },
    "mfcc_bands": {
        "mean": [9.37443928706e-06, 3.79134398827e-05, 4.42424316134e-05, 6.10598435742e-05, 3.35572876793e-05, 1.81482446351e-05, 1.31003998831e-05, 2.58946238318e-05, 7.39629831514e-06, 8.21015783004e-06, 1.30384341901e-05, 1.11449535325e-05, 7.26743655832e-06, 5.85656061958e-06, 8.38908999867e-06, 6.31583725408e-06, 7.62770423535e-06, 4.89961530548e-06, 8.42905683385e-06, 2.46885465458e-05, 1.5312252799e-05, 1.48884419104e-05, 1.38166260513e-05, 1.13292253445e-05, 8.32362184155e-06, 5.66833659832e-06, 4.94733558298e-06, 4.81324514112e-06, 2.51215055869e-06, 1.52858910951e-06, 4.738110988e-07, 9.07822084173e-08, 2.03001313537e-08, 1.03198392054e-08, 6.06246830515e-09, 1.87161863785e-09, 6.6018140954e-10, 3.67593622208e-10, 1.76918965589e-10, 9.55607953879e-11],
        "var": [1.95518920498e-10, 3.86071041802e-09, 8.16905920686e-09, 8.92986751211e-09, 4.65080551848e-09, 1.41888578664e-09, 1.32178679113e-09, 5.03862906953e-09, 3.40123207376e-10, 8.57730053649e-10, 2.03410777111e-09, 2.73756706193e-09, 1.19923027064e-09, 1.35398980916e-09, 7.90993992528e-10, 5.14079778746e-10, 8.16921696956e-10, 5.11129250036e-10, 1.20138921034e-09, 1.2978945918e-08, 4.46810322074e-09, 3.11127523744e-09, 1.90644677822e-09, 1.30559019151e-09, 7.07698011304e-10, 2.8429647525e-10, 2.26041518836e-10, 3.07633085672e-10, 7.77814687658e-11, 4.04869991699e-11, 4.72210898855e-12, 1.46120528871e-13, 7.08554834136e-15, 9.91046018342e-16, 3.25328176153e-16, 3.23583493423e-17, 2.18178854087e-18, 6.57095062916e-19, 1.90441766579e-19, 6.33582544477e-20]
    }
}
}