{
"metadata": {
    "version": {
        "essentia": "2.1-dev"
    }
},
"lowlevel": {
    "mfcc": {
        "mean": [-735.350341797, 122.997489929, -24.53764534, 32.7800178528, -16.1828765869, -20.4475364685, -5.98695468903, -13.9829092026, -7.9277882576, -7.92213821411, -8.45515346527, -5.10485601425, -8.10068893433],
        "var": [9480.53222656, 1178.7644043, 1251.90234375, 356.412811279, 174.127334595, 159.843978882, 119.940353394, 115.413406372, 122.788208008, 93.1892852783, 113.20690918, 104.121665955, 97.9076538086]
    },
    "mfcc_bands": {
        "mean": [9.89248019323e-06, 7.35428548069e-05, 0.000164874654729, 0.000284133537207, 0.000247975054663, 0.00018208817346, 0.00015492500097, 0.000132986606332, 0.000117483745271, 0.000153440676513, 0.00015910595539, 9.74873255473e-05, 2.87552975351e-05, 3.13688797178e-05, 3.26557674271e-05, 2.89470681309e-05, 1.78883510671e-05, 1.41960763358e-05, 1.49787256305e-05, 2.0666166165e-05, 1.88339618035e-05, 2.13714611164e-05, 3.06428155454e-05, 9.08209312911e-06, 1.24585567391e-05, 6.59034230921e-06, 6.19968204774e-06, 4.0712388909e-06, 2.48671494774e-06, 1.61043965363e-06, 6.26424935035e-07, 2.57827366568e-07, 1.75143640035e-07, 1.05750700641e-07, 6.57426255657e-08, 5.83221613226e-08, 3.78641189513e-08, 4.44815384526e-08, 4.34423057527e-08, 3.44404362806e-08],
        "var": [2.52779241983e-10, 1.59240780562e-08, 4.55141702105e-08, 1.69642987657e-07, 8.08184239531e-08, 5.20317904318e-08, 1.10887704352e-07, 8.4804689493e-08, 5.93073217203e-08, 1.61081004535e-07, 1.71922863501e-07, 1.04048794469e-07, 5.96478688664e-09, 8.3233260284e-09, 6.38030606126e-09, 9.17076636853e-09, 3.78424980241e-09, 2.45888531758e-09, 2.85061352301e-09, 4.48111547868e-09, 2.66168131979e-09, 8.15623391048e-09, 1.02243662425e-08, 5.38141087247e-10, 2.28194463325e-09, 1.23892979209e-10, 2.93131213747e-10, 7.78597533668e-11, 1.6588079868e-11, 1.11130982888e-11, 1.13962192547e-12, 1.61411276055e-13, 7.8924212543e-14, 9.41367277641e-14, 3.41361867159e-14, 1.54824849501e-14, 5.44696352841e-15, 5.23517776303e-15, 4.51149060059e-15, 3.381941884e-15]
    }
}
}