{
"metadata": {
    "version": {
        "essentia": "2.1-dev"
    }
},
"lowlevel": {
    "mfcc": {
        "mean": [-863.038085938, 127.967681885, -6.01143026352, 39.5386161804, -20.004026413, -26.1347198486, -8.38680744171, -13.2994441986, -6.96079683304, -9.07403278351, -11.6367464066, -3.05219507217, -10.4465637207],
        "var": [6380.09667969, 1754.74658203, 1198.87805176, 781.381774902, 381.096038818, 398.925170898, 325.421112061, 176.140457153, 195.995010376, 175.63621521, 166.597335815, 117.845993042, 128.376907349]
    },
    "mfcc_bands": {
        "mean": [5.75258582103e-06, 1.22678457046e-05, 2.2561816877e-05, 6.10606221016e-05, 0.000110349596071, 9.02348256204e-05, 3.64055085811e-05, 2.40633944486e-05, 3.77397664124e-05, 5.51207558601e-05, 4.47056117991e-05, 3.04283712467e-05, 1.75680579559e-05, 1.15005341286e-05, 6.19564798399e-06, 3.6432638808e-06, 2.78088486994e-06, 2.05982723855e-06, 2.04599814424e-06, 1.3731122408e-06, 1.19453284242e-06, 1.7051594341e-06, 2.94498681797e-06, 4.32587739851e-06, 2.24628320211e-06, 8.92315199508e-07, 2.00714111998e-06, 2.71370572591e-06, 1.66758695741e-06, 8.23297341412e-07, 4.91822731874e-07, 2.57203112142e-07, 1.61406745747e-07, 9.20098770507e-08, 5.0251095729e-08, 2.33794636983e-08, 1.12083302639e-08, 1.04404431767e-08, 8.32852453669e-09, 4.87728568643e-09],
        "var": [3.01229513555e-10, 8.9859902852e-10, 3.01066327424e-09, 1.69368856717e-08, 3.19785229408e-08, 2.80669638641e-08, 7.96161625516e-09, 6.2973812831e-09, 9.1896010801e-09, 3.92408630034e-08, 3.47156365876e-08, 2.6443100154e-08, 1.2153115847e-08, 9.23301968214e-09, 1.51145063132e-09, 6.03350869266e-10, 3.85763671007e-10, 1.600845706e-10, 1.54402296504e-10, 8.06418543053e-11, 2.57593096159e-11, 5.07904066027e-11, 1.86726967222e-10, 3.92291449325e-10, 2.15432713335e-10, 2.55586593556e-11, 2.54842119629e-10, 3.00334562775e-10, 5.96276708564e-11, 1.56422531178e-11, 7.14671724578e-12, 3.2687674182e-12, 1.50607911559e-12, 4.03848178857e-13, 8.74219384492e-14, 1.59338366205e-14, 3.48898440216e-15, 2.54313214435e-15, 1.27421252074e-15, 4.84796130987e-16]
    }
}
}