{
"metadata": {
    "version": {
        "essentia": "2.1-dev"
    }
},
"lowlevel": {
    "mfcc": {
        "mean": [-777.752380371, 117.990501404, -10.8771772385, 38.8549156189, -17.6556625366, 4.56135654449, -7.75734853745, 2.25213694572, -7.607006073, -6.78431653976, -4.3726773262, -0.445405781269, -2.28646111488],
        "var": [5079.69580078, 1153.9510498, 532.358337402, 365.412139893, 152.103027344, 141.567428589, 153.072723389, 167.859848022, 95.7082366943, 96.1737594604, 92.8218307495, 103.914611816, 90.8952484131]
    },
    "mfcc_bands": {
        "mean": [2.57605461229e-05, 9.47152075241e-05, 7.30625833967e-05, 7.16768627171e-05, 8.80359511939e-05, 7.13169356459e-05, 6.24691092526e-05, 3.70159978047e-05, 6.36820550426e-05, 2.27646833082e-05, 1.96095934371e-05, 2.01092043426e-05, 1.91860726773e-05, 2.35032766795e-05, 1.23292811622e-05, 5.1037495723e-06, 5.98819678999e-06, 6.08074060438e-06, 3.20025128531e-06, 2.48316609941e-06, 3.98277597924e-06, 2.68153598881e-06, 1.76287551312e-06, 1.8163493678e-06, 2.33184596254e-06, 1.61190314429e-06, 1.12915927275e-06, 8.78803462001e-07, 9.35148761982e-07, 5.76077468395e-07, 5.55445069494e-07, 5.05067248469e-07, 2.31178802323e-07, 1.32518493956e-07, 1.08993639003e-07, 5.02506729561e-08, 3.60158267654e-08, 1.7451540657e-08, 1.23688321807e-08, 6.28687368831e-09],
        "var": [1.76920178507e-09, 3.14767447662e-08, 1.03712789468e-08, 1.2240295888e-08, 3.22250670592e-08, 2.47971279066e-08, 1.77104979571e-08, 1.0787975846e-08, 1.04010432267e-07, 1.09254729708e-08, 9.8892600775e-09, 7.62953966671e-09, 1.24178978211e-08, 1.98575129673e-08, 3.65488617149e-09, 4.19952767006e-10, 9.17054265859e-10, 1.39142564137e-09, 1.27067925626e-10, 4.74611842882e-11, 1.81002282607e-10, 8.29734336794e-11, 2.69266969832e-11, 3.40647926533e-11, 7.2703780496e-11, 2.64978927689e-10, 2.35828179901e-11, 9.3975608545e-12, 1.11865300009e-11, 7.52659826825e-12, 4.60319326059e-12, 6.09833884779e-12, 1.03833597536e-12, 1.46710402616e-13, 5.03391206215e-14, 1.53225448009e-14, 4.25885413022e-15, 1.20742100823e-15, 5.86664336631e-16, 1.38554327555e-16]
    }
}
}