{
"metadata": {
    "version": {
        "essentia": "2.1-dev"
    }
},
"lowlevel": {
    "mfcc": {
        "mean": [-842.371337891, 149.842849731, -33.9307670593, 23.4373054504, -17.2201309204, -1.83333289623, -3.03122997284, -20.4376564026, -11.4997549057, -16.3506965637, -5.50079250336, -4.77536392212, -8.65687465668],
        "var": [6137.27148438, 1263.95617676, 1094.36743164, 772.261169434, 251.894561768, 194.199325562, 117.460037231, 111.636611938, 93.7434997559, 99.5396957397, 96.1880493164, 93.0720901489, 87.1599349976]
    },
    "mfcc_bands": {
        "mean": [2.41182851823e-06, 4.71903185826e-05, 7.41983531043e-05, 6.08332011325e-05, 3.19205319101e-05, 4.14310998167e-05, 4.42106829723e-05, 3.13764467137e-05, 1.71508345375e-05, 1.68994756677e-05, 5.2408540796e-06, 9.59990302363e-06, 2.02811152121e-05, 1.63977147167e-05, 1.38447921927e-05, 1.79947146535e-05, 6.84455653754e-06, 4.67469908472e-06, 4.45668592874e-06, 6.42715167487e-06, 2.15221143662e-06, 2.01514831133e-06, 2.64910659098e-06, 3.60732133231e-06, 2.09232166526e-06, 1.44672958413e-06, 6.69812550314e-07, 9.54733536673e-07, 5.64864649277e-07, 3.07775650299e-07, 1.07835184338e-07, 6.66058639354e-08, 3.66356012194e-08, 9.2899909987e-09, 2.98615798755e-09, 1.65975888589e-09, 9.33606636444e-10, 9.00923224911e-10, 5.54340462422e-10, 3.30945520988e-10],
        "var": [4.1984533905e-11, 1.62789337566e-08, 1.57693875735e-08, 1.70174647707e-08, 2.03116923281e-09, 4.88339724214e-09, 1.12445279754e-08, 9.78794556517e-09, 1.58767166081e-09, 2.11027617603e-09, 1.03578770561e-10, 5.7631471817e-10, 3.25728355399e-09, 2.18199391888e-09, 1.38345535028e-09, 3.02137337371e-09, 3.31362437489e-10, 2.73847028387e-10, 3.52473522591e-10, 5.36658606443e-10, 6.19374204702e-11, 8.36722358066e-11, 7.8978310003e-11, 3.21946524995e-10, 7.71520347609e-11, 2.2391741239e-11, 6.79410954579e-12, 1.3832163713e-11, 2.23168428182e-11, 9.84525828918e-13, 7.12648730718e-14, 3.38966085289e-14, 1.23890537111e-14, 9.33719357867e-16, 9.06034549208e-17, 3.0299718482e-17, 1.43487364721e-17, 1.23054969615e-17, 8.4381529739e-18, 2.42611598033e-18]
    }
}
}