{
"metadata": {
    "version": {
        "essentia": "2.1-dev"
    }
},
"lowlevel": {
    "mfcc": {
        "mean": [-915.054199219, 153.825881958, -2.79182744026, 12.0649013519, -2.51016688347, -15.4569635391, -6.84760046005, -11.4575920105, -10.2022676468, -10.9062480927, -8.93525600433, -4.10084342957, -5.21314334869],
        "var": [4126.72753906, 1112.68640137, 1945.44921875, 712.919311523, 260.161956787, 266.296569824, 177.637893677, 135.305709839, 135.657928467, 123.18384552, 108.23739624, 129.940948486, 114.293830872]
    },
    "mfcc_bands": {
        "mean": [2.66518486569e-06, 1.32146824399e-05, 2.66611514235e-05, 2.53369125858e-05, 3.59047153324e-05, 3.47243803844e-05, 2.04820426006e-05, 2.00427584787e-05, 2.51358287642e-05, 9.55612085818e-06, 5.83923838349e-06, 6.3689021772e-06, 5.69856547372e-06, 1.07429987111e-05, 6.7042228693e-06, 2.91066862701e-06, 3.18586035064e-06, 1.90892660612e-06, 1.88759008779e-06, 2.83925851363e-06, 1.26433349124e-06, 2.02360297408e-06, 1.07355822365e-06, 7.32087926281e-07, 3.0994857525e-07, 2.05281196486e-07, 1.15662459166e-07, 1.29526327441e-07, 1.1374292086e-07, 8.89688038797e-08, 5.39679270162e-08, 2.77733906984e-08, 5.10409092769e-09, 1.38241151859e-09, 6.6798566678e-10, 3.00235558637e-10, 2.4350446659e-10, 1.76400311025e-10, 1.21485418947e-10, 8.06835778744e-11],
        "var": [4.93823489045e-11, 1.20815735194e-09, 6.83568268656e-09, 2.55505572255e-09, 7.49537942824e-09, 6.81703404837e-09, 2.96909519193e-09, 3.76696984716e-09, 1.14950893249e-08, 2.02023509033e-09, 5.19231824203e-10, 9.20484521938e-10, 6.8268035669e-10, 2.56361909479e-09, 1.03038766408e-09, 2.47819154087e-10, 2.11998057997e-10, 1.00602172426e-10, 1.22177101769e-10, 4.69442928974e-10, 5.44954741055e-11, 2.77849410146e-10, 5.87358078841e-11, 2.96571864289e-11, 2.75763678385e-12, 1.75730664829e-12, 5.56055472934e-13, 1.12797824466e-12, 1.25962120508e-12, 1.18859024185e-12, 7.81830980165e-13, 2.85976483379e-13, 2.9638354098e-15, 6.57937804863e-17, 8.49072609209e-18, 1.16509898883e-18, 7.28497655283e-19, 4.06012840727e-19, 2.31143550511e-19, 1.62360535746e-19]
    }
}
}