{
"metadata": {
    "version": {
        "essentia": "2.1-dev"
    }
},
"lowlevel": {
    "mfcc": {
        "mean": [-768.449523926, 110.710601807, -37.1996383667, 37.3282051086, -14.0055761337, -17.2103347778, -4.09185409546, -8.9396276474, -9.74962711334, -7.4204492569, -7.66585969925, -6.16163110733, -7.34983968735],
        "var": [17711.4707031, 1131.80810547, 1686.03283691, 381.515014648, 241.16583252, 124.809295654, 110.331420898, 108.708106995, 74.0819854736, 74.380241394, 62.2562599182, 60.2686538696, 57.4048728943]
    },
    "mfcc_bands": {
        "mean": [3.49808328792e-06, 2.6147110475e-05, 7.62956187828e-05, 6.98666335666e-05, 7.73132123868e-05, 0.00010718840349, 5.67755050724e-05, 5.53305253561e-05, 7.28951708879e-05, 5.91407697357e-05, 3.11042931571e-05, 2.86342547042e-05, 2.98264858429e-05, 2.5998282581e-05, 2.86272152152e-05, 2.40000917984e-05, 1.96305645659e-05, 1.51734620886e-05, 3.33570933435e-05, 2.54113092524e-05, 2.24219311349e-05, 2.96607213386e-05, 3.80060555472e-05, 3.71386558982e-05, 3.18456732202e-05, 2.50858538493e-05, 4.19267562393e-05, 1.79252128873e-05, 7.78472440288e-06, 7.04330886947e-06, 2.80423819277e-06, 1.76747789737e-06, 5.21155243405e-07, 3.03047414718e-07, 1.14952520391e-07, 7.30231803914e-08, 5.38686251161e-08, 5.32644008899e-08, 5.99009482016e-08, 4.24791650744e-08],
        "var": [6.47976047818e-11, 3.01201152908e-09, 2.1749769985e-08, 1.47685534913e-08, 1.81639201458e-08, 4.70856100776e-08, 9.70216174068e-09, 1.31233930389e-08, 5.86572035388e-08, 1.85526172203e-08, 4.46786874164e-09, 4.43451764198e-09, 4.44904424413e-09, 4.214269822e-09, 5.16055553845e-09, 3.79255293836e-09, 1.68848579563e-09, 1.11449771634e-09, 8.54425685759e-09, 3.31649285812e-09, 2.02161398732e-09, 4.08183442602e-09, 6.25018925504e-09, 5.47629630532e-09, 4.56423610018e-09, 2.75823297535e-09, 1.08124700304e-08, 2.28223129284e-09, 3.1161997982e-10, 3.00828084665e-10, 4.7554231386e-11, 1.51898181533e-11, 1.2197829552e-12, 4.87836550669e-13, 5.89286174653e-14, 2.07682703907e-14, 1.13708252409e-14, 1.12555864084e-14, 1.61591778776e-14, 8.36989254082e-15]
    }
}
}