{
"metadata": {
    "version": {
        "essentia": "2.1-dev"
    }
},
"lowlevel": {
    "mfcc": {
        "mean": [-773.067443848, 152.735626221, -23.6932106018, 38.959526062, -25.6265735626, -19.3221645355, -0.106070287526, -12.3231544495, -3.23178219795, -2.19902133942, -5.56196928024, -6.00291919708, -3.32871794701],
        "var": [5956.66113281, 1126.06445312, 833.118286133, 284.068939209, 172.429748535, 143.820739746, 146.640014648, 109.200424194, 98.2308502197, 110.627433777, 91.3462295532, 113.403999329, 135.019638062]
    },
    "mfcc_bands": {
        "mean": [1.84568489203e-05, 6.54551258776e-05, 9.80087716016e-05, 0.000119644886581, 0.000164231983945, 0.000215260806726, 0.00021290841687, 0.000174533925019, 0.00016358771245, 9.51453694142e-05, 7.11449465598e-05, 4.56584093627e-05, 3.04419463646e-05, 1.99921505555e-05, 6.53332563161e-06, 4.74647777082e-06, 5.23885000803e-06, 4.92345270686e-06, 3.83721726394e-06, 3.69142435375e-06, 3.88885791835e-06, 2.87287730316e-06, 2.41598786488e-06, 4.62107846033e-06, 4.72208694191e-06, 4.0563904804e-06, 3.50389018422e-06, 3.02432795252e-06, 1.6128825564e-06, 7.25734196294e-07, 2.72968975423e-07, 1.39902368801e-07, 5.96803033659e-08, 2.8409386843e-08, 1.85971327227e-08, 1.04691073588e-08, 8.86079387641e-09, 6.75519640225e-09, 8.31870039519e-09, 5.43674172349e-09],
        "var": [7.76737341113e-10, 1.13839577764e-08, 2.61744155239e-08, 4.39999787716e-08, 9.39573965297e-08, 2.07508648487e-07, 2.45783809305e-07, 1.56981116106e-07, 2.31381790172e-07, 5.89538657891e-08, 3.12595211938e-08, 1.35620004116e-08, 8.21922441219e-09, 3.59990415255e-09, 3.14761106068e-10, 1.32045388512e-10, 3.85940279735e-10, 2.63778887621e-10, 6.45046308034e-11, 1.19042664615e-10, 1.0398491096e-10, 6.8710266643e-11, 3.56244617139e-11, 1.89679924545e-10, 2.0243060006e-10, 9.35488631004e-11, 7.01765590083e-11, 4.23566702545e-11, 9.32642157947e-12, 2.61227584702e-12, 2.90310500249e-13, 9.89102869704e-14, 1.64246024279e-14, 2.85648266583e-15, 1.9087889584e-15, 6.03348132835e-16, 4.57513517394e-16, 1.53345534517e-16, 2.82439377553e-16, 1.24411418434e-16]
    }
}
}