{
"metadata": {
    "version": {
        "essentia": "2.1-dev"
    }
},
"lowlevel": {
    "mfcc": {
        "mean": [-931.526306152, 154.884231567, 41.9627952576, 24.8058433533, -10.0116348267, -15.0999488831, -11.9084377289, -7.12453222275, -10.7164907455, -10.709897995, -7.29224967957, -5.45515584946, -3.92260909081],
        "var": [6338.19628906, 1552.51257324, 1538.5925293, 630.523071289, 373.621551514, 336.381103516, 305.17376709, 148.812332153, 184.321289062, 164.50440979, 162.919494629, 154.149780273, 134.336791992]
    },
    "mfcc_bands": {
        "mean": [6.54449650028e-06, 2.07898083318e-05, 2.88449446089e-05, 8.08358017821e-05, 8.29087730381e-05, 4.78667898278e-05, 3.18670499837e-05, 3.19260725519e-05, 3.65020823665e-05, 1.78062691703e-05, 1.07097757791e-05, 4.31869057138e-06, 5.60072567168e-06, 5.68334417039e-06, 3.74743058273e-06, 2.88266551252e-06, 8.76211004197e-07, 1.21319430946e-06, 5.47210447621e-07, 2.7524723123e-07, 2.78721614677e-07, 3.49047752479e-07, 5.47084539448e-07, 6.515974178e-07, 4.1996875666e-07, 1.3174209812e-07, 1.50180923697e-07, 2.10594677696e-07, 1.45593787693e-07, 1.12348736536e-07, 7.21471025145e-08, 5.29081489731e-08, 3.1518389676e-08, 1.77376779931e-08, 1.26364163577e-08, 6.26004759141e-09, 2.38284036946e-09, 1.83322979019e-09, 1.97065364027e-09, 1.12096876226e-09],
        "var": [1.67530517237e-10, 2.01428429492e-09, 4.93685448077e-09, 1.94766638373e-08, 1.71280163386e-08, 1.2411868866e-08, 1.02777475419e-08, 1.58346296075e-08, 1.86400406221e-08, 8.43350278501e-09, 5.84009285376e-09, 1.15795362188e-09, 2.24022733697e-09, 3.73692454758e-09, 1.37890932006e-09, 7.18317738624e-10, 7.59684676277e-11, 1.83122073061e-10, 1.45432433457e-11, 2.58266997198e-12, 1.59027684684e-12, 3.1617187167e-12, 9.13959186111e-12, 1.57020351582e-11, 7.72619294931e-12, 4.74176470658e-13, 1.78826311398e-12, 5.32569301159e-12, 2.41854149555e-12, 3.07356202121e-12, 5.97583397696e-13, 1.89908107144e-13, 3.4148248465e-14, 6.87197830107e-15, 8.31232818173e-15, 7.36564858449e-15, 7.03483732584e-16, 2.19310660504e-16, 2.62186237449e-16, 1.09280160831e-16]
    }
}
}