{
"metadata": {
    "version": {
        "essentia": "2.1-dev"
    }
},
"lowlevel": {
    "mfcc": {
        "mean": [-829.411804199, 57.7713088989, -15.8287382126, 49.2660064697, -29.1625728607, -22.3125209808, -8.51936912537, -9.04370975494, -14.1624488831, -7.88441896439, -2.99735498428, -6.24282979965, -0.094141125679],
        "var": [7800.41162109, 1199.17907715, 1346.07751465, 450.83770752, 272.978790283, 263.271392822, 143.434585571, 124.927886963, 139.809112549, 127.961555481, 146.760818481, 138.01776123, 125.541351318]
    },
    "mfcc_bands": {
        "mean": [7.38431594982e-07, 5.38772246728e-06, 7.90288595454e-06, 1.32451050376e-05, 1.84924556379e-05, 2.27528907999e-05, 1.57296944963e-05, 1.76071680471e-05, 2.21514401346e-05, 7.20181924407e-06, 5.02115653944e-06, 4.8965557653e-06, 3.89754040953e-06, 3.360719802e-06, 3.25444671034e-06, 4.89163903694e-06, 2.17346450881e-06, 2.53209941548e-06, 5.28403961653e-06, 3.27830889546e-06, 3.19083483191e-06, 4.98466170029e-06, 8.70725034474e-06, 9.62727608567e-06, 1.23391255329e-05, 1.10481305455e-05, 1.3403401681e-05, 7.12603650754e-06, 4.71605881103e-06, 2.87921375275e-06, 9.82207097877e-07, 6.18440026301e-07, 4.0614506247e-07, 3.55800949592e-07, 1.44615640352e-07, 1.09321227626e-07, 4.31995914596e-08, 2.64645692027e-08, 3.99766690862e-08, 2.88871699894e-08],
        "var": [3.71670446156e-12, 1.31080285515e-10, 3.04640063176e-10, 1.02073582919e-09, 1.41532696674e-09, 2.51074139257e-09, 9.10790165509e-10, 1.43693479338e-09, 5.84501824719e-09, 3.53898355065e-10, 4.27852392404e-10, 2.60847649036e-10, 2.65087563012e-10, 2.55888171763e-10, 4.77279937794e-10, 1.09538200732e-09, 1.50132975496e-10, 1.17937382083e-10, 7.25975057847e-10, 3.53960416533e-10, 1.58208043888e-10, 8.38180302942e-10, 2.05619210547e-09, 2.21913443177e-09, 3.90123577887e-09, 1.9123576056e-09, 4.76653649883e-09, 1.69686309448e-09, 7.36698368975e-10, 1.33734537333e-10, 1.08489606188e-11, 5.46509712485e-12, 7.76479900343e-13, 9.62237017496e-13, 2.27255727799e-13, 1.32183557177e-13, 1.10276625478e-14, 3.15288829319e-15, 9.66243517218e-15, 3.88321195878e-15]
    }
}
}