{
"metadata": {
    "version": {
        "essentia": "2.1-dev"
    }
},
"lowlevel": {
    "mfcc": {
        "mean": [-827.078186035, 113.253730774, -21.0291652679, 28.2478370667, -13.5645456314, -2.83402347565, 1.16103303432, -3.12947225571, -0.676549851894, -1.88316631317, -3.48091006279, -3.3159995079, -6.35117769241],
        "var": [8087.20654297, 1435.60961914, 1312.71691895, 966.20892334, 253.51675415, 106.525627136, 93.7211761475, 71.1786346436, 51.8963127136, 53.3739128113, 46.8414001465, 40.7097549438, 47.9273376465]
    },
    "mfcc_bands": {
        "mean": [5.70570000491e-06, 1.83135998668e-05, 1.2352405065e-05, 2.10233720281e-05, 1.66645404533e-05, 1.89563525055e-05, 2.33432256209e-05, 1.69104732777e-05, 1.46376842167e-05, 2.957104698e-05, 2.95198751701e-05, 2.56787625403e-05, 1.37417946462e-05, 1.27732591864e-05, 8.2714987002e-06, 9.2129848781e-06, 4.96839356856e-06, 5.56193845114e-06, 4.38081906395e-06, 3.59218074664e-06, 2.66551887762e-06, 2.77939511761e-06, 2.25638996199e-06, 1.86343800124e-06, 1.41472480664e-06, 1.10723760827e-06, 8.77518459674e-07, 7.2686805197e-07, 5.25018947428e-07, 3.15614954616e-07, 2.70511691269e-07, 1.09119497438e-07, 6.2015104163e-08, 4.0199061857e-08, 1.44567495752e-08, 1.56872257406e-08, 1.23580319311e-08, 9.43816491628e-09, 1.02883230824e-08, 5.02785058032e-09],
        "var": [4.70354796778e-11, 6.6909855434e-10, 2.47277004428e-10, 2.37087327548e-09, 5.40982647568e-10, 1.33722011242e-09, 3.05632186226e-09, 1.9454295952e-09, 1.21236387596e-09, 5.101847389e-09, 5.79560355263e-09, 5.48580114668e-09, 1.50377632568e-09, 7.23755055887e-10, 4.59367155425e-10, 6.3945304607e-10, 1.62219904176e-10, 2.77516953862e-10, 1.98275493246e-10, 1.42121259206e-10, 9.11264119718e-11, 1.25784910265e-10, 7.47545150781e-11, 5.85401241371e-11, 5.18614977352e-11, 2.75772130826e-11, 1.94395038261e-11, 1.42868061132e-11, 7.51393999104e-12, 2.35393085232e-12, 7.61622210611e-13, 3.15481717356e-13, 2.90101872646e-14, 5.80049559884e-15, 1.2502548291e-15, 5.11811823324e-16, 4.6110970165e-16, 2.8025037972e-16, 2.21724849987e-16, 9.35825624405e-17]
    }
}
}