{
"metadata": {
    "version": {
        "essentia": "2.1-dev"
    }
},
"lowlevel": {
    "mfcc": {
        "mean": [-900.907104492, 157.141159058, -2.02432394028, 6.31769514084, -16.8619289398, -43.0874519348, -25.2177028656, -29.4424285889, -23.5681381226, -12.457025528, -14.2360687256, -16.8760051727, -8.44495201111],
        "var": [5501.59228516, 1784.37072754, 1332.00415039, 694.832885742, 390.860992432, 408.54284668, 333.302978516, 177.654769897, 192.559539795, 184.365386963, 141.237335205, 175.031448364, 118.069282532]
    },
    "mfcc_bands": {
        "mean": [1.57860441163e-07, 2.04787897928e-06, 4.37468661403e-05, 0.000177039022674, 0.000232021455304, 0.000353960698703, 0.000135792492074, 6.90662272973e-05, 3.3989916119e-05, 4.50231782452e-05, 3.14829412673e-05, 4.22955281465e-06, 2.73740306511e-06, 1.92317679648e-06, 8.83714506017e-07, 1.62228059253e-06, 1.47743082834e-06, 2.36340179072e-06, 3.57569115295e-06, 1.98924476535e-06, 6.75628655245e-07, 5.43541261777e-07, 7.52834239393e-07, 1.12025884391e-06, 1.54518090767e-06, 9.43364966588e-07, 1.26229429043e-06, 8.60658815327e-07, 4.30434965892e-07, 2.26111467327e-07, 1.03948941899e-07, 4.00760455932e-08, 1.73531020664e-08, 9.60846247011e-09, 6.88397916448e-09, 4.47002346249e-09, 4.03363253909e-09, 4.78405315363e-09, 4.70852912215e-09, 4.52003234841e-09],
        "var": [1.51938493254e-13, 1.7953675005e-11, 1.44201486307e-08, 1.51929086201e-07, 1.7153794829e-07, 4.66113135644e-07, 1.52446901325e-07, 1.65164763644e-07, 1.29052155629e-08, 3.35815570907e-08, 3.26634115311e-08, 2.25670690468e-10, 2.31072341816e-10, 5.62893828771e-11, 9.58935448409e-12, 1.6370509115e-10, 5.50382656117e-11, 1.83313586533e-10, 5.90284932045e-10, 1.1280770762e-10, 1.28808699817e-11, 5.72430037399e-12, 1.30289615902e-11, 2.50068403485e-11, 8.09344397057e-11, 1.87853777672e-11, 3.62822792643e-11, 2.68136051557e-11, 1.244651604e-11, 8.01071795703e-12, 8.02598655938e-13, 1.38570280467e-13, 2.4692799346e-14, 1.27698009502e-14, 6.30491473036e-15, 2.91853968767e-15, 3.35734552952e-15, 2.68435731237e-15, 2.13847591809e-15, 1.86941844349e-15]
    }
}
}