{
"metadata": {
    "version": {
        "essentia": "2.1-dev"
    }
},
"lowlevel": {
    "mfcc": {
        "mean": [-805.686828613, 131.570404053, -27.0699653625, 44.5163955688, -8.61318206787, -4.5691986084, 0.721764922142, -8.30619716644, -5.50419616699, -4.16767168045, -3.31988406181, -5.67053985596, -2.37265896797],
        "var": [4605.52880859, 604.246520996, 852.098815918, 425.134399414, 143.013626099, 111.256858826, 102.47026062, 121.736579895, 104.708969116, 93.8106079102, 101.973396301, 122.409355164, 129.927947998]
    },
    "mfcc_bands": {
        "mean": [1.83778920473e-05, 4.35401889263e-05, 3.18043312291e-05, 9.32636321522e-05, 5.2482359024e-05, 3.16838850267e-05, 2.65985581791e-05, 2.77380349871e-05, 1.48749932123e-05, 1.28071660583e-05, 2.05590713449e-05, 1.4481519429e-05, 1.31914493977e-05, 9.73705391516e-06, 7.69247344579e-06, 8.15802286525e-06, 6.5977937993e-06, 5.98041469857e-06, 5.0219955483e-06, 4.21995537181e-06, 3.23897279486e-06, 3.79528864869e-06, 4.07249581258e-06, 2.45089222517e-06, 3.50787172465e-06, 3.18765796692e-06, 2.04227671929e-06, 1.4096195855e-06, 9.7105464647e-07, 5.02225532273e-07, 2.35094830714e-07, 1.4961584327e-07, 6.33485868207e-08, 3.21622835031e-08, 2.20568399101e-08, 9.41145650302e-09, 7.30128268955e-09, 6.42752295832e-09, 5.54351409221e-09, 4.61273508279e-09],
        "var": [7.13002046293e-10, 9.28943766354e-09, 4.99036900692e-09, 2.18336424496e-08, 7.23333348773e-09, 5.24419530024e-09, 3.71249009312e-09, 5.77139802616e-09, 1.66493019371e-09, 1.80344350564e-09, 3.52031181983e-09, 2.75089195867e-09, 1.8104274746e-09, 8.72281469277e-10, 7.84626030814e-10, 1.55896873189e-09, 4.82903161902e-10, 5.45848310995e-10, 3.57499169157e-10, 2.37031977379e-10, 1.14226447745e-10, 2.58683241494e-10, 2.35626490541e-10, 7.09741085347e-11, 1.43597675417e-10, 1.47917234017e-10, 3.67969682502e-11, 2.07126919782e-11, 8.23643236947e-12, 2.28747836645e-12, 2.99242320376e-13, 9.96193822963e-14, 1.50105503792e-14, 4.14345224391e-15, 1.41131602644e-15, 3.796617663e-16, 1.65339613694e-16, 1.61794396998e-16, 1.15251260035e-16, 9.4548577047e-17]
    }
}
}