{
"metadata": {
    "version": {
        "essentia": "2.1-dev"
    }
},
"lowlevel": {
    "mfcc": {
        "mean": [-851.351806641, 139.203063965, -22.2919311523, 37.6831817627, -10.8072385788, -26.3358306885, 6.71593427658, -10.1327810287, -14.1630315781, -0.770917057991, -2.90571475029, -4.73749399185, -0.59982162714],
        "var": [8402.32519531, 1778.75769043, 1768.75805664, 598.771240234, 372.587188721, 360.014892578, 402.474822998, 134.297470093, 228.573516846, 125.931251526, 102.189552307, 128.340087891, 86.9333114624]
    },
    "mfcc_bands": {
        "mean": [6.80300172462e-06, 2.67424420599e-05, 2.12119466596e-05, 3.69279805454e-05, 4.57988790004e-05, 4.21609620389e-05, 4.18719755544e-05, 4.19233983848e-05, 3.42080202245e-05, 4.80333692394e-05, 1.41743985296e-05, 1.25468841361e-05, 1.99659480131e-05, 1.35600721478e-05, 1.0191126421e-05, 1.45047470141e-05, 4.47442880613e-06, 3.78560912395e-06, 2.75928550764e-06, 3.91378216591e-06, 2.23713368541e-06, 2.49552931564e-06, 3.21055631503e-06, 5.14545899932e-06, 6.72310625305e-06, 7.02126817487e-06, 6.19530510448e-06, 2.55774466495e-06, 4.92403728458e-07, 2.04671337656e-07, 1.12403071739e-07, 5.87696220578e-08, 2.90410273607e-08, 1.64189550844e-08, 9.92153381674e-09, 7.9029822686e-09, 5.7899249839e-09, 6.59080612309e-09, 8.60110116463e-09, 5.38082511881e-09],
        "var": [1.59871157979e-10, 3.73389585917e-09, 2.60267984942e-09, 4.79374584472e-09, 5.4138000749e-09, 6.73343869551e-09, 9.30398513788e-09, 1.67399729634e-08, 8.50365289295e-09, 3.26027347342e-08, 2.18405449282e-09, 1.89454585353e-09, 7.39681560447e-09, 3.36897887365e-09, 2.71310951483e-09, 6.07346795078e-09, 5.64100544054e-10, 2.49347903436e-10, 9.4594145017e-11, 3.10009518056e-10, 7.59694876451e-11, 5.71726693765e-11, 7.57493026637e-11, 1.94644231288e-10, 3.98258453993e-10, 6.53565868092e-10, 2.33459335197e-10, 5.2318930438e-11, 2.44500166641e-12, 6.1920477426e-13, 2.95876252101e-13, 7.25845775086e-14, 1.12986292346e-14, 2.86622333296e-15, 1.25459936697e-15, 1.08099392932e-15, 6.17794915025e-16, 6.97256399296e-16, 1.38531719716e-15, 9.52698613358e-16]
    }
}
}