{
"metadata": {
    "version": {
        "essentia": "2.1-dev"
    }
},
"lowlevel": {
    "mfcc": {
        "mean": [-833.268432617, 149.816574097, -16.8946609497, 32.0115737915, -6.55955696106, -15.542011261, -4.6833486557, -5.61090707779, -13.091053009, -2.57961893082, -5.92607355118, -6.79123067856, -4.06409406662],
        "var": [8634.8984375, 1615.60681152, 2140.36547852, 609.438659668, 329.807922363, 433.09552002, 312.659332275, 279.466491699, 235.241363525, 180.706497192, 141.154937744, 156.143600464, 174.714065552]
    },
    "mfcc_bands": {
        "mean": [1.30098778754e-05, 6.70202207402e-05, 4.37173803221e-05, 7.97839311417e-05, 6.16134930169e-05, 7.47470548959e-05, 5.97532562097e-05, 5.6811630202e-05, 4.89478989039e-05, 5.35633917025e-05, 3.83460828743e-05, 6.29602945992e-05, 3.85083076253e-05, 2.94666351692e-05, 2.32762286032e-05, 2.76952396234e-05, 1.31144379338e-05, 1.58628045028e-05, 1.76418179763e-05, 9.20674847293e-06, 7.60962257118e-06, 7.10586209607e-06, 1.20056974993e-05, 1.30464195536e-05, 1.55389279826e-05, 7.77624700277e-06, 4.43528870164e-06, 1.41809016441e-06, 4.52535232398e-07, 2.35188295505e-07, 1.28084636231e-07, 1.1413322909e-07, 1.02806374969e-07, 6.8712807888e-08, 4.86493938467e-08, 3.2230417446e-08, 1.73003638082e-08, 7.25177340399e-09, 5.2314792498e-09, 4.30698499088e-09],
        "var": [7.14701742233e-10, 2.33379626735e-08, 4.12918588211e-09, 2.09725747879e-08, 1.10293152389e-08, 2.83391266009e-08, 1.67852682864e-08, 3.1149184565e-08, 4.31715463378e-08, 3.41280248506e-08, 1.55557557946e-08, 4.35618474626e-08, 1.83152852884e-08, 1.57144235402e-08, 1.46396619272e-08, 1.58308779419e-08, 4.85652495996e-09, 7.41088390654e-09, 7.77089237403e-09, 3.33712057987e-09, 1.29237376356e-09, 9.9885488769e-10, 1.56824364606e-09, 2.05889993943e-09, 3.49884321516e-09, 7.95587484781e-10, 3.37739225476e-10, 7.71069250116e-11, 4.27713680445e-12, 1.18813747903e-12, 8.01253215253e-13, 1.0248606434e-12, 1.06679910131e-12, 2.39911931467e-13, 1.0492588108e-13, 3.83670993467e-14, 1.00067354305e-14, 1.09472083938e-15, 5.36149197481e-16, 4.53878316682e-16]
    }
}
}