{
"metadata": {
    "version": {
        "essentia": "2.1-dev"
    }
},
"lowlevel": {
    "mfcc": {
        "mean": [-909.304016113, 136.902648926, 15.4507112503, 27.4591712952, -4.62063646317, -9.0762758255, -3.10791563988, -10.9979333878, -5.63012552261, -2.83609271049, 0.664931476116, 0.287078201771, -0.514214992523],
        "var": [8764.52441406, 1723.06054688, 1098.65808105, 581.337585449, 263.353515625, 250.69178772, 331.409393311, 305.441497803, 267.432891846, 209.707641602, 162.908782959, 145.686187744, 151.237884521]
    },
    "mfcc_bands": {
        "mean": [1.79121652764e-05, 8.16061437945e-05, 5.41790832358e-05, 3.28535643348e-05, 2.28483986575e-05, 4.12701920141e-05, 8.23109221528e-05, 4.5956177928e-05, 2.74024077953e-05, 1.17013469207e-05, 7.04538842911e-06, 6.23307232672e-06, 3.50029654328e-06, 2.57533542936e-06, 1.80898371127e-06, 1.58504087722e-06, 6.49616367809e-07, 6.84924373218e-07, 1.00419276805e-06, 4.37749918092e-07, 2.99827632944e-07, 3.33980807454e-07, 3.02590564161e-07, 2.71215697012e-07, 2.07511760664e-07, 2.30550497804e-07, 1.41159432587e-07, 1.20262768633e-07, 1.16631838409e-07, 5.71335512234e-08, 3.72687480876e-08, 3.04295078024e-08, 1.6776420253e-08, 9.07227004632e-09, 6.47003828291e-09, 3.85072240761e-09, 3.17787263171e-09, 3.47880524387e-09, 3.32270722048e-09, 2.73064615364e-09],
        "var": [1.12622722259e-09, 3.18124335763e-08, 1.18445298014e-08, 7.72221575573e-09, 2.17712892159e-09, 9.87275683428e-09, 6.85594798711e-08, 1.76843339972e-08, 1.30635990914e-08, 1.77563164172e-09, 1.31946942261e-09, 1.87174542532e-09, 7.98651866862e-10, 4.28491186977e-10, 1.12755881021e-10, 8.34334615285e-11, 1.35441718604e-11, 1.29427206799e-11, 5.28413111878e-11, 9.67532564483e-12, 3.34191355145e-12, 3.11618547806e-12, 2.4572930496e-12, 1.92160328448e-12, 4.77274198895e-13, 1.25101600086e-12, 2.3844888195e-13, 2.00455266535e-13, 2.05753139136e-13, 3.68952101943e-14, 2.01591910211e-14, 3.74289358188e-14, 2.46927193014e-15, 1.04563337427e-15, 7.19943382694e-16, 1.75520790901e-16, 6.47560790992e-17, 8.28608392465e-17, 6.92674427507e-17, 4.53431725178e-17]
    }
}
}