{
"metadata": {
    "version": {
        "essentia": "2.1-dev"
    }
},
"lowlevel": {
    "mfcc": {
        "mean": [-907.529296875, 166.745422363, 28.2117862701, 36.5269012451, -5.37614250183, -17.1656932831, -3.85288667679, -13.2301540375, -8.86323833466, -5.00962209702, -5.53272724152, -4.84422540665, -6.71426153183],
        "var": [7056.27685547, 2015.11547852, 1154.45617676, 696.452026367, 422.605834961, 220.980163574, 164.154785156, 161.048202515, 125.506210327, 89.8904342651, 72.8655166626, 80.7160263062, 66.602104187]
    },
    "mfcc_bands": {
        "mean": [8.79729122971e-06, 7.76495871833e-05, 7.65111690271e-05, 0.000106892526674, 0.000118078554806, 0.000122404177091, 5.46673327335e-05, 4.60820228909e-05, 4.9564303481e-05, 1.29762838696e-05, 7.96208405518e-06, 2.52995846495e-06, 1.53221299115e-06, 1.27470821099e-06, 9.33153955884e-07, 7.39772701763e-07, 4.47345598786e-07, 3.94490001554e-07, 2.63370395714e-07, 2.5329521236e-07, 1.9329428369e-07, 1.53448482365e-07, 1.9170346377e-07, 1.45747804936e-07, 2.04069891652e-07, 1.91953702711e-07, 1.42684257298e-07, 1.23429373389e-07, 8.86486972718e-08, 5.94678049026e-08, 2.45539855115e-08, 1.13936193813e-08, 6.81106948619e-09, 2.75542677564e-09, 1.17774046071e-09, 6.37684960392e-10, 4.02513716802e-10, 3.26071114554e-10, 3.16964010594e-10, 1.80291226393e-10],
        "var": [2.33335017974e-10, 1.58875756995e-08, 9.28752275087e-09, 2.82024785747e-08, 4.08255544926e-08, 5.6133881543e-08, 1.12980416134e-08, 1.04294288761e-08, 1.45651375405e-08, 1.91127669247e-09, 6.28827323546e-10, 4.94060486966e-11, 4.00030078507e-11, 2.20835589398e-11, 3.17177083209e-11, 4.2330353632e-12, 2.17766039576e-12, 1.5090377949e-12, 5.63348413057e-13, 4.35034034621e-13, 2.74378068009e-13, 1.70647431732e-13, 4.16868660902e-13, 1.99432159155e-13, 4.91879811621e-13, 6.32413500908e-13, 7.06230104779e-13, 3.41433993708e-13, 2.67918337255e-13, 5.93825458099e-14, 8.80158965865e-15, 1.80096822872e-15, 6.83934265101e-16, 1.05796320936e-16, 1.85277703864e-17, 5.32911481869e-18, 2.42107720963e-18, 1.53697312925e-18, 1.45213479729e-18, 5.04326797896e-19]
    }
}
}