{
"metadata": {
    "version": {
        "essentia": "2.1-dev"
    }
},
"lowlevel": {
    "mfcc": {
        "mean": [-871.494873047, 174.426467896, 4.6826748848, 41.4799232483, 7.29074048996, -4.25602579117, 2.33840465546, -19.3703613281, -12.7280445099, -9.49595546722, -5.691801548, -0.293851613998, -5.5717458725],
        "var": [4018.45727539, 1307.55981445, 1186.24841309, 579.218139648, 268.110778809, 157.839569092, 112.495880127, 114.498016357, 101.369812012, 112.629104614, 114.210586548, 140.760940552, 110.900245667]
    },
    "mfcc_bands": {
        "mean": [2.28988737945e-05, 0.000133907800773, 0.000121743461932, 0.000419385964051, 0.000217363951379, 7.42061456549e-05, 0.000115180271678, 3.81822719646e-05, 4.38229981228e-05, 4.69386623081e-06, 5.83529845244e-06, 1.11115496111e-05, 5.2600721574e-06, 9.48582874116e-06, 8.81501819094e-06, 4.63655806016e-06, 3.59799355465e-06, 1.82072881216e-06, 1.00864326669e-06, 6.29348562597e-07, 5.85791838148e-07, 3.71696643242e-07, 4.17427798993e-07, 4.24753551442e-07, 2.8829947496e-07, 1.68154031144e-07, 1.00957628035e-07, 7.84501850148e-08, 5.80740326939e-08, 3.96390014146e-08, 1.87833553156e-08, 7.50463780008e-09, 3.37413363916e-09, 1.43340495029e-09, 8.43580261201e-10, 5.17150378077e-10, 3.13656656203e-10, 1.68001959566e-10, 1.10487341498e-10, 6.92798804436e-11],
        "var": [8.20389589595e-10, 5.6791190417e-08, 2.59655834611e-08, 8.75015928159e-07, 1.61731747994e-07, 1.90323046212e-08, 3.23403490654e-08, 3.52494211597e-09, 2.15194599917e-08, 1.58474483536e-10, 1.49814119443e-10, 5.79583381288e-10, 1.54867063618e-10, 6.45993369908e-10, 3.17656401183e-10, 1.60706739583e-10, 1.33745695075e-10, 2.66474672189e-11, 1.50508477209e-11, 5.38929404575e-12, 4.00083655441e-12, 8.92745838192e-13, 1.07592526468e-12, 2.01241757633e-12, 7.11296635741e-13, 2.93853266373e-13, 4.21260147262e-14, 3.15187227717e-14, 1.31673990626e-14, 6.0473603867e-15, 1.2974136002e-15, 2.01775199141e-16, 4.68689998019e-17, 7.98834704604e-18, 2.96498878744e-18, 1.15990098586e-18, 4.211816788e-19, 9.10634670683e-20, 2.9810506833e-20, 6.92237162387e-21]
    }
}
}