{
"metadata": {
    "version": {
        "essentia": "2.1-dev"
    }
},
"lowlevel": {
    "mfcc": {
        "mean": [-779.173034668, 117.584197998, -9.66700649261, 47.486328125, -21.1484947205, -7.77070951462, -9.98770809174, -11.524646759, -5.83407497406, -5.03517055511, -4.0497918129, -7.35315513611, -8.91133594513],
        "var": [6967.00488281, 1027.06201172, 1331.84558105, 540.177368164, 221.079391479, 192.12840271, 145.089797974, 109.908363342, 89.8762588501, 72.764541626, 77.5787353516, 69.8805541992, 70.198638916]
    },
    "mfcc_bands": {
        "mean": [1.45238573168e-05, 8.57717459439e-05, 0.000107596155431, 0.000135741342092, 0.000117120660434, 0.000109301952762, 8.109639748e-05, 4.47974562121e-05, 4.66141864308e-05, 3.08235430566e-05, 2.60085998889e-05, 1.75286077138e-05, 8.83248230821e-06, 5.82045595365e-06, 5.30306806468e-06, 5.44473687114e-06, 4.82429686599e-06, 5.56852955924e-06, 8.19271735963e-06, 4.41294332632e-06, 2.0353227228e-06, 2.13358111978e-06, 3.72845488528e-06, 3.83673841498e-06, 2.461393251e-06, 1.99943769985e-06, 1.83754866612e-06, 1.79257972377e-06, 1.74542435616e-06, 1.17214699458e-06, 4.48590071755e-07, 3.49921492671e-07, 2.31127714301e-07, 7.46473105551e-08, 5.0686509212e-08, 3.15141761575e-08, 1.38232154612e-08, 1.45907046445e-08, 1.03284119035e-08, 7.51166062685e-09],
        "var": [6.32911001386e-10, 2.1003005557e-08, 4.50720030187e-08, 5.43924265628e-08, 4.1193835898e-08, 4.32415312446e-08, 3.06508560755e-08, 9.1537204483e-09, 1.07436735064e-08, 9.32222121719e-09, 1.00052393037e-08, 3.3537941313e-09, 8.08960620713e-10, 2.35025110484e-10, 2.14988998826e-10, 3.74955982929e-10, 1.32670388564e-10, 2.61342808505e-10, 4.29995011819e-10, 2.3050401865e-10, 2.40290079501e-11, 2.41477966095e-11, 9.45054867696e-11, 6.16822842803e-11, 2.72690030279e-11, 3.3422369039e-11, 2.17664462843e-11, 1.85697013322e-11, 1.65765699778e-11, 7.65452805307e-12, 1.66352944874e-12, 3.622929322e-13, 1.05338426783e-13, 2.6241339898e-14, 9.62123040743e-15, 3.06435386845e-15, 4.5500502932e-16, 2.66493558805e-16, 2.01828151936e-16, 8.4890164752e-17]
    }
}
}