{
"metadata": {
    "version": {
        "essentia": "2.1-dev"
    }
},
"lowlevel": {
    "mfcc": {
        "mean": [-777.678833008, 97.1149139404, -21.5036621094, 27.7051105499, -21.1968383789, -6.27137470245, -8.59613704681, -12.8262214661, -0.123659878969, -6.07738208771, -6.88814687729, -2.55918431282, -0.0593179501593],
        "var": [9852.15722656, 1284.94213867, 1960.34228516, 456.085998535, 258.401550293, 273.852325439, 188.095748901, 139.050308228, 128.142776489, 91.8410797119, 91.073387146, 81.0104904175, 103.025016785]
    },
    "mfcc_bands": {
        "mean": [8.61069656821e-06, 2.48548130912e-05, 3.7449557567e-05, 4.50974512205e-05, 6.43262465019e-05, 5.02860348206e-05, 5.36932602699e-05, 6.53744064039e-05, 0.000146022633999, 5.33678794454e-05, 1.32470458993e-05, 2.533739098e-05, 1.62420728884e-05, 1.06850729935e-05, 9.40541849559e-06, 6.38175470158e-06, 8.62638353283e-06, 1.17611998576e-05, 1.82020812645e-05, 1.39536186907e-05, 2.06277309189e-05, 1.99913483812e-05, 6.24078029432e-06, 4.42811369794e-06, 1.65322956036e-06, 1.56151406827e-06, 4.65074026579e-06, 4.3536197154e-06, 2.09433005693e-06, 1.40671181725e-06, 1.32503180339e-06, 8.2795236267e-07, 2.03268356813e-07, 2.02316627451e-07, 6.14041937297e-08, 5.52738619319e-08, 4.63189770983e-08, 4.35605045368e-08, 3.54777540679e-08, 2.68977125017e-08],
        "var": [1.59479457418e-10, 9.79544223512e-10, 3.76344688746e-09, 4.39948166786e-09, 1.33283126758e-08, 7.86664333674e-09, 1.49854226805e-08, 2.79469247744e-08, 1.41349218552e-07, 2.22818918871e-08, 1.46491507813e-09, 6.87892942608e-09, 2.26329222031e-09, 9.46973721661e-10, 5.50034073843e-10, 2.32098409936e-10, 7.61479435063e-10, 1.86594051321e-09, 5.65058266844e-09, 9.29494792246e-09, 6.57032916962e-09, 7.60404095246e-09, 6.66262434112e-10, 2.93471108526e-10, 2.98155077016e-11, 3.64297585154e-11, 1.68722563698e-10, 8.8135110321e-11, 6.67401828247e-11, 2.10453859201e-11, 4.17183215057e-12, 2.14504000499e-12, 9.64523870928e-14, 6.24423811811e-14, 6.76430643743e-15, 4.82139496852e-15, 3.92851382189e-15, 3.84473125198e-15, 2.66265336365e-15, 1.58474739882e-15]
    }
}
}