{
"metadata": {
    "version": {
        "essentia": "2.1-dev"
    }
},
"lowlevel": {
    "mfcc": {
        "mean": [-750.794372559, 116.398841858, -0.363971173763, 35.648525238, -8.61019325256, -17.7447738647, -1.19401359558, -9.2345457077, -8.35032272339, -6.0719037056, -4.18525600433, -4.87679958344, -5.95369005203],
        "var": [5896.28125, 935.434265137, 1004.30328369, 427.000488281, 153.932388306, 127.969894409, 114.170623779, 103.731529236, 80.6462020874, 75.1123580933, 71.799446106, 68.7757034302, 80.5086669922]
    },
    "mfcc_bands": {
        "mean": [2.34540148085e-05, 0.00013511297584, 9.19854792301e-05, 0.000162243100931, 0.000234322869801, 0.000205862626899, 9.86774248304e-05, 9.37217628234e-05, 8.8684464572e-05, 9.53086055233e-05, 4.22057055403e-05, 2.89449562842e-05, 2.03625950235e-05, 1.53756354848e-05, 1.11737208499e-05, 1.26365230244e-05, 7.35719504519e-06, 5.98962242293e-06, 4.87500938107e-06, 4.57555643152e-06, 4.8098509069e-06, 5.6309872889e-06, 4.59829198007e-06, 4.31734542872e-06, 3.65222558685e-06, 3.28118790094e-06, 3.11086046167e-06, 2.55968802776e-06, 1.54629196913e-06, 9.19307012737e-07, 4.75674198697e-07, 2.2077891515e-07, 1.41966594924e-07, 1.1933364874e-07, 6.13776904856e-08, 6.01313345783e-08, 4.80184993989e-08, 4.81060311586e-08, 5.89573119214e-08, 4.92110565631e-08],
        "var": [1.42895206778e-09, 3.96848385265e-08, 2.0063243511e-08, 7.08696177298e-08, 1.00643610779e-07, 1.49684424855e-07, 4.09581808469e-08, 5.5755048578e-08, 5.97817546577e-08, 5.85826853694e-08, 1.21440946188e-08, 9.34886212889e-09, 2.81724443774e-09, 1.54301205146e-09, 1.23249344064e-09, 1.42423151051e-09, 4.29718094441e-10, 2.3655657988e-10, 1.74958075805e-10, 1.94034177614e-10, 1.74137856912e-10, 2.55288040707e-10, 1.65238073224e-10, 4.8370221023e-11, 4.74537110995e-11, 4.49809876846e-11, 4.30946112129e-11, 4.93057400464e-11, 1.52133583509e-11, 5.88879812968e-12, 1.99405791358e-12, 2.82137946903e-13, 4.8993537634e-14, 1.49775127061e-14, 3.64140480464e-15, 2.70384012895e-15, 2.16219495819e-15, 2.0165832183e-15, 3.06459908448e-15, 3.0089426671e-15]
    }
}
}