{
"metadata": {
    "version": {
        "essentia": "2.1-dev"
    }
},
"lowlevel": {
    "mfcc": {
        "mean": [-799.441711426, 103.977714539, -42.2048568726, 44.2738189697, -12.5346765518, -19.1769733429, -4.93258476257, -8.4614572525, -7.92805671692, -10.2760953903, -5.48622465134, -9.38157749176, -5.43582773209],
        "var": [9576.44433594, 1630.17456055, 1286.42114258, 390.681182861, 220.212982178, 112.52481842, 136.252822876, 130.635971069, 84.5157165527, 70.1209640503, 75.3303146362, 75.2317276001, 79.2386856079]
    },
    "mfcc_bands": {
        "mean": [1.45811634411e-06, 1.11963099698e-05, 2.14073024836e-05, 4.15768445237e-05, 3.7369049096e-05, 2.62748526438e-05, 1.51114572873e-05, 1.54932258738e-05, 1.39161747938e-05, 1.67271700775e-05, 1.48923636516e-05, 1.04227920019e-05, 9.67375126493e-06, 6.35500600765e-06, 5.64171159567e-06, 5.41207509741e-06, 5.5533273553e-06, 5.28989721715e-06, 7.50200024413e-06, 1.32688155645e-05, 1.20915037769e-05, 2.17103115574e-05, 1.2935106497e-05, 1.16003175208e-05, 1.29227255456e-05, 8.10539040685e-06, 6.91471586833e-06, 4.05403352488e-06, 3.1874940305e-06, 1.85696478638e-06, 8.7487279643e-07, 5.73642580548e-07, 2.67758679229e-07, 1.95574315853e-07, 9.98516753725e-08, 4.74102179737e-08, 2.9158156778e-08, 2.60029455745e-08, 4.2740410322e-08, 2.24764828971e-08],
        "var": [5.33469319067e-12, 7.63959506767e-10, 4.69730432329e-09, 7.60219265317e-09, 4.75181716197e-09, 1.7724212098e-09, 5.33225408272e-10, 8.3776502402e-10, 6.42631448056e-10, 1.16449627718e-09, 1.1481544604e-09, 6.93296642318e-10, 5.11004794035e-10, 1.95347141241e-10, 1.29290800288e-10, 1.93716293007e-10, 1.32802879804e-10, 1.35247674171e-10, 3.97130578422e-10, 2.11731343569e-09, 2.40147723929e-09, 1.72547487409e-08, 1.35683442259e-09, 9.61748347628e-10, 1.09505449153e-09, 2.56963866851e-10, 1.96710633893e-10, 9.18641412939e-11, 8.29701168881e-11, 3.13646400518e-11, 5.55378572992e-12, 1.92661706901e-12, 4.50410379566e-13, 2.67771021285e-13, 5.03309044019e-14, 1.40416107561e-14, 4.91215116068e-15, 4.44607085794e-15, 9.80948347995e-15, 3.54028897601e-15]
    }
}
}