{
"metadata": {
    "version": {
        "essentia": "2.1-dev"
    }
},
"lowlevel": {
    "mfcc": {
        "mean": [-833.099853516, 136.615219116, -5.10982131958, 54.1237258911, -26.961971283, -7.82813072205, 1.00201666355, -17.6313667297, -4.11507463455, -2.36451125145, -6.5239200592, 1.05304777622, -6.99659347534],
        "var": [4664.18457031, 1169.24169922, 631.840026855, 417.61315918, 159.402542114, 138.840087891, 130.377059937, 127.590545654, 119.979743958, 101.142715454, 108.317192078, 97.1794052124, 74.0567016602]
    },
    "mfcc_bands": {
        "mean": [1.04461514638e-05, 5.3459280025e-05, 6.3609892095e-05, 9.04803237063e-05, 0.000107377381937, 0.000102556812635, 3.43993742717e-05, 4.23454694101e-05, 5.07756813022e-05, 4.4535008783e-05, 1.16166638691e-05, 3.88292119169e-06, 4.36200798504e-06, 2.36647747442e-06, 3.45792659573e-06, 4.35476067651e-06, 1.31761873945e-06, 1.82041242169e-06, 2.78535003417e-06, 8.0285411741e-07, 6.06393541602e-07, 6.19941658897e-07, 8.55127382238e-07, 4.27959633953e-07, 5.07716549691e-07, 5.46863532236e-07, 7.68048778355e-07, 7.18148839951e-07, 6.49539799724e-07, 6.29446105904e-07, 1.69696519947e-07, 7.93933594423e-08, 3.76224278398e-08, 1.99209999607e-08, 1.54373172023e-08, 1.24864518725e-08, 5.78256731387e-09, 3.83692544403e-09, 2.5186914776e-09, 1.04450292859e-09],
        "var": [3.4491995371e-10, 1.04818296265e-08, 1.1512961251e-08, 3.10735863707e-08, 4.92924314699e-08, 6.3816344209e-08, 5.61609914129e-09, 1.77662968781e-08, 3.70670250049e-08, 4.67429224216e-08, 5.64540858505e-09, 2.47930009856e-10, 6.07904782068e-10, 1.54873808222e-10, 5.19556453416e-10, 8.2353707187e-10, 2.14091678413e-11, 1.11665554581e-09, 4.9416564174e-09, 2.29599863427e-11, 3.29910317814e-12, 7.62302720947e-12, 1.86867622071e-11, 1.23888323645e-12, 8.01046728949e-13, 4.96118716855e-13, 1.84369251637e-12, 1.73268246539e-12, 9.65071772496e-13, 1.36842588042e-12, 6.93948547172e-14, 2.65736461698e-14, 6.07449551068e-15, 1.4998706741e-15, 1.77066943668e-15, 8.33057803597e-16, 2.81390777234e-16, 1.04730369677e-16, 3.75478323513e-17, 8.33946867246e-18]
    }
}
}