{
"metadata": {
    "version": {
        "essentia": "2.1-dev"
    }
},
"lowlevel": {
    "mfcc": {
        "mean": [-745.755249023, 134.553115845, -13.6764383316, 46.7419891357, -37.2674102783, -7.01364469528, -8.96662807465, -10.4253664017, -2.74639725685, -4.66621494293, -6.83046245575, -2.07711029053, -5.80915927887],
        "var": [6424.49560547, 1327.20825195, 323.484680176, 308.69430542, 166.928787231, 96.4491043091, 82.3472213745, 75.8041610718, 55.7879981995, 67.3155822754, 65.6448440552, 70.0668411255, 73.7685699463]
    },
    "mfcc_bands": {
        "mean": [9.10404014576e-06, 0.000118784089864, 0.000233846032643, 0.000168153565028, 0.000174094675458, 0.000146839622175, 0.000116398186947, 0.000179094655323, 0.000174140237505, 7.8676508565e-05, 3.19597675116e-05, 1.56957321451e-05, 1.73932403413e-05, 8.80160314409e-06, 5.25957875652e-06, 5.22645132151e-06, 3.14920362143e-06, 1.97943722924e-06, 2.13594921661e-06, 2.72146144198e-06, 2.6859627269e-06, 1.85744784176e-06, 3.31700039169e-06, 2.80807762465e-06, 2.20244669435e-06, 3.41333679899e-06, 4.20929882239e-06, 3.88034550269e-06, 3.97485428039e-06, 2.5062433906e-06, 1.70101998265e-06, 5.57715509331e-07, 3.77183852152e-07, 1.86939288938e-07, 8.75944650147e-08, 4.4312994163e-08, 2.33846275677e-08, 1.55626462828e-08, 9.95515136992e-09, 8.5914839687e-09],
        "var": [1.76543002439e-10, 2.66771849056e-08, 1.37122270871e-07, 5.51415482164e-08, 4.80388386848e-08, 4.59561597665e-08, 4.13466061389e-08, 1.08935822141e-07, 1.06997603666e-07, 3.43225572408e-08, 9.7560679535e-09, 1.08704489854e-09, 1.48127665689e-09, 4.30248531247e-10, 1.1144551948e-10, 1.37446082293e-10, 8.66388488729e-11, 1.12933664156e-11, 1.68879875362e-11, 2.82142382374e-11, 1.60208096789e-11, 1.13202589663e-11, 3.76548826841e-11, 1.83308403179e-11, 1.3290211813e-11, 4.90440847656e-11, 7.50279421924e-11, 4.08987357869e-11, 3.44470979519e-11, 1.69643240427e-11, 1.13536992308e-11, 7.53617600182e-13, 4.4185840967e-13, 9.37679567239e-14, 1.81216871478e-14, 6.01318896003e-15, 1.35767904148e-15, 1.27746618605e-15, 3.76054570615e-16, 2.00297457521e-16]
    }
}
}