{
"metadata": {
    "version": {
        "essentia": "2.1-dev"
    }
},
"lowlevel": {
    "mfcc": {
        "mean": [-902.785095215, 150.33543396, 0.390305638313, 22.9125862122, -11.5771532059, -20.1082954407, -9.29547786713, -13.1895980835, -7.73192834854, -7.48474121094, -5.52950525284, -3.91279149055, -3.7222878933],
        "var": [6430.35009766, 930.894836426, 1580.1036377, 518.698974609, 293.739471436, 188.557052612, 150.248703003, 122.672584534, 166.176071167, 124.909408569, 156.104736328, 172.61328125, 143.33807373]
    },
    "mfcc_bands": {
        "mean": [1.76328580892e-06, 1.1670310414e-05, 1.60185718414e-05, 3.02617099806e-05, 4.70389677503e-05, 4.40222866018e-05, 1.74448614416e-05, 3.66812637367e-05, 4.56155758002e-05, 1.92576026166e-05, 8.71811334946e-06, 4.82541372548e-06, 6.4986338657e-06, 6.95338849255e-06, 3.66806216334e-06, 2.26750717047e-06, 1.57766282882e-06, 9.11601773623e-07, 1.21564369238e-06, 1.12848374556e-06, 2.04666980608e-06, 1.35775098897e-06, 3.80217954898e-07, 6.84175290644e-07, 8.02498732355e-07, 5.61012484468e-07, 4.13765832263e-07, 3.37765783343e-07, 2.26053373353e-07, 1.45599202028e-07, 9.19235532137e-08, 3.59010350337e-08, 1.67398379602e-08, 7.84569031964e-09, 3.05526581812e-09, 1.33617328313e-09, 6.23857021598e-10, 4.22449991655e-10, 3.36408456647e-10, 2.25761367934e-10],
        "var": [1.09616430516e-11, 7.66280261466e-10, 1.0653394833e-09, 1.04222133146e-08, 1.29156223494e-08, 1.37168170156e-08, 1.37455380411e-09, 1.28676740374e-08, 2.01316794346e-08, 3.84385234753e-09, 9.3253693656e-10, 2.6983559831e-10, 9.07599273514e-10, 1.01384822759e-09, 3.6379430024e-10, 1.33040564676e-10, 1.01496318294e-10, 1.50686546574e-11, 3.36547421875e-11, 2.87474263144e-11, 1.31388330771e-10, 6.30955218628e-11, 1.5042601496e-12, 8.61019068543e-12, 1.0289102903e-11, 5.86403798783e-12, 1.86355640121e-12, 2.37031184611e-12, 1.27182671946e-12, 5.85312451718e-13, 2.48541259188e-13, 4.78856863016e-14, 1.01607590546e-14, 2.07561739131e-15, 3.81511342149e-16, 6.60924787143e-17, 1.99083232482e-17, 1.67066280431e-17, 7.36396961299e-18, 4.53098644361e-18]
    }
}
}