{
"metadata": {
    "version": {
        "essentia": "2.1-dev"
    }
},
"lowlevel": {
    "mfcc": {
        "mean": [-795.141845703, 74.4006576538, -12.6609945297, 45.3485984802, -11.3946123123, -15.8655691147, -3.62261629105, -12.5202283859, -6.95524787903, 1.78678607941, -7.33610439301, -3.57800769806, -2.97584271431],
        "var": [7182.94628906, 718.676696777, 1109.4543457, 283.091705322, 193.807632446, 125.510314941, 88.9648361206, 144.442764282, 124.685546875, 109.695045471, 95.5894393921, 109.095039368, 169.396194458]
    },
    "mfcc_bands": {
        "mean": [3.7605855141e-06, 1.69098930201e-05, 2.37035965256e-05, 4.40717776655e-05, 4.13292182202e-05, 3.00286737911e-05, 2.51213568845e-05, 3.75257404812e-05, 4.64386321255e-05, 1.86735669558e-05, 7.26052212485e-06, 7.81694416219e-06, 4.66052779302e-06, 2.69781526185e-06, 2.90294110528e-06, 1.66725578765e-06, 3.51435983248e-06, 3.19057016895e-06, 5.24003644387e-06, 5.48797788724e-06, 4.81636652694e-06, 3.13144937536e-06, 2.43011163548e-06, 3.19195464726e-06, 3.51839776158e-06, 4.78344963994e-06, 7.94891820988e-06, 6.21848130322e-06, 4.5803494686e-06, 2.01860802918e-06, 6.51947345887e-07, 2.01944089895e-07, 1.49827769746e-07, 1.16368269687e-07, 8.15424456846e-08, 8.64492832875e-08, 4.67661962489e-08, 4.85451820964e-08, 4.28066897484e-08, 3.10500638534e-08],
        "var": [3.77171002763e-11, 9.4986296606e-10, 2.13378981151e-09, 6.34922958653e-09, 6.68064759068e-09, 3.07416803125e-09, 2.06437156258e-09, 6.21446893945e-09, 1.26896484431e-08, 3.08440051278e-09, 3.84424270194e-10, 5.44396805413e-10, 1.40820063943e-10, 5.66569915983e-11, 9.19721659942e-11, 1.62228945555e-11, 9.44810132908e-11, 7.25057167084e-11, 2.81335954533e-10, 3.58203217088e-10, 2.02575484165e-10, 6.89460502579e-11, 5.91734231059e-11, 2.33449874015e-11, 2.87127856213e-11, 7.91317705806e-11, 3.41408928906e-10, 2.95928476168e-10, 1.44704886962e-10, 2.28724643392e-11, 2.28180994065e-12, 1.24656686883e-13, 3.64086846338e-14, 2.46273016764e-14, 1.76714400085e-14, 1.22006117503e-14, 3.96783393834e-15, 4.32262639379e-15, 3.23666069871e-15, 2.22015996387e-15]
    }
}
}