{
"metadata": {
    "version": {
        "essentia": "2.1-dev"
    }
},
"lowlevel": {
    "mfcc": {
        "mean": [-843.884521484, 83.6921157837, -10.2370567322, 54.1946525574, -6.67450857162, -15.1916255951, -4.46844434738, -13.0964231491, -6.00555896759, -7.06050348282, -1.28447306156, -5.72049760818, -8.21908760071],
        "var": [13173.3945312, 658.862487793, 1818.64355469, 262.079559326, 344.843597412, 188.401260376, 100.500091553, 132.453063965, 105.147499084, 106.00025177, 116.849502563, 118.773254395, 126.107124329]
    },
    "mfcc_bands": {
        "mean": [1.16715978038e-06, 1.63052609423e-05, 9.0117144282e-05, 0.000122729965369, 3.16933474096e-05, 1.98109719349e-05, 2.21502323257e-05, 1.98426005227e-05, 1.56850710482e-05, 1.62116793945e-05, 8.5267229224e-06, 4.18118224843e-06, 2.60100273408e-06, 4.09686208513e-06, 3.26191525346e-06, 4.6862974159e-06, 3.57813746632e-06, 2.14782880903e-06, 2.07296534427e-06, 3.96460654883e-06, 4.83553367303e-06, 5.39206575922e-06, 4.14135911342e-06, 3.56066379936e-06, 3.91549519918e-06, 4.00424187319e-06, 2.62291723629e-06, 2.39698852056e-06, 1.48476419781e-06, 8.84078019681e-07, 4.86353656015e-07, 1.92279003386e-07, 1.05894450542e-07, 5.7850733981e-08, 2.82124048567e-08, 1.79691728164e-08, 1.28790222931e-08, 1.43312295364e-08, 1.93122318137e-08, 1.49148746686e-08],
        "var": [1.05121128816e-11, 3.08711256558e-09, 1.15748015617e-07, 2.43397863642e-07, 6.3779421744e-09, 1.77741410479e-09, 2.7772413258e-09, 3.71862896031e-09, 2.82624834647e-09, 3.87234422305e-09, 1.61415270039e-09, 2.93268964668e-10, 1.42177283835e-10, 6.01371119568e-10, 1.76329381651e-10, 4.36734481912e-10, 2.14552264843e-10, 4.74921421634e-11, 5.9081982362e-11, 2.13593392973e-10, 4.11691430946e-10, 4.49525111579e-10, 1.42373349221e-10, 6.34264654686e-11, 5.30632482398e-11, 3.63314968388e-11, 2.56566417417e-11, 4.36033535667e-11, 7.8319893973e-12, 2.13217204309e-12, 6.44481755289e-13, 1.26410451659e-13, 2.40449868539e-14, 6.63420260025e-15, 2.02476110964e-15, 7.00469036446e-16, 3.25756721885e-16, 3.66434738023e-16, 7.48563990707e-16, 4.84744885494e-16]
    }
}
}