{
"metadata": {
    "version": {
        "essentia": "2.1-dev"
    }
},
"lowlevel": {
    "mfcc": {
        "mean": [-890.31451416, 189.463516235, 22.3010787964, 17.6428909302, -17.3838920593, -38.4930305481, -25.1834602356, -23.9410934448, -8.94450855255, -1.43311417103, -6.96609067917, -6.51687431335, -4.55952501297],
        "var": [4523.63330078, 1534.57800293, 1400.5501709, 490.391693115, 327.229644775, 425.33203125, 329.692993164, 369.161590576, 413.051483154, 232.554901123, 233.383087158, 218.286621094, 232.274795532]
    },
    "mfcc_bands": {
        "mean": [2.05605329029e-06, 2.174574729e-05, 6.04690721957e-05, 9.69786851783e-05, 0.0002725510858, 0.00056949647842, 0.000481581490021, 0.000254552403931, 0.000336743105436, 0.000158699273015, 5.25194955117e-05, 1.99119131139e-05, 5.79515108257e-06, 1.43696490795e-06, 2.09651602745e-06, 2.19492380893e-06, 2.77279673355e-06, 3.58349325325e-06, 2.14561850953e-06, 4.20085416408e-06, 1.46187721839e-06, 1.92760421669e-06, 9.96811763798e-07, 2.10996887517e-07, 6.78126752973e-07, 3.2058051147e-07, 2.49129101348e-07, 3.0128387607e-07, 3.23134116798e-07, 1.25568178078e-07, 3.84175571355e-08, 8.09288369652e-09, 2.70718247819e-09, 7.6687256545e-10, 2.79054085395e-10, 1.14718907984e-10, 5.84847031915e-11, 3.66355903947e-11, 2.18020393405e-11, 1.25388172068e-11],
        "var": [1.95123448649e-11, 2.04514827296e-09, 8.75785222121e-09, 2.14738218318e-08, 3.49900062702e-07, 1.02029628124e-06, 7.66613709402e-07, 5.24747122199e-07, 9.34858519486e-07, 2.96068748185e-07, 1.08509148333e-07, 1.91866647015e-08, 2.52846854565e-09, 5.02774696876e-11, 2.26942270531e-10, 2.00291880303e-10, 1.94202445791e-10, 3.06495107072e-10, 1.92646343322e-10, 6.17658424407e-10, 5.36592957567e-11, 4.16000039971e-10, 8.90493928596e-11, 1.74175853861e-12, 5.30231830664e-11, 5.77029873536e-12, 1.74876747198e-12, 1.18806397012e-11, 1.27471436184e-11, 1.24229359438e-12, 1.81419264919e-13, 3.77794185706e-15, 1.59839352312e-16, 1.0639148235e-17, 1.32417657397e-18, 2.23997252856e-19, 6.0957459655e-20, 2.41932832363e-20, 6.11905606056e-21, 1.20975104001e-21]
    }
}
}