{
"metadata": {
    "version": {
        "essentia": "2.1-dev"
    }
},
"lowlevel": {
    "mfcc": {
        "mean": [-786.553771973, 160.931716919, -83.6204986572, 11.8875579834, -22.7343730927, -26.6998100281, -12.3499889374, -19.5452098846, -5.93339443207, -14.8673582077, -16.5785045624, -5.67798042297, -4.74536561966],
        "var": [8791.18066406, 1234.4473877, 1834.46154785, 697.521484375, 323.187072754, 213.047485352, 172.468597412, 187.820327759, 170.14175415, 178.840637207, 113.523483276, 129.538726807, 164.214202881]
    },
    "mfcc_bands": {
        "mean": [7.92014247963e-07, 5.52897654416e-06, 3.12394695356e-05, 7.70636470406e-05, 0.000165565521456, 0.000111913934234, 0.000136986331199, 0.000104182734503, 6.50747169857e-05, 7.69144535298e-05, 0.000100102028227, 0.000117468574899, 8.6951731646e-05, 4.49955441582e-05, 2.60787383013e-05, 2.38127176999e-05, 2.52715362876e-05, 2.86630474875e-05, 3.06156434817e-05, 7.70133774495e-05, 5.36633451702e-05, 3.03614651784e-05, 2.2095076929e-05, 1.64993271028e-05, 8.81060077518e-06, 5.48210209672e-06, 3.29376484842e-06, 3.83793394576e-06, 3.24576626554e-06, 1.52913492002e-06, 4.78968047446e-07, 1.27550478624e-07, 2.84212635648e-08, 1.3568568491e-08, 9.76600933456e-09, 2.61685051406e-09, 5.16959419716e-10, 2.49171377975e-10, 2.17999437946e-10, 2.03818989464e-10],
        "var": [3.67463524886e-12, 3.03342434504e-10, 4.3299617225e-09, 1.93710967267e-08, 3.71381474906e-07, 3.52072149212e-08, 5.74780791851e-08, 4.40895178144e-08, 1.76542691577e-08, 3.52768054768e-08, 6.38372910089e-08, 9.14310049893e-08, 4.12234761882e-08, 1.22477841202e-08, 6.3738920808e-09, 3.05765812669e-09, 2.9524853673e-09, 5.33484323384e-09, 5.44089706622e-09, 7.24821660469e-08, 1.87835098586e-08, 9.72976987867e-09, 3.49436635183e-09, 2.36423103317e-09, 7.2693573383e-10, 5.93195326193e-10, 6.97061991461e-11, 1.14853640487e-10, 7.70680672058e-11, 2.00862486366e-11, 1.70386231166e-12, 1.2085361737e-13, 9.79429194405e-15, 1.96410190392e-15, 1.39257881061e-15, 1.00989422195e-16, 4.65530093633e-18, 3.81277446905e-18, 8.38286597951e-19, 5.52681243265e-19]
    }
}
}