{
"metadata": {
    "version": {
        "essentia": "2.1-dev"
    }
},
"lowlevel": {
    "mfcc": {
        "mean": [-719.725891113, 96.7525863647, -42.7218132019, 55.1200218201, -19.1109542847, -5.27708864212, -5.22793340683, -4.94552278519, -9.49810695648, -3.09131360054, -3.15031719208, -1.47143149376, 1.16798901558],
        "var": [3011.74487305, 721.24206543, 792.503845215, 224.573669434, 153.230316162, 125.890777588, 95.8032150269, 92.9105529785, 91.8614883423, 106.489547729, 85.3783569336, 87.6787033081, 84.2645568848]
    },
    "mfcc_bands": {
        "mean": [1.54539266077e-05, 5.80996747885e-05, 5.03074770677e-05, 7.53327185521e-05, 6.5194137278e-05, 8.71912197908e-05, 5.37610794709e-05, 4.30600703112e-05, 4.79759219161e-05, 3.41178492818e-05, 1.68735914485e-05, 1.68235219462e-05, 2.01383991225e-05, 2.09963800444e-05, 2.57739011431e-05, 1.72951240529e-05, 1.09637521746e-05, 1.14217737064e-05, 1.36153430503e-05, 2.31370649999e-05, 1.54883964569e-05, 1.76135727088e-05, 2.49182485277e-05, 2.3334796424e-05, 2.58321979345e-05, 2.15869367821e-05, 1.75438290171e-05, 1.17502895591e-05, 6.74305738357e-06, 3.04765558212e-06, 2.26241604651e-06, 1.20707147744e-06, 5.72983140046e-07, 2.70888989462e-07, 1.57366926601e-07, 6.59853185425e-08, 3.90050836074e-08, 2.81331971053e-08, 1.68279168378e-08, 1.10072120307e-08],
        "var": [5.82231818314e-10, 9.38722699573e-09, 6.56310383818e-09, 1.58310076159e-08, 1.35864333117e-08, 2.59342272102e-08, 8.45760794732e-09, 9.5068175554e-09, 1.31286741478e-08, 1.15800506961e-08, 2.52015075475e-09, 3.1362881181e-09, 3.1732450001e-09, 3.85974896489e-09, 7.19344317446e-09, 5.95820592864e-09, 1.6077843501e-09, 8.42966085823e-10, 1.45906764448e-09, 6.83586032224e-09, 1.65948499387e-09, 2.05186667657e-09, 3.49921291942e-09, 3.21652393609e-09, 8.24895618479e-09, 2.12026773916e-09, 3.63408947379e-09, 8.89751938793e-10, 1.03625552583e-10, 5.72735261994e-11, 5.02906258304e-11, 7.10684722877e-12, 1.15874356551e-12, 1.24622317674e-13, 7.7919204563e-14, 2.34074200723e-14, 2.10698132728e-15, 9.54013737888e-16, 5.54089990578e-16, 2.42432423268e-16]
    }
}
}