{
"metadata": {
    "version": {
        "essentia": "2.1-dev"
    }
},
"lowlevel": {
    "mfcc": {
        "mean": [-800.987487793, 92.9315872192, -28.5170555115, 45.7820167542, -11.9223747253, -6.76525020599, -3.64837646484, -8.98009109497, -0.677576959133, -3.13831782341, -4.51980352402, 1.91938519478, -2.97745156288],
        "var": [9714.97070312, 1287.98352051, 1462.09802246, 523.521362305, 232.860610962, 228.380874634, 191.792541504, 129.754089355, 143.956466675, 169.777770996, 126.845596313, 148.082504272, 160.902267456]
    },
    "mfcc_bands": {
        "mean": [9.24354480958e-06, 4.08426967624e-05, 1.52065940711e-05, 2.29136330745e-05, 3.02639891743e-05, 3.01392810798e-05, 2.99844596157e-05, 2.40699555434e-05, 3.40362785209e-05, 2.89173112833e-05, 2.39676355704e-05, 3.26006156683e-05, 1.19266424008e-05, 9.75786406343e-06, 1.42420340126e-05, 1.39637477332e-05, 1.14693530122e-05, 1.16610526675e-05, 8.40253414935e-06, 1.435370541e-05, 1.9165681806e-05, 1.95022512344e-05, 1.4661241039e-05, 1.27506700665e-05, 7.89790465205e-06, 9.38095763559e-06, 8.10432902654e-06, 9.16877070267e-06, 6.98152780387e-06, 6.49456069368e-06, 1.77929337042e-06, 8.20421746539e-07, 3.15676743412e-07, 1.45005472518e-07, 9.41751991945e-08, 6.2591425376e-08, 4.139455001e-08, 2.84485981439e-08, 2.07236272587e-08, 1.40073410648e-08],
        "var": [3.43725214957e-10, 7.28316473797e-09, 7.68710095578e-10, 3.39627059809e-09, 3.0374807114e-09, 3.91422805279e-09, 3.47320860961e-09, 4.42469039186e-09, 1.33748168096e-08, 1.37416540369e-08, 7.4175736664e-09, 1.87063839974e-08, 2.44044517927e-09, 1.63735602854e-09, 3.23710791506e-09, 2.3984003672e-09, 2.91179280687e-09, 2.19594564754e-09, 1.33424782334e-09, 2.77953438044e-09, 4.19359524884e-09, 4.0797032419e-09, 2.58195465008e-09, 5.87324411327e-09, 1.24921828437e-09, 1.26679255974e-09, 9.02427854665e-10, 1.17341036887e-09, 1.1504269759e-09, 1.05298847419e-09, 5.71635933033e-11, 9.22390896302e-12, 1.08283835457e-12, 3.03367845168e-13, 2.03951317098e-13, 5.29732440096e-14, 1.99601569133e-14, 4.18010590063e-15, 2.1021896619e-15, 1.10303182078e-15]
    }
}
}