{
"metadata": {
    "version": {
        "essentia": "2.1-dev"
    }
},
"lowlevel": {
    "mfcc": {
        "mean": [-835.793212891, 128.22064209, -32.7477455139, 56.3272514343, -9.31675434113, -23.1499080658, -1.60971140862, -15.6290168762, -9.49352550507, -3.48175835609, -6.98564195633, -1.27478921413, 0.908146560192],
        "var": [11412.4443359, 4379.60009766, 1664.53186035, 916.470581055, 780.119812012, 470.852325439, 255.941314697, 259.597503662, 164.255462646, 182.660949707, 231.74130249, 146.165145874, 105.520469666]
    },
    "mfcc_bands": {
        "mean": [2.73500404546e-06, 2.69717002084e-05, 3.33582247549e-05, 9.63468191912e-05, 5.29124554305e-05, 6.33200615994e-05, 7.91218844824e-05, 9.17286015465e-05, 6.53907409287e-05, 2.90288753604e-05, 1.10148439489e-05, 1.08592439574e-05, 1.06235174826e-05, 1.10282444439e-05, 7.12813334758e-06, 7.42910106055e-06, 6.12325720795e-06, 5.02519878864e-06, 3.62034688806e-06, 3.85616249332e-06, 5.16569843967e-06, 7.49457740312e-06, 4.53651773569e-06, 3.0124983823e-06, 8.27866369946e-06, 9.89178715827e-06, 6.36003142063e-06, 3.17901503877e-06, 2.51017104347e-06, 8.51586207773e-07, 3.4369355717e-07, 2.38610653014e-07, 1.63451417734e-07, 7.76663711122e-08, 3.60213334716e-08, 1.39722713399e-08, 1.07359907631e-08, 8.18030443384e-09, 4.55438176061e-09, 1.61020785594e-09],
        "var": [1.0996447676e-11, 7.37727823275e-10, 1.66530600421e-09, 1.86890325438e-08, 7.10662417802e-09, 9.35241040168e-09, 1.88494180264e-08, 2.79982632634e-08, 1.6905874034e-08, 6.39892672183e-09, 6.77034817098e-10, 8.70068406211e-10, 7.28879234746e-10, 8.38692337801e-10, 3.11344783288e-10, 4.33007241174e-10, 3.32172650497e-10, 2.66486582801e-10, 1.23874188684e-10, 8.83327300194e-11, 9.72863040127e-11, 1.83224782568e-10, 8.75894912156e-11, 3.34708198657e-11, 2.63454841276e-10, 3.54999474261e-10, 1.48466905436e-10, 4.09401852697e-11, 3.00934728525e-11, 5.0202324936e-12, 1.54769079497e-12, 8.39364764759e-13, 4.66550192577e-13, 1.05607898457e-13, 2.50819279761e-14, 4.09881106649e-15, 2.33728005652e-15, 1.08186605562e-15, 3.4375664847e-16, 3.87241096521e-17]
    }
}
}