{
"metadata": {
    "version": {
        "essentia": "2.1-dev"
    }
},
"lowlevel": {
    "mfcc": {
        "mean": [-821.723937988, 139.567550659, -31.7430229187, 52.458366394, -1.88534700871, -25.8806419373, -2.20499205589, -20.1278915405, -10.6698246002, -0.858803510666, -12.5995903015, -3.27025389671, -2.35535240173],
        "var": [8662.76953125, 4390.36035156, 1689.03283691, 987.32800293, 677.268310547, 577.243103027, 302.227996826, 284.717987061, 187.134902954, 217.956008911, 201.444152832, 128.6378479, 153.35925293]
    },
    "mfcc_bands": {
        "mean": [2.36111054619e-06, 8.35978498799e-05, 6.96663337294e-05, 0.000184173375601, 9.6650524938e-05, 6.15069147898e-05, 7.59757094784e-05, 7.77489622124e-05, 7.77473760536e-05, 4.74772459711e-05, 1.71545289049e-05, 6.78036712998e-06, 6.67120320941e-06, 8.69622454047e-06, 1.0147613466e-05, 9.63212096394e-06, 7.13786130291e-06, 4.94570804221e-06, 4.82276027469e-06, 5.47311401533e-06, 7.42588963476e-06, 7.72634939494e-06, 4.75243496112e-06, 2.92815821012e-06, 4.93395418744e-06, 7.25788686395e-06, 8.05592571851e-06, 5.43059604752e-06, 1.84806697234e-06, 9.98212840386e-07, 4.70576054568e-07, 4.535112339e-07, 1.9232794557e-07, 5.89486752745e-08, 2.65459458859e-08, 1.31160993178e-08, 1.17312612957e-08, 1.33958710791e-08, 8.90269724607e-09, 3.30009997107e-09],
        "var": [1.22871157693e-11, 5.89530246842e-09, 9.85120429675e-09, 4.69434233707e-08, 2.10218100705e-08, 1.06763478058e-08, 1.64238649347e-08, 2.07701500443e-08, 2.54242298325e-08, 1.15670051315e-08, 1.86131154933e-09, 2.35981234553e-10, 3.35316718836e-10, 4.63302535225e-10, 5.97893290433e-10, 6.25991869452e-10, 3.46830231202e-10, 1.7275918196e-10, 1.53670964842e-10, 1.71273342731e-10, 2.00666622208e-10, 1.77261566536e-10, 1.11926287683e-10, 6.12042500014e-11, 1.55485499476e-10, 3.46684903008e-10, 2.36006270082e-10, 1.35080280295e-10, 3.71521528819e-11, 1.64532189956e-11, 4.19199874466e-12, 4.68966792483e-12, 7.52610647414e-13, 5.80101220424e-14, 1.13386566236e-14, 2.99108551851e-15, 2.11751142913e-15, 2.7339000577e-15, 1.4959836399e-15, 2.41380540696e-16]
    }
}
}