{
"metadata": {
    "version": {
        "essentia": "2.1-dev"
    }
},
"lowlevel": {
    "mfcc": {
        "mean": [-824.101745605, 106.423217773, -41.789226532, 38.3044281006, -28.0115222931, -32.9356422424, -10.1461734772, -21.7899913788, -21.1534690857, -8.25857448578, -15.9250917435, -5.09232950211, -21.5242843628],
        "var": [8705.75488281, 2900.62451172, 1763.25097656, 1011.26751709, 614.152587891, 520.612854004, 273.243743896, 200.045410156, 293.884307861, 262.636566162, 185.833679199, 148.077285767, 178.23890686]
    },
    "mfcc_bands": {
        "mean": [9.16821463193e-08, 4.98609267652e-07, 7.07141371095e-05, 0.000220045112655, 7.6528682257e-05, 4.67060926894e-05, 0.00010994659533, 7.59372633183e-05, 7.68313548178e-05, 4.87294892082e-05, 3.76568823413e-05, 1.49266015796e-05, 7.27077667761e-06, 7.14752013664e-06, 6.39261543256e-06, 7.72018211137e-06, 1.15733355415e-05, 7.37548634788e-06, 4.55058625448e-06, 3.01939212477e-06, 2.47087518801e-06, 3.99875352741e-06, 5.76528236707e-06, 1.31882043206e-05, 1.02595695353e-05, 4.33093873653e-06, 3.03445222016e-06, 4.46558124167e-06, 5.38647736903e-06, 2.82887890535e-06, 1.01536318198e-06, 4.42896464392e-07, 3.05952227109e-07, 1.51390509018e-07, 1.1199448835e-07, 4.6768217743e-08, 2.72370801468e-08, 1.99100078646e-08, 9.2688319242e-09, 3.7690304211e-09],
        "var": [2.95327388304e-14, 2.95388995382e-12, 9.70961533397e-09, 7.49505559838e-08, 4.53348967255e-08, 7.87997755936e-09, 4.04905158291e-08, 3.38233441255e-08, 2.58751828852e-08, 1.43074130321e-08, 9.45486000603e-09, 1.50697221368e-09, 3.01207891962e-10, 2.8818675224e-10, 2.98807950605e-10, 3.25513088706e-10, 8.05213784538e-10, 3.05132141776e-10, 1.70080463602e-10, 7.93940677091e-11, 4.20552238867e-11, 1.03680140862e-10, 1.36385375216e-10, 5.26821475333e-10, 3.20923426722e-10, 1.28896490703e-10, 7.98737742613e-11, 8.57788839959e-11, 9.55731604968e-11, 3.96495059007e-11, 1.48592110838e-11, 3.35047896545e-12, 1.43069529748e-12, 3.43398269889e-13, 1.55575842465e-13, 2.65661041885e-14, 8.18133284237e-15, 3.36097083053e-15, 6.89194710281e-16, 1.33558421352e-16]
    }
}
}