{
"metadata": {
    "version": {
        "essentia": "2.1-dev"
    }
},
"lowlevel": {
    "mfcc": {
        "mean": [-833.239196777, 150.519210815, -38.7433242798, 42.6710357666, 14.468588829, -25.503200531, -13.8324728012, -7.45663118362, -18.2800884247, -16.124912262, 2.46042394638, 1.95697903633, -2.79748010635],
        "var": [8127.58642578, 3955.81298828, 1528.23046875, 625.909667969, 755.592041016, 549.437316895, 276.171722412, 315.026184082, 145.460021973, 230.213409424, 152.587600708, 139.163955688, 80.1730804443]
    },
    "mfcc_bands": {
        "mean": [4.00996077587e-06, 7.03148471075e-05, 6.14021846559e-05, 9.47389780777e-05, 7.55327346269e-05, 8.13291044324e-05, 0.000135733076604, 0.000118290852697, 4.76085115224e-05, 1.03918964669e-05, 4.53005486634e-06, 5.07160848429e-06, 6.39071276964e-06, 9.04028001969e-06, 1.19304622785e-05, 1.02556214188e-05, 7.42153133615e-06, 5.70580141357e-06, 5.287134627e-06, 6.26237124379e-06, 1.1073542737e-05, 1.17429735838e-05, 1.26456507132e-05, 1.08776930574e-05, 5.94254743191e-06, 2.64764958047e-06, 1.4311066252e-06, 1.00232387013e-06, 9.27602684442e-07, 5.49687115381e-07, 3.02265164009e-07, 1.21160283584e-07, 7.23374355971e-08, 3.17679109685e-08, 2.27348611048e-08, 1.10692193189e-08, 7.07477276762e-09, 6.81741907371e-09, 3.86138720998e-09, 1.42524214652e-09],
        "var": [2.78426500605e-11, 5.26766186226e-09, 6.48748210708e-09, 1.42443541407e-08, 1.25594201705e-08, 1.46209098162e-08, 4.22860964022e-08, 4.05333508979e-08, 1.10789502017e-08, 7.67345686992e-10, 1.01369072858e-10, 1.79516720933e-10, 3.23609694597e-10, 4.56158943951e-10, 7.37949368279e-10, 6.2206723106e-10, 4.37237912543e-10, 2.88689155914e-10, 1.74536357589e-10, 1.55963242321e-10, 3.90756621504e-10, 3.74706654593e-10, 3.86801063401e-10, 3.40154682199e-10, 1.42105258116e-10, 5.11698218519e-11, 3.0081832858e-11, 4.18986095818e-11, 2.80626390181e-11, 9.26748955354e-12, 2.3783822134e-12, 2.82443068499e-13, 1.12678583911e-13, 2.49579477636e-14, 2.39979545025e-14, 5.18327920732e-15, 1.16784371141e-15, 7.97069808888e-16, 2.84126587775e-16, 4.64144772902e-17]
    }
}
}