{
"metadata": {
    "version": {
        "essentia": "2.1-dev"
    }
},
"lowlevel": {
    "mfcc": {
        "mean": [-836.269775391, 133.747756958, -29.4547080994, 54.1345596313, -13.3737859726, -26.4779167175, 0.674073755741, -12.7213020325, -11.1014661789, -5.29201078415, -6.64298534393, -2.37799191475, -0.0660082548857],
        "var": [11068.7558594, 3880.04394531, 1748.5456543, 924.330566406, 744.405883789, 508.453735352, 275.447235107, 284.576751709, 161.601287842, 175.925552368, 250.829574585, 140.741928101, 124.56312561]
    },
    "mfcc_bands": {
        "mean": [2.98821146316e-06, 2.82663277176e-05, 3.5158926039e-05, 9.25184649532e-05, 6.22963852948e-05, 6.61031663185e-05, 7.95134328655e-05, 8.22916917969e-05, 6.68338543619e-05, 3.77869509975e-05, 1.32437235152e-05, 1.19817887025e-05, 1.15160701171e-05, 1.11400404421e-05, 7.01642102285e-06, 5.82375378144e-06, 4.89273725179e-06, 3.49766651198e-06, 2.56350813288e-06, 2.89330864689e-06, 3.88212492908e-06, 6.28175666861e-06, 4.53717302662e-06, 3.00526085084e-06, 8.68129518494e-06, 9.94639867713e-06, 7.06452601662e-06, 2.74445278592e-06, 2.06577897188e-06, 7.55470182412e-07, 2.84195920131e-07, 2.20289393837e-07, 1.64455983054e-07, 7.04454095057e-08, 2.79153997695e-08, 1.16413589879e-08, 7.99756882941e-09, 5.84679105131e-09, 3.42650063878e-09, 1.38902245261e-09],
        "var": [1.28912236788e-11, 7.2540140561e-10, 1.64566882344e-09, 1.61761661843e-08, 1.19890559702e-08, 1.25293224684e-08, 1.91921820658e-08, 2.0394292477e-08, 1.62971005579e-08, 9.2451131195e-09, 1.04488162567e-09, 8.52081405434e-10, 7.1966094195e-10, 7.41704531126e-10, 3.02121716533e-10, 2.45798603693e-10, 2.56746734983e-10, 1.43788453366e-10, 7.65020546911e-11, 8.4758672303e-11, 6.9231322064e-11, 1.31711877516e-10, 8.74474867518e-11, 3.33276531372e-11, 2.9375990529e-10, 3.40226374851e-10, 2.30013993963e-10, 3.96397602243e-11, 2.46522992992e-11, 4.36652363572e-12, 1.41555267941e-12, 1.01472010048e-12, 6.26340721909e-13, 9.70303413897e-14, 1.63142357289e-14, 3.7963965874e-15, 1.59432702382e-15, 4.98411762098e-16, 1.54559544488e-16, 2.29964763337e-17]
    }
}
}