{
"metadata": {
    "version": {
        "essentia": "2.1-dev"
    }
},
"lowlevel": {
    "mfcc": {
        "mean": [-820.695129395, 134.85118103, -19.7515544891, 57.4449005127, -5.20964193344, -16.3994007111, -1.27345454693, -6.03162097931, -14.3669757843, 1.07589876652, -3.47876214981, -2.57992053032, 6.94335174561],
        "var": [7703.88964844, 4557.32373047, 1611.20996094, 908.438598633, 748.247253418, 465.693206787, 308.862579346, 282.6222229, 163.383880615, 191.782424927, 152.762023926, 176.272857666, 173.978210449]
    },
    "mfcc_bands": {
        "mean": [9.43413124332e-06, 8.29903656268e-05, 8.63849927555e-05, 0.000159427829203, 4.32536617154e-05, 4.83830153826e-05, 8.00835696282e-05, 8.85453337105e-05, 6.67664789944e-05, 2.53357011388e-05, 1.12022407848e-05, 8.49588013807e-06, 8.71701467986e-06, 9.63991715253e-06, 8.12853159005e-06, 7.59230397307e-06, 5.56714940103e-06, 2.77805747828e-06, 2.70334476227e-06, 3.74646810997e-06, 4.43492172053e-06, 6.95613834978e-06, 4.1074335968e-06, 2.3344462079e-06, 4.66811297883e-06, 1.20480353871e-05, 9.55343148235e-06, 3.05228149955e-06, 2.09039126275e-06, 1.87439081856e-06, 7.93448634795e-07, 5.81305357628e-07, 3.54230422772e-07, 2.35115095393e-07, 1.04461982176e-07, 4.37045351021e-08, 1.9956663877e-08, 1.91377100833e-08, 9.62193880127e-09, 2.86489432177e-09],
        "var": [8.41294950371e-11, 5.24445331607e-09, 9.24792953327e-09, 4.06829272492e-08, 5.7194973202e-09, 5.42167288842e-09, 2.10358219732e-08, 2.67734527881e-08, 1.85664585928e-08, 3.62496099804e-09, 7.86778586725e-10, 4.36295638506e-10, 4.35659064379e-10, 5.81925285736e-10, 4.46222003792e-10, 4.64564414715e-10, 2.96249108578e-10, 8.69923924562e-11, 7.21509310631e-11, 9.00068700127e-11, 7.52204964982e-11, 1.85630261162e-10, 7.85363371558e-11, 2.78627676487e-11, 1.02334328511e-10, 4.90275431364e-10, 3.00778152384e-10, 3.67302160909e-11, 3.83596522602e-11, 3.82955299416e-11, 6.7902194284e-12, 4.00209683102e-12, 1.57246676617e-12, 7.17461029823e-13, 1.45123333923e-13, 2.97977822159e-14, 5.71044583215e-15, 6.71447506563e-15, 1.57844462666e-15, 9.72634830791e-17]
    }
}
}