{
"metadata": {
    "version": {
        "essentia": "2.1-dev"
    }
},
"lowlevel": {
    "mfcc": {
        "mean": [-829.677612305, 107.254272461, -38.6188087463, 40.0271606445, -24.8470649719, -34.0237541199, -20.5520915985, -18.2418003082, -14.7525148392, -7.49608802795, -10.3840408325, -11.218167305, -24.4043731689],
        "var": [7219.52734375, 3322.11108398, 1918.17883301, 1053.33227539, 525.348693848, 613.916625977, 374.505706787, 219.879425049, 223.967437744, 208.445388794, 134.038848877, 131.032928467, 226.726074219]
    },
    "mfcc_bands": {
        "mean": [1.36749918056e-07, 7.71426130086e-07, 0.000112073263153, 0.00025463665952, 3.83493643312e-05, 4.14336755057e-05, 7.68824975239e-05, 7.62428244343e-05, 0.000124992802739, 6.16001925664e-05, 2.6672394597e-05, 1.01046653072e-05, 7.35212870495e-06, 4.7979192459e-06, 3.93680602429e-06, 4.34937601312e-06, 6.60326895741e-06, 6.72351370667e-06, 6.15625094724e-06, 3.74214891963e-06, 3.46313458977e-06, 3.06937795358e-06, 4.67522704639e-06, 9.72138604993e-06, 7.94876086729e-06, 3.62338505511e-06, 2.86934800897e-06, 2.44046691478e-06, 1.65511619343e-06, 1.23030656596e-06, 1.00972818018e-06, 6.4350433604e-07, 3.78443161253e-07, 1.37373987741e-07, 5.30372261665e-08, 3.82767488816e-08, 2.48341169851e-08, 1.30484156813e-08, 6.45636788477e-09, 2.67036659451e-09],
        "var": [1.53777137508e-13, 6.36275884411e-12, 2.0066464046e-08, 8.25375323643e-08, 1.22319283591e-08, 6.00199312473e-09, 2.36331558767e-08, 3.67437209547e-08, 5.93478119981e-08, 2.2639980557e-08, 4.45595604859e-09, 7.82596432103e-10, 6.88659018699e-10, 2.534792376e-10, 1.26898713759e-10, 1.52596602021e-10, 3.30864613485e-10, 2.70181932382e-10, 2.66156763296e-10, 9.74822098043e-11, 1.24123281098e-10, 5.81633595453e-11, 1.41841705048e-10, 3.49484885476e-10, 2.26424295979e-10, 7.02268312947e-11, 5.46341236141e-11, 4.00216144947e-11, 1.56950459573e-11, 1.06310420536e-11, 9.52775358609e-12, 5.15482838706e-12, 2.18403030036e-12, 2.85581562738e-13, 2.83453765153e-14, 1.16919489837e-14, 5.9811190221e-15, 1.86707067992e-15, 3.75251371622e-16, 7.77045129452e-17]
    }
}
}