{
"metadata": {
    "version": {
        "essentia": "2.1-dev"
    }
},
"lowlevel": {
    "mfcc": {
        "mean": [-827.126342773, 103.538154602, -37.2681236267, 37.0191078186, -28.7173938751, -35.9166946411, -26.5388031006, -21.4849853516, -11.9078683853, -4.68596744537, -12.2768793106, -10.7519750595, -28.5910663605],
        "var": [7400.27978516, 3191.95117188, 1751.56359863, 859.005187988, 484.79309082, 579.091796875, 409.015075684, 229.555145264, 197.046844482, 140.690444946, 117.586112976, 131.227905273, 259.423675537]
    },
    "mfcc_bands": {
        "mean": [2.67557371814e-08, 6.6381983288e-07, 0.000123147052363, 0.000180302071385, 1.7403946913e-05, 7.76062806835e-05, 7.91652855696e-05, 7.15132482583e-05, 0.000151813073899, 6.22164225206e-05, 3.937645306e-05, 8.25393090054e-06, 6.6116472226e-06, 3.88798162021e-06, 2.76265154753e-06, 3.45025932802e-06, 5.7711390582e-06, 9.90398439171e-06, 6.79915774526e-06, 4.7544208428e-06, 4.11824657931e-06, 3.8889620555e-06, 5.98454880674e-06, 1.10156352093e-05, 9.31270096771e-06, 2.59753119281e-06, 2.15021668737e-06, 2.01679517886e-06, 2.42333817368e-06, 1.8470221903e-06, 1.11829535854e-06, 6.69987514357e-07, 4.88802754717e-07, 1.96750235659e-07, 8.70289795785e-08, 6.79043665741e-08, 3.47107693699e-08, 1.82233410584e-08, 8.26856538794e-09, 2.68521427316e-09],
        "var": [3.42522209123e-15, 3.21431314725e-12, 2.23129834609e-08, 5.70295028979e-08, 3.96209243192e-09, 2.26202114817e-08, 2.78319536307e-08, 2.1621774593e-08, 8.57154134337e-08, 2.62979842347e-08, 9.58591694911e-09, 5.58338875134e-10, 5.69936153827e-10, 1.93793106562e-10, 7.82479567252e-11, 9.13242467759e-11, 2.38427055876e-10, 7.20194515136e-10, 2.81790646373e-10, 2.12654963083e-10, 1.57789142863e-10, 1.16109739878e-10, 2.34096159124e-10, 4.93018625924e-10, 3.43596401331e-10, 4.60046827022e-11, 5.5000705379e-11, 3.63303102879e-11, 2.78745984628e-11, 1.75325622076e-11, 1.12864578794e-11, 6.05991298808e-12, 3.54178361986e-12, 5.94207680022e-13, 8.18119104905e-14, 4.32507897769e-14, 1.14045269878e-14, 4.27371193515e-15, 7.82379663544e-16, 6.004836924e-17]
    }
}
}