{
"metadata": {
    "version": {
        "essentia": "2.1-dev"
    }
},
"lowlevel": {
    "mfcc": {
        "mean": [-828.16583252, 127.972587585, -30.6694412231, 56.5888938904, -13.9359788895, -23.3838615417, -2.12298250198, -15.9491071701, -13.3327589035, -5.14054536819, -9.21689987183, -2.9613699913, 3.72026228905],
        "var": [11050.4433594, 3952.57958984, 1554.52246094, 915.53302002, 846.193115234, 485.942504883, 295.926269531, 261.60949707, 175.920150757, 213.049804688, 216.028366089, 139.280395508, 118.2498703]
    },
    "mfcc_bands": {
        "mean": [3.24061261381e-06, 4.39831783297e-05, 4.41733427579e-05, 8.94743134268e-05, 8.25070819701e-05, 8.89348302735e-05, 9.02647952898e-05, 8.3549770352e-05, 7.04225385562e-05, 3.97719668399e-05, 1.29694317366e-05, 1.14379708975e-05, 1.14092617878e-05, 1.21636367112e-05, 7.60698912927e-06, 6.21319850325e-06, 5.19412833455e-06, 4.55408189737e-06, 3.32185163643e-06, 3.37483811563e-06, 4.41411611973e-06, 6.87204101268e-06, 4.70442364531e-06, 2.77379763247e-06, 7.45525949242e-06, 1.02345074993e-05, 7.67579967942e-06, 4.201597676e-06, 3.76394564228e-06, 9.36413130148e-07, 3.12547030035e-07, 2.8974864108e-07, 2.11199647993e-07, 1.02325337537e-07, 4.42009842061e-08, 1.57672364054e-08, 9.8657348957e-09, 8.14764522516e-09, 4.94399676754e-09, 2.01124539245e-09],
        "var": [2.53435189501e-11, 2.17706142003e-09, 2.64983390785e-09, 1.78192394173e-08, 1.74496772587e-08, 2.04680912219e-08, 2.28586767292e-08, 2.46575027063e-08, 2.08078656527e-08, 1.07954116757e-08, 1.21510335127e-09, 9.91415505247e-10, 9.06693553571e-10, 8.62692028925e-10, 3.38793881838e-10, 2.79563733274e-10, 2.35381325542e-10, 2.6665339381e-10, 1.08566995671e-10, 9.4571447895e-11, 8.4022178104e-11, 1.35077921071e-10, 7.99659644057e-11, 2.80035942352e-11, 2.33769198443e-10, 3.27914667642e-10, 1.81862788717e-10, 6.37795510849e-11, 5.40106709357e-11, 5.99979137553e-12, 1.44698944667e-12, 1.62970667777e-12, 7.02427265659e-13, 1.31944788754e-13, 3.76800302656e-14, 5.86033000624e-15, 1.81966266938e-15, 1.00169385776e-15, 3.37431297588e-16, 7.28530854177e-17]
    }
}
}