{
"metadata": {
    "version": {
        "essentia": "2.1-dev"
    }
},
"lowlevel": {
    "mfcc": {
        "mean": [-842.435852051, 114.66645813, -27.3756904602, 42.8455314636, -26.2110443115, -27.4526290894, -2.8068022728, -24.5341243744, -9.07989025116, -9.35573291779, -12.7910776138, -5.36223936081, -18.9629573822],
        "var": [9476.86621094, 4525.52001953, 1735.05749512, 829.49395752, 671.920349121, 557.196044922, 357.341705322, 329.261413574, 176.952224731, 162.340026855, 271.915374756, 121.565353394, 162.859420776]
    },
    "mfcc_bands": {
        "mean": [1.12736636027e-07, 1.77201891347e-05, 0.000182824282092, 9.88690735539e-05, 4.81118077005e-05, 7.29234161554e-05, 4.98355548189e-05, 8.52240700624e-05, 8.2575759734e-05, 5.24153874721e-05, 2.04977277463e-05, 1.30169246404e-05, 1.03993370431e-05, 7.16328759154e-06, 6.04930301051e-06, 5.99039776716e-06, 5.06572951053e-06, 3.27951806867e-06, 1.90463902072e-06, 1.66295842519e-06, 1.71693113771e-06, 2.28982162298e-06, 3.34340984409e-06, 4.35174388258e-06, 2.4976509394e-06, 2.37607332565e-06, 2.92364097731e-06, 2.69469137493e-06, 2.88291630568e-06, 1.97225517695e-06, 1.06006154965e-06, 4.77216531181e-07, 3.29344828742e-07, 1.79590770699e-07, 7.96013708282e-08, 4.44506085273e-08, 3.46769652992e-08, 3.20913713381e-08, 1.70901959251e-08, 6.35960972772e-09],
        "var": [7.26736785984e-14, 2.21471219142e-09, 3.82445684011e-08, 3.58018965585e-08, 7.08741509925e-09, 1.6133473224e-08, 1.27614523393e-08, 2.76313052439e-08, 2.96529556465e-08, 1.28940493838e-08, 2.00301575326e-09, 1.01366859351e-09, 6.84057921418e-10, 4.35981389879e-10, 2.74985034743e-10, 2.3364463142e-10, 1.72870176507e-10, 1.16776741055e-10, 3.55248573614e-11, 3.49794290755e-11, 4.34232060031e-11, 5.99072597085e-11, 6.0328152196e-11, 8.94028878706e-11, 3.07094454033e-11, 3.16941160816e-11, 3.59421242768e-11, 2.39817211228e-11, 3.21125036284e-11, 2.13412742339e-11, 1.09189038019e-11, 2.70697093213e-12, 1.40528973007e-12, 4.50374302739e-13, 9.790634964e-14, 3.29996006378e-14, 2.00908591792e-14, 1.66423729046e-14, 4.1659600269e-15, 6.1449148653e-16]
    }
}
}