{
"metadata": {
    "version": {
        "essentia": "2.1-dev"
    }
},
"lowlevel": {
    "mfcc": {
        "mean": [-822.645996094, 101.046340942, -47.3274383545, 37.4834518433, -32.3727645874, -35.9275093079, -15.0503072739, -25.7213516235, -21.1357021332, -10.949842453, -18.7766284943, -6.77258872986, -23.3392696381],
        "var": [8291.96972656, 3017.88452148, 1784.16906738, 927.293579102, 631.505981445, 551.390625, 279.723968506, 227.35218811, 318.457641602, 270.06942749, 173.469909668, 140.143692017, 194.121612549]
    },
    "mfcc_bands": {
        "mean": [2.66322874864e-08, 4.25383291258e-07, 7.16729482519e-05, 0.000195955610252, 7.14482011972e-05, 6.13915835856e-05, 0.000115381852083, 7.94985971879e-05, 8.31181241665e-05, 5.18655288033e-05, 4.36934315076e-05, 1.67483194673e-05, 8.65818128659e-06, 6.37165794615e-06, 5.33141746928e-06, 7.59883050705e-06, 1.20640233945e-05, 8.22748188511e-06, 4.28450857726e-06, 3.36050811711e-06, 2.75906177194e-06, 4.63256765215e-06, 7.85267366155e-06, 1.45438789332e-05, 1.08675385491e-05, 3.47126797351e-06, 2.90066577691e-06, 6.11311634202e-06, 7.65582262829e-06, 3.85432622352e-06, 1.27260773297e-06, 5.59050135962e-07, 3.7734344005e-07, 1.3929681586e-07, 9.68088187392e-08, 3.94026322681e-08, 2.2765506813e-08, 1.82866912724e-08, 9.88023707293e-09, 4.63510163584e-09],
        "var": [8.59066998446e-15, 1.72103325514e-12, 9.13496300825e-09, 6.23413285439e-08, 4.37890612659e-08, 1.38591289556e-08, 5.24280103775e-08, 3.48724782384e-08, 3.09282057742e-08, 1.72840444179e-08, 1.12218687676e-08, 2.24839813434e-09, 5.22166310191e-10, 3.0237592985e-10, 2.09267561613e-10, 3.85234150135e-10, 9.82895320689e-10, 3.72202102472e-10, 1.40217643052e-10, 9.58403911788e-11, 5.19123910525e-11, 1.32736141523e-10, 3.1140562351e-10, 6.48478770682e-10, 4.23695772911e-10, 6.51555198683e-11, 4.13376000097e-11, 1.21539514564e-10, 1.68945482604e-10, 6.34373872876e-11, 1.62420042693e-11, 5.76969852104e-12, 2.57455363452e-12, 2.52417444585e-13, 1.01562340352e-13, 1.68624185117e-14, 4.91557020917e-15, 2.86730859393e-15, 8.10019989739e-16, 1.88151653567e-16]
    }
}
}