{
"metadata": {
    "version": {
        "essentia": "2.1-dev"
    }
},
"lowlevel": {
    "mfcc": {
        "mean": [-835.805664062, 129.485321045, -42.4140815735, 59.7579879761, -11.8901109695, -21.5034370422, -9.63051700592, -23.2151489258, -9.9135093689, -9.07733821869, -13.9040393829, -0.620096564293, -0.551404774189],
        "var": [8258.78710938, 3351.85839844, 1544.5526123, 1334.50793457, 635.961486816, 443.728057861, 249.459625244, 309.797668457, 195.794647217, 208.920730591, 243.720977783, 134.519790649, 100.085624695]
    },
    "mfcc_bands": {
        "mean": [7.29177770609e-07, 5.46450100956e-05, 0.000121591292555, 5.73973993596e-05, 9.81620469247e-05, 6.01419815212e-05, 7.84763033153e-05, 8.09159027995e-05, 6.39252975816e-05, 1.97942463274e-05, 5.68728000871e-06, 5.66126755075e-06, 8.21667799755e-06, 8.93515880307e-06, 8.63009518071e-06, 7.45324996387e-06, 6.17746172793e-06, 4.11669907407e-06, 4.37474045611e-06, 4.40446819994e-06, 7.25154632164e-06, 1.07233981907e-05, 4.23854271503e-06, 2.47445223067e-06, 3.7977122247e-06, 4.0927138798e-06, 5.47128547623e-06, 5.07744471179e-06, 4.32087290392e-06, 2.70495525001e-06, 7.33784418117e-07, 2.04296014772e-07, 1.15621567431e-07, 4.72341703528e-08, 2.09615844682e-08, 3.6233902545e-09, 1.51107085178e-10, 1.93432804496e-11, 1.67106311427e-11, 1.08034033108e-11],
        "var": [3.63465399271e-12, 4.86694595736e-09, 2.35527259917e-08, 8.6088522977e-09, 2.0435276582e-08, 1.45199701151e-08, 2.42189539534e-08, 2.44270275118e-08, 2.25190248671e-08, 3.88329457479e-09, 2.7018012827e-10, 2.28562446747e-10, 6.6339861382e-10, 6.63264221323e-10, 6.14434336743e-10, 4.24189156023e-10, 3.21929150005e-10, 1.53863241592e-10, 1.71053365916e-10, 1.27872004652e-10, 1.9553816899e-10, 3.530699344e-10, 7.14875797447e-11, 3.02367922367e-11, 1.29193072906e-10, 9.96008830967e-11, 9.53365442147e-11, 8.18233258926e-11, 1.12142933828e-10, 7.80558395697e-11, 6.35755554104e-12, 4.52651669402e-13, 1.60123230322e-13, 3.23652915449e-14, 5.36574111559e-15, 1.33198710283e-16, 1.33869359372e-19, 3.3264789645e-21, 1.61052600427e-21, 4.97375210398e-22]
    }
}
}