{
"metadata": {
    "version": {
        "essentia": "2.1-dev"
    }
},
"lowlevel": {
    "mfcc": {
        "mean": [-831.848388672, 131.807373047, -25.8242969513, 58.5746269226, -7.66957521439, -21.5329914093, 2.16732597351, -13.2389783859, -7.63911437988, -5.59281682968, -5.29181623459, 2.0031182766, -6.48661136627],
        "var": [9754.40234375, 3840.70874023, 1947.65014648, 951.965576172, 709.112182617, 812.403381348, 337.128540039, 256.857208252, 225.307754517, 166.550460815, 190.022338867, 150.692108154, 134.794952393]
    },
    "mfcc_bands": {
        "mean": [4.32441947851e-06, 0.000119793556223, 9.50178146013e-05, 9.90983389784e-05, 6.01276333327e-05, 5.01570902998e-05, 6.34176176391e-05, 7.57270245231e-05, 6.97666910128e-05, 5.58410138183e-05, 2.10267262446e-05, 6.99275415172e-06, 8.10949040897e-06, 9.17308534554e-06, 8.56978658703e-06, 9.74968588707e-06, 4.98351073475e-06, 2.86605427391e-06, 2.26881843446e-06, 3.05856974592e-06, 4.23021174356e-06, 7.85755310062e-06, 7.95088362793e-06, 4.57742407889e-06, 6.51362552162e-06, 8.81017422216e-06, 5.51254197489e-06, 2.86085401058e-06, 2.10691314351e-06, 1.3258470517e-06, 6.71406894526e-07, 6.20571483978e-07, 3.43737156072e-07, 7.07980305492e-08, 2.3256559345e-08, 1.1271213296e-08, 7.26424875808e-09, 6.97065161148e-09, 4.44433512214e-09, 1.81171211366e-09],
        "var": [5.15032183568e-11, 1.29176056518e-08, 1.66944289504e-08, 1.54793990959e-08, 1.00563442018e-08, 1.48943710698e-08, 1.54974486577e-08, 2.37018156213e-08, 2.31711361209e-08, 2.13331361465e-08, 4.33576152759e-09, 4.16670864478e-10, 6.01450111937e-10, 6.47527476083e-10, 5.67990487976e-10, 7.79456610367e-10, 2.25344437554e-10, 7.45533218494e-11, 4.08579142741e-11, 7.01558325322e-11, 1.00358901745e-10, 2.10402292811e-10, 2.86839857422e-10, 8.86197712435e-11, 1.96376401251e-10, 3.65789371015e-10, 1.4343762289e-10, 3.59666012251e-11, 2.40634196597e-11, 1.32888856169e-11, 5.72060671403e-12, 6.3579259045e-12, 1.8276216044e-12, 7.92626665799e-14, 8.55462534442e-15, 1.81146275517e-15, 5.55692788673e-16, 3.65278246883e-16, 1.55580629472e-16, 3.33458011616e-17]
    }
}
}