{
"metadata": {
    "version": {
        "essentia": "2.1-dev"
    }
},
"lowlevel": {
    "mfcc": {
        "mean": [-828.881103516, 118.968444824, -35.367816925, 34.9372253418, -27.452911377, -24.199262619, -10.9846849442, -22.749250412, -6.38901376724, -14.9224596024, -24.6395606995, -6.53057575226, -17.5786895752],
        "var": [8045.86474609, 3756.48803711, 1507.66271973, 1092.5534668, 478.471466064, 422.104553223, 241.932052612, 213.504043579, 163.100234985, 206.453826904, 148.969985962, 113.60243988, 127.265968323]
    },
    "mfcc_bands": {
        "mean": [1.43845014122e-07, 8.75092268871e-07, 0.000219460009248, 0.000198599518626, 2.8866896173e-05, 9.64725768426e-05, 5.86630303587e-05, 4.30821964983e-05, 4.16017101088e-05, 6.43630410195e-05, 3.66748099623e-05, 2.03705039894e-05, 1.06381612568e-05, 8.73344833963e-06, 6.28741054243e-06, 4.53899838249e-06, 5.18000842931e-06, 4.54952123619e-06, 3.86774718208e-06, 3.38454060511e-06, 2.97640622193e-06, 4.13816587752e-06, 4.53566053693e-06, 3.11488633997e-06, 1.75639843292e-06, 2.25967824008e-06, 3.3982748846e-06, 5.10874224346e-06, 4.23441497333e-06, 2.4525606932e-06, 1.2075088307e-06, 5.80700543651e-07, 2.81473205632e-07, 1.59701855296e-07, 9.15059956696e-08, 4.6115449237e-08, 5.33036228489e-08, 3.69925743371e-08, 1.90084765705e-08, 5.63697888367e-09],
        "var": [1.27085611457e-13, 4.68635113354e-12, 5.2528299932e-08, 4.99058572245e-08, 3.77935149842e-09, 1.882734324e-08, 1.73110485946e-08, 7.88184628675e-09, 8.58516369107e-09, 1.53316861429e-08, 6.255998386e-09, 1.96857774526e-09, 5.28320220905e-10, 4.23473173194e-10, 2.3597648835e-10, 1.2135190075e-10, 1.49299045349e-10, 1.1801562505e-10, 1.01644706541e-10, 9.25892348902e-11, 3.93867299886e-11, 5.82525694348e-11, 8.98490726264e-11, 5.45230458004e-11, 2.62889328362e-11, 8.87855761134e-11, 1.83805623499e-10, 1.7720652723e-10, 9.38697106156e-11, 4.45101767943e-11, 1.69983558479e-11, 4.62000880261e-12, 1.18988369505e-12, 5.26741356695e-13, 2.23052140451e-13, 5.22527340678e-14, 7.55208409372e-14, 3.79587074934e-14, 9.78520836272e-15, 6.32477913528e-16]
    }
}
}