{
"metadata": {
    "version": {
        "essentia": "2.1-dev"
    }
},
"lowlevel": {
    "mfcc": {
        "mean": [-839.274963379, 120.731834412, -21.2946853638, 49.3820953369, -5.2298579216, -14.7067403793, -7.93804359436, -13.2008953094, -6.34316253662, -1.71202421188, -6.15828609467, 4.3750705719, -3.41859102249],
        "var": [13339.8955078, 4641.71679688, 1478.6661377, 948.944274902, 545.76776123, 231.415008545, 263.721618652, 236.874404907, 139.557022095, 234.84538269, 158.420700073, 118.43157959, 118.19442749]
    },
    "mfcc_bands": {
        "mean": [3.25946803059e-06, 0.000112045745482, 9.531397518e-05, 6.05719105806e-05, 4.27416562161e-05, 4.51395644632e-05, 7.12312976248e-05, 8.00008274382e-05, 8.26756586321e-05, 4.16570474044e-05, 1.16239580166e-05, 5.3174230743e-06, 5.46614683117e-06, 8.75516343513e-06, 1.02095154944e-05, 1.01472751339e-05, 8.7143644123e-06, 5.7059669416e-06, 4.53110942544e-06, 3.56679674951e-06, 3.8779407987e-06, 5.69113399251e-06, 6.6163588599e-06, 3.04980835608e-06, 2.13126827475e-06, 2.82502378468e-06, 3.04422906083e-06, 4.65286984763e-06, 3.68922701455e-06, 1.29829982143e-06, 5.71388511617e-07, 2.26356007715e-07, 2.19221988118e-07, 1.20204219911e-07, 5.9363546967e-08, 2.45129818666e-08, 1.75826286863e-08, 1.62321640573e-08, 9.49977341236e-09, 2.91425350518e-09],
        "var": [2.52198747996e-11, 1.18858718423e-08, 1.62819837612e-08, 5.3999511529e-09, 3.83542264615e-09, 6.91392765262e-09, 1.84464514774e-08, 1.77073893326e-08, 2.23752483208e-08, 7.74926256497e-09, 7.99023458509e-10, 1.76091724535e-10, 2.16659426511e-10, 6.03539274113e-10, 7.62873930693e-10, 5.45154588139e-10, 4.28488106108e-10, 2.15976431184e-10, 1.84767437461e-10, 7.76577552264e-11, 6.70464864183e-11, 8.24191895288e-11, 1.55612342456e-10, 5.77397123169e-11, 5.43622855065e-11, 1.09375813961e-10, 8.41370029203e-11, 1.07669526073e-10, 6.65148075507e-11, 2.52594733324e-11, 6.54881530948e-12, 7.00704793667e-13, 6.34900823322e-13, 2.98568759776e-13, 5.06052312685e-14, 1.11804079992e-14, 4.54604446264e-15, 2.89208515467e-15, 8.57645211292e-16, 1.1405691711e-16]
    }
}
}