{
"metadata": {
    "version": {
        "essentia": "2.1-dev"
    }
},
"lowlevel": {
    "mfcc": {
        "mean": [-823.074462891, 103.233604431, -39.2683677673, 41.5851898193, -25.4082050323, -31.018529892, -15.3047485352, -19.8390731812, -12.7570018768, -10.1078386307, -9.71269416809, -8.76689720154, -27.3758335114],
        "var": [7260.06054688, 3182.13476562, 1644.04052734, 841.526489258, 565.59967041, 625.691894531, 365.653778076, 243.962127686, 238.940536499, 235.284210205, 145.161682129, 158.284439087, 258.350799561]
    },
    "mfcc_bands": {
        "mean": [2.2519988363e-07, 6.89125329245e-07, 7.41274488973e-05, 0.000308779912302, 4.78118636238e-05, 2.4534530894e-05, 0.000103713937278, 5.35621293238e-05, 9.89944528555e-05, 8.8620785391e-05, 2.17324450205e-05, 1.3793584003e-05, 8.6064410425e-06, 4.72610190627e-06, 4.43647741122e-06, 5.53903782929e-06, 6.13385145698e-06, 7.91312049842e-06, 5.27141173734e-06, 2.82618134406e-06, 2.72296801995e-06, 3.47494619746e-06, 6.2127169258e-06, 1.18197185657e-05, 9.19009653444e-06, 3.2411801385e-06, 2.54943802247e-06, 2.04479624699e-06, 2.33776654568e-06, 1.92886841432e-06, 1.00724469121e-06, 5.89995067912e-07, 3.83278120353e-07, 1.44295768223e-07, 6.65627197804e-08, 4.20520755995e-08, 3.07798018184e-08, 2.48371616607e-08, 1.08961817347e-08, 4.12775458258e-09],
        "var": [4.99903287168e-13, 6.15746646379e-12, 1.20491154831e-08, 9.55842978101e-08, 1.18249099401e-08, 3.62624152928e-09, 2.98948030775e-08, 1.68327503047e-08, 4.42022027869e-08, 3.59546312723e-08, 3.61799878945e-09, 1.24556587267e-09, 8.82676820524e-10, 2.06278646941e-10, 1.68373343046e-10, 2.66993649412e-10, 2.12793838106e-10, 4.14519141234e-10, 1.64642036116e-10, 5.30578324331e-11, 5.0055272427e-11, 6.73915853677e-11, 2.43635417396e-10, 4.64623339802e-10, 2.54751858497e-10, 3.8556033366e-11, 3.70977693009e-11, 2.14084514005e-11, 2.06591705548e-11, 1.87899539678e-11, 7.43924626762e-12, 3.79250493857e-12, 2.05622216302e-12, 2.82267292222e-13, 5.08149091923e-14, 1.94150895176e-14, 9.54406824703e-15, 5.4946349662e-15, 1.02204689482e-15, 1.19737993557e-16]
    }
}
}