{
"metadata": {
    "version": {
        "essentia": "2.1-dev"
    }
},
"lowlevel": {
    "mfcc": {
        "mean": [-844.57635498, 109.263435364, -33.2358131409, 41.6283836365, -30.2468719482, -30.7270717621, -3.11270213127, -27.1722221375, -16.7787208557, -14.8241958618, -14.3626794815, -8.99081134796, -23.4482345581],
        "var": [7520.84912109, 3909.27197266, 2050.37133789, 809.741943359, 707.207519531, 605.626037598, 399.590270996, 266.023193359, 272.570953369, 222.731460571, 199.386489868, 159.97543335, 231.96812439]
    },
    "mfcc_bands": {
        "mean": [9.28295520453e-08, 5.73836246076e-07, 0.000112003006507, 0.0003091263643, 7.43329146644e-05, 3.61064812751e-05, 7.43226337363e-05, 5.57233252039e-05, 6.39827994746e-05, 5.13020822837e-05, 2.93501943815e-05, 1.20715176308e-05, 7.02466650182e-06, 5.9765725382e-06, 6.19824368187e-06, 5.54645248485e-06, 5.25102632309e-06, 4.32195565736e-06, 2.70844793704e-06, 1.83945269328e-06, 1.69368649949e-06, 1.9336753212e-06, 3.4207250792e-06, 7.61506225899e-06, 7.40405812394e-06, 4.54634937341e-06, 3.97342182623e-06, 4.96596840094e-06, 4.37876087744e-06, 2.79756409327e-06, 1.28375131681e-06, 4.27706737582e-07, 3.30928429548e-07, 1.64501159361e-07, 9.61084509754e-08, 4.99046208802e-08, 3.94215895483e-08, 2.90055961472e-08, 1.51987009644e-08, 6.09349948277e-09],
        "var": [1.92473925795e-13, 4.10379282639e-12, 2.32344596895e-08, 1.43884307136e-07, 4.57471251991e-08, 5.53812462556e-09, 2.8257492346e-08, 2.17499547261e-08, 2.41646045396e-08, 1.87570812216e-08, 6.88939660876e-09, 1.58554336327e-09, 5.36534372486e-10, 2.9966479298e-10, 3.28698429586e-10, 2.5744284482e-10, 2.69522654195e-10, 2.28374472111e-10, 1.16653936511e-10, 4.94880490753e-11, 4.65094282531e-11, 5.5137627103e-11, 9.70076796669e-11, 2.74161221503e-10, 2.92219831666e-10, 1.67681105112e-10, 1.43017264698e-10, 1.53912077527e-10, 1.01389077689e-10, 5.9536466035e-11, 1.52895335281e-11, 2.24369307855e-12, 1.39146647763e-12, 3.56185540047e-13, 1.29797594114e-13, 3.71134736442e-14, 2.12398678425e-14, 1.02749950001e-14, 2.55616692262e-15, 3.78468693924e-16]
    }
}
}