{
"metadata": {
    "version": {
        "essentia": "2.1-dev"
    }
},
"lowlevel": {
    "mfcc": {
        "mean": [-820.857849121, 138.384033203, -22.5856208801, 56.0417556763, -3.28547763824, -16.6811485291, -1.66000807285, -6.72918605804, -12.3895254135, 1.9140907526, -3.33364152908, -3.84523677826, 6.29513883591],
        "var": [7666.65722656, 4167.14404297, 1493.45080566, 964.855651855, 696.521179199, 453.220397949, 298.606750488, 296.097015381, 171.33656311, 196.386657715, 145.125671387, 169.901107788, 165.98487854]
    },
    "mfcc_bands": {
        "mean": [9.62642570812e-06, 8.08943441371e-05, 8.42761801323e-05, 0.000155968082254, 4.22758639615e-05, 4.8437708756e-05, 6.84626793372e-05, 8.52397060953e-05, 7.63376592658e-05, 3.15357465297e-05, 1.31627593873e-05, 8.72501186677e-06, 9.03377440409e-06, 1.05094295577e-05, 9.07252797333e-06, 8.34875845612e-06, 5.82152233619e-06, 3.34937999469e-06, 3.26572535414e-06, 4.3313475544e-06, 4.55159170087e-06, 6.51290156384e-06, 4.01436591346e-06, 2.29879424296e-06, 4.09224048781e-06, 1.2793062524e-05, 9.27912242332e-06, 2.75848401543e-06, 1.82936003057e-06, 1.47445405219e-06, 6.57201553622e-07, 4.73190794992e-07, 2.83159607761e-07, 1.60545454264e-07, 6.64493811087e-08, 2.96050917115e-08, 1.71781717739e-08, 1.46827980885e-08, 7.69256836008e-09, 2.53382537174e-09],
        "var": [8.41607408764e-11, 5.94995075431e-09, 8.25368395851e-09, 4.40825971282e-08, 3.79911213599e-09, 6.15646067459e-09, 1.50691086276e-08, 2.34458816806e-08, 2.21584794957e-08, 5.58346791024e-09, 1.09876208132e-09, 5.02782593337e-10, 4.83119766415e-10, 6.62849941602e-10, 5.27005938888e-10, 5.77056957773e-10, 3.21681209448e-10, 1.16538431683e-10, 1.114968326e-10, 1.11557617311e-10, 7.63309276897e-11, 1.55526175272e-10, 9.20874071442e-11, 2.43566937452e-11, 7.56775267452e-11, 6.32746688378e-10, 2.9042582228e-10, 3.83238718538e-11, 3.78475098484e-11, 2.88189645758e-11, 6.10675355769e-12, 3.26194388341e-12, 1.2207702297e-12, 4.35233609136e-13, 7.7629160153e-14, 1.75867790654e-14, 5.74236033954e-15, 4.18064291952e-15, 1.14390793675e-15, 7.63822283401e-17]
    }
}
}