{
"metadata": {
    "version": {
        "essentia": "2.1-dev"
    }
},
"lowlevel": {
    "mfcc": {
        "mean": [-820.161804199, 146.22857666, -39.6619911194, 50.9475402832, -3.89235091209, -26.2471370697, 1.21580588818, -14.3960494995, -10.5340433121, -7.74589347839, -6.50333738327, -0.0863434225321, -5.33425045013],
        "var": [8232.84179688, 3800.42529297, 1623.63781738, 844.149902344, 694.99609375, 605.542480469, 298.976593018, 243.418487549, 159.235916138, 145.750778198, 193.4243927, 142.6902771, 131.189346313]
    },
    "mfcc_bands": {
        "mean": [3.25908126797e-06, 7.44328062865e-05, 6.89839071129e-05, 0.000214672021684, 7.17129150871e-05, 4.99117923027e-05, 7.73825668148e-05, 7.95521555119e-05, 9.15633645491e-05, 5.548469926e-05, 1.88821759366e-05, 9.61208388617e-06, 1.0970544281e-05, 1.23288091345e-05, 1.34104702738e-05, 1.22683522932e-05, 7.87070348451e-06, 4.11936889577e-06, 3.98400243284e-06, 4.41523525296e-06, 6.37301036477e-06, 1.05866247395e-05, 7.51146671973e-06, 5.33980937689e-06, 6.75081810186e-06, 7.43817554394e-06, 4.48790251539e-06, 2.17776482714e-06, 1.42190697261e-06, 7.55111102535e-07, 4.10375264437e-07, 4.6884494509e-07, 2.60818040942e-07, 5.44061826702e-08, 1.80111019432e-08, 7.17234627245e-09, 6.08468075924e-09, 5.8454499019e-09, 3.96348998066e-09, 1.96835636679e-09],
        "var": [1.75273268122e-11, 5.31330845988e-09, 8.77833095103e-09, 7.0002535324e-08, 1.19348051442e-08, 7.74736186315e-09, 2.04930330483e-08, 2.25436291856e-08, 3.16219832541e-08, 1.35003528356e-08, 2.30679941815e-09, 5.0041859545e-10, 6.92786772394e-10, 8.86638928943e-10, 1.0202315659e-09, 9.19961107293e-10, 4.57283100275e-10, 1.56117285766e-10, 1.39888906014e-10, 9.95079574295e-11, 1.33353536547e-10, 3.54154511273e-10, 1.72116154662e-10, 8.43061870315e-11, 1.76915412875e-10, 2.15559251004e-10, 8.18628290156e-11, 2.76710147851e-11, 2.01875911821e-11, 7.47635633958e-12, 2.98144408467e-12, 4.88045107799e-12, 1.52571358325e-12, 6.89214717199e-14, 8.32688783106e-15, 1.04909011572e-15, 6.98167277351e-16, 5.14589826693e-16, 2.37947224993e-16, 7.49356813546e-17]
    }
}
}