{
"metadata": {
    "version": {
        "essentia": "2.1-dev"
    }
},
"lowlevel": {
    "mfcc": {
        "mean": [-821.323608398, 106.000427246, -40.7071342468, 43.9395256042, -26.8053188324, -33.6045532227, -9.51267910004, -21.2890586853, -18.2651786804, -8.16071414948, -14.6202325821, -5.92217731476, -21.7586555481],
        "var": [8194.92480469, 3226.96533203, 1838.4029541, 1037.2565918, 652.889526367, 596.453674316, 286.888702393, 224.759078979, 296.017242432, 260.935577393, 185.855895996, 140.499282837, 212.856826782]
    },
    "mfcc_bands": {
        "mean": [1.29646991809e-07, 6.62988441036e-07, 8.86254783836e-05, 0.000236072941334, 7.6330594311e-05, 5.72697390453e-05, 9.70337641775e-05, 6.43267776468e-05, 7.56982699386e-05, 5.1507664466e-05, 3.97005969717e-05, 1.4019491573e-05, 6.24155882178e-06, 6.3041438807e-06, 5.94791072217e-06, 7.6265359894e-06, 1.02267285911e-05, 7.73678766564e-06, 4.77053936265e-06, 3.06557240037e-06, 2.90313232654e-06, 4.37667222286e-06, 6.84779570292e-06, 1.60694926308e-05, 1.25008718896e-05, 5.02940974911e-06, 3.3385028928e-06, 4.43373028247e-06, 5.76996217205e-06, 3.34559945259e-06, 1.39046096592e-06, 6.21708238668e-07, 3.84291695354e-07, 1.51693754447e-07, 9.36682695851e-08, 3.85361147437e-08, 2.98586968484e-08, 2.46146534266e-08, 1.20141860904e-08, 4.52350867874e-09],
        "var": [5.46505894738e-14, 3.77042711289e-12, 1.23912569094e-08, 8.82406467895e-08, 4.76415493722e-08, 1.05634976322e-08, 3.35147305464e-08, 2.52584460014e-08, 2.44179965136e-08, 1.64532725222e-08, 9.30883281569e-09, 1.60736546295e-09, 1.94221264072e-10, 2.87512125219e-10, 2.68133404369e-10, 3.99179855837e-10, 7.11229464212e-10, 4.06506078798e-10, 1.77834164061e-10, 7.51947948352e-11, 5.73442786311e-11, 1.58099131009e-10, 2.20362866843e-10, 7.65517538248e-10, 4.62347854446e-10, 1.35864069994e-10, 5.24538225355e-11, 7.4548506257e-11, 1.06304777481e-10, 5.00080359067e-11, 1.77673674384e-11, 6.30774642588e-12, 2.11278759245e-12, 2.60266878578e-13, 7.74969823557e-14, 1.46297599415e-14, 1.0068140237e-14, 5.34112252649e-15, 1.35490945551e-15, 1.65454995463e-16]
    }
}
}