{
"metadata": {
    "version": {
        "essentia": "2.1-dev"
    }
},
"lowlevel": {
    "mfcc": {
        "mean": [-840.988586426, 110.697273254, -33.0085868835, 46.6897621155, -26.9754886627, -29.6092681885, -2.21636176109, -26.1565570831, -12.7639217377, -12.7026643753, -15.0040826797, -6.86870670319, -21.2739582062],
        "var": [8132.99316406, 3643.31665039, 2014.73608398, 736.767700195, 691.460510254, 582.896850586, 406.62979126, 267.503143311, 252.972961426, 208.364929199, 199.340805054, 171.487243652, 207.630462646]
    },
    "mfcc_bands": {
        "mean": [1.18245225167e-07, 8.4043830384e-07, 0.000155071233166, 0.000274167890893, 3.21919178532e-05, 6.64392355247e-05, 6.99297670508e-05, 4.38572533312e-05, 6.29838614259e-05, 5.57614694117e-05, 2.53338075709e-05, 1.24424259411e-05, 8.20273999125e-06, 7.38782273402e-06, 5.07501181346e-06, 4.75665001431e-06, 5.29844555786e-06, 4.60184810436e-06, 2.68280746241e-06, 2.30751379604e-06, 2.13948374039e-06, 2.38377015194e-06, 4.64169943371e-06, 8.39183485368e-06, 6.84905444359e-06, 4.76940158478e-06, 3.88027137888e-06, 5.78305980525e-06, 5.20680259797e-06, 2.85669693767e-06, 1.19217429528e-06, 4.38824002913e-07, 3.56866820539e-07, 1.67520255445e-07, 8.37445242041e-08, 4.12129210758e-08, 3.45620740916e-08, 2.56372363339e-08, 1.30806485643e-08, 5.57547163993e-09],
        "var": [5.85289602157e-14, 6.93327947138e-12, 3.54300908612e-08, 1.47317081201e-07, 7.8778192858e-09, 1.83568502621e-08, 2.64820148033e-08, 1.12215650105e-08, 2.32515589005e-08, 2.21961329316e-08, 5.14665821072e-09, 1.44433143223e-09, 6.44379716253e-10, 7.40209615824e-10, 2.23906199137e-10, 1.64183111551e-10, 2.27410965059e-10, 2.14347220528e-10, 8.23150020368e-11, 7.28706539554e-11, 6.04374328361e-11, 5.49353548762e-11, 1.48129022937e-10, 2.79826772864e-10, 2.32483782225e-10, 2.09553346897e-10, 1.42199682585e-10, 3.88208687419e-10, 1.31207059106e-10, 4.5135045007e-11, 1.60787216874e-11, 2.84354224195e-12, 1.96928042449e-12, 4.60424396092e-13, 1.08085225882e-13, 2.6084103478e-14, 1.79178401988e-14, 8.54270166162e-15, 1.98584799253e-15, 3.57805483994e-16]
    }
}
}