{
"metadata": {
    "version": {
        "essentia": "2.1-dev"
    }
},
"lowlevel": {
    "mfcc": {
        "mean": [-820.827575684, 107.808288574, -41.2922134399, 42.4824676514, -26.1863174438, -31.496219635, -9.55189990997, -19.1058521271, -17.8898563385, -7.3319106102, -14.3163223267, -4.49387264252, -19.2013607025],
        "var": [8066.49511719, 3025.796875, 1853.4543457, 873.375, 627.631896973, 573.254394531, 307.105834961, 223.465774536, 319.274139404, 245.973937988, 176.219833374, 129.56300354, 185.904815674]
    },
    "mfcc_bands": {
        "mean": [2.16751772086e-07, 5.96982545176e-07, 6.58765056869e-05, 0.000223839451792, 7.36165457056e-05, 5.29483077116e-05, 0.000116206596431, 7.71663180785e-05, 6.75837945892e-05, 5.13888444402e-05, 3.74180635845e-05, 1.46672673509e-05, 8.03309012554e-06, 6.68359189149e-06, 6.44382544124e-06, 6.60440764477e-06, 9.90217995422e-06, 7.60924285714e-06, 4.7621711019e-06, 2.68296480499e-06, 2.61615059571e-06, 4.60230785393e-06, 6.60912246531e-06, 1.25872620629e-05, 1.01862515294e-05, 4.0271402213e-06, 2.81339657704e-06, 3.96603172703e-06, 4.65328275823e-06, 2.63826132141e-06, 1.13702878934e-06, 6.57293696804e-07, 4.64468996597e-07, 1.66452011285e-07, 1.05204762235e-07, 4.05304660944e-08, 2.725099435e-08, 2.09520401029e-08, 1.00714405704e-08, 3.97111810102e-09],
        "var": [3.56225221846e-13, 2.15811916948e-12, 7.74163844142e-09, 7.90439855791e-08, 3.72835735618e-08, 1.02830206572e-08, 4.63175808818e-08, 3.37509398207e-08, 1.97187493001e-08, 1.61099329432e-08, 8.74793304462e-09, 1.15054621386e-09, 3.39517552961e-10, 4.16112255763e-10, 3.93509863583e-10, 2.4113303021e-10, 6.13161299512e-10, 3.23637977528e-10, 1.88253565514e-10, 6.02632874158e-11, 4.72307193355e-11, 1.59560226143e-10, 2.0135905443e-10, 4.96735041988e-10, 3.66683627906e-10, 8.53488668628e-11, 4.2510790027e-11, 6.19090681497e-11, 6.18954262843e-11, 3.3157653706e-11, 1.73835269096e-11, 7.4693307095e-12, 3.72145239971e-12, 3.4872129598e-13, 1.4042339882e-13, 2.077139086e-14, 8.83064034765e-15, 4.94547428386e-15, 9.54052066129e-16, 1.40410428205e-16]
    }
}
}