{
"metadata": {
    "version": {
        "essentia": "2.1-dev"
    }
},
"lowlevel": {
    "mfcc": {
        "mean": [-823.678771973, 107.371536255, -39.138999939, 41.5605697632, -26.4625701904, -31.3773422241, -9.73380184174, -19.1547317505, -20.1588306427, -7.18932056427, -14.4582386017, -5.44126749039, -17.9441013336],
        "var": [8758.36523438, 3038.08251953, 1862.76171875, 939.152770996, 655.573791504, 562.637634277, 284.041381836, 208.435119629, 316.267181396, 261.664855957, 168.700271606, 134.636611938, 158.295959473]
    },
    "mfcc_bands": {
        "mean": [1.51878282395e-07, 6.55357723645e-07, 7.35837529646e-05, 0.000207672666875, 6.51385780657e-05, 6.50963920634e-05, 0.000109631830128, 7.80061091064e-05, 7.40796604077e-05, 4.84770389448e-05, 3.82187317882e-05, 1.30054149849e-05, 8.56213773659e-06, 7.07772187525e-06, 6.54083305562e-06, 7.20956995792e-06, 9.39350229601e-06, 7.50283334128e-06, 4.46893773187e-06, 2.39858195528e-06, 2.34755111705e-06, 4.15576914747e-06, 6.132818271e-06, 1.23750432977e-05, 1.05609396996e-05, 4.68314146929e-06, 3.25760765918e-06, 4.54441305919e-06, 5.23013250131e-06, 2.81185953099e-06, 1.04593493688e-06, 5.86876467423e-07, 4.26898878914e-07, 1.62778050594e-07, 1.09070001031e-07, 4.29734718921e-08, 2.65427573254e-08, 1.99835188397e-08, 1.07117585912e-08, 4.35648983554e-09],
        "var": [9.51061535841e-14, 3.25757064552e-12, 9.18973519504e-09, 7.39130143756e-08, 3.37772405601e-08, 1.52575214685e-08, 4.17342782555e-08, 3.48340165601e-08, 2.46674964899e-08, 1.6340633735e-08, 9.73628644374e-09, 1.0769383163e-09, 3.8607581021e-10, 3.22059684477e-10, 3.69350022789e-10, 3.19454074305e-10, 5.82581427544e-10, 3.46098150139e-10, 1.65765318139e-10, 4.40415794112e-11, 4.2771289982e-11, 1.45030307208e-10, 1.70636949015e-10, 4.4485518047e-10, 3.91391724586e-10, 2.23175256053e-10, 7.79466768908e-11, 7.7551305655e-11, 8.2878558183e-11, 4.38901033573e-11, 1.31431332831e-11, 5.93711234689e-12, 3.14677710972e-12, 3.0505321034e-13, 1.26794665804e-13, 2.31105689056e-14, 8.18556885414e-15, 3.71352076625e-15, 1.05220899691e-15, 1.83095303623e-16]
    }
}
}