{
"metadata": {
    "version": {
        "essentia": "2.1-dev"
    }
},
"lowlevel": {
    "mfcc": {
        "mean": [-822.653015137, 105.960845947, -40.7214202881, 42.6705780029, -29.2867851257, -34.1961555481, -9.60165691376, -21.5366153717, -19.0169906616, -9.18065929413, -15.7621841431, -5.40752506256, -21.1339893341],
        "var": [7804.64306641, 3245.57324219, 1825.45898438, 918.839904785, 616.25378418, 609.811645508, 291.486419678, 216.906204224, 310.800933838, 283.730926514, 172.843917847, 155.759796143, 194.521331787]
    },
    "mfcc_bands": {
        "mean": [1.00630131783e-07, 5.51318180442e-07, 8.52539524203e-05, 0.000229045574088, 8.85505724e-05, 5.43993301108e-05, 0.000105303253804, 7.35825160518e-05, 7.54916036385e-05, 5.027309453e-05, 3.93951995648e-05, 1.30461385197e-05, 6.99482188793e-06, 6.71158568366e-06, 5.55141195946e-06, 7.55518385631e-06, 9.24270625546e-06, 6.53314191368e-06, 3.9664319047e-06, 2.85407759293e-06, 2.92131198876e-06, 4.60366254629e-06, 6.70755252941e-06, 1.49850420712e-05, 1.11356193884e-05, 4.30292311648e-06, 2.9550749332e-06, 4.31724038208e-06, 5.87454360357e-06, 3.62295781997e-06, 1.30464479753e-06, 5.83871781146e-07, 3.8845686845e-07, 1.56684791364e-07, 9.79994325689e-08, 4.56967228502e-08, 3.13681773889e-08, 2.70692979143e-08, 1.24048922245e-08, 4.77950790057e-09],
        "var": [3.323715611e-14, 2.37703476694e-12, 1.34145290431e-08, 8.20173511329e-08, 5.88355035802e-08, 1.05109698723e-08, 4.75946855261e-08, 2.88504686807e-08, 2.52097169806e-08, 1.65696931731e-08, 9.84970860429e-09, 1.32900734862e-09, 3.54819201798e-10, 3.32271127279e-10, 2.37408342985e-10, 4.18217460663e-10, 5.84685466709e-10, 2.83566253811e-10, 1.28068722294e-10, 6.89851786806e-11, 6.40093394955e-11, 1.53998938601e-10, 2.29664551266e-10, 7.5698675106e-10, 4.13174244818e-10, 8.39853603329e-11, 4.59039542489e-11, 6.28696400495e-11, 1.04743325124e-10, 5.19058372672e-11, 1.4991915695e-11, 4.74970843906e-12, 1.93491121563e-12, 2.94173458379e-13, 1.01934214921e-13, 2.22885878048e-14, 1.1428647098e-14, 7.72664470925e-15, 1.54011342118e-15, 2.23190111107e-16]
    }
}
}