{
"metadata": {
    "version": {
        "essentia": "2.1-dev"
    }
},
"lowlevel": {
    "mfcc": {
        "mean": [-817.597473145, 131.903137207, -20.2690925598, 57.3140983582, -2.96232652664, -14.7136058807, -7.46842193604, -8.21602916718, -12.0309104919, 2.07844138145, -3.06870222092, -3.78499245644, 6.27925348282],
        "var": [8488.74511719, 4156.87158203, 1412.10546875, 994.536010742, 737.642578125, 431.187072754, 329.723480225, 299.344848633, 171.484710693, 196.464080811, 141.887176514, 169.076675415, 171.331375122]
    },
    "mfcc_bands": {
        "mean": [8.28257270769e-06, 0.000109072083433, 7.66256925999e-05, 0.000150342952111, 5.07153272338e-05, 4.9610305723e-05, 8.32620862639e-05, 9.23663319554e-05, 6.81839810568e-05, 3.10605173581e-05, 1.2178355064e-05, 5.74586556468e-06, 6.87127112542e-06, 8.19816159492e-06, 8.25370170787e-06, 7.30921010472e-06, 6.08183836448e-06, 3.43039141626e-06, 3.7295965285e-06, 5.21034871781e-06, 6.34434809399e-06, 7.1645731623e-06, 3.80182814297e-06, 2.18880677494e-06, 4.31802482126e-06, 9.69053689914e-06, 8.0654026533e-06, 3.03067463392e-06, 2.0511765797e-06, 1.62277785876e-06, 8.06276545973e-07, 6.27738813819e-07, 3.45135759972e-07, 2.0394816147e-07, 9.46162330706e-08, 3.79489719649e-08, 1.93515461433e-08, 1.78375803017e-08, 9.09722253084e-09, 2.94846702609e-09],
        "var": [8.42700284553e-11, 8.97420271428e-09, 7.71993224902e-09, 3.9913228278e-08, 7.06093494784e-09, 6.46709530372e-09, 2.2333443539e-08, 2.84693424391e-08, 1.95429521455e-08, 5.83626302841e-09, 1.2811858241e-09, 2.14793974274e-10, 2.90336282793e-10, 4.00509930776e-10, 5.03454833378e-10, 4.49568521299e-10, 3.77938902396e-10, 1.08093443918e-10, 1.1980540171e-10, 1.6513829193e-10, 1.48944037659e-10, 1.73249040114e-10, 7.49686562829e-11, 2.41931231992e-11, 7.94069740517e-11, 3.24424404008e-10, 2.17471401998e-10, 3.88042618871e-11, 3.83558115824e-11, 2.9136287133e-11, 7.25944868454e-12, 4.51577664151e-12, 1.40916802966e-12, 5.17330102368e-13, 1.21289968086e-13, 2.55773761817e-14, 5.82437218707e-15, 5.67215062557e-15, 1.1792335517e-15, 8.00689458604e-17]
    }
}
}