{
"metadata": {
    "version": {
        "essentia": "2.1-dev"
    }
},
"lowlevel": {
    "mfcc": {
        "mean": [-844.222900391, 136.104003906, -25.0761508942, 48.1286659241, -2.25081586838, -22.5193557739, -2.10981345177, -19.0513439178, -14.2767658234, 0.45233759284, -8.94765949249, -5.42355203629, 0.926240801811],
        "var": [8995.89648438, 5259.96728516, 1660.24572754, 1215.26074219, 561.40838623, 538.579833984, 409.188964844, 346.398101807, 261.945800781, 244.674697876, 150.317825317, 124.726379395, 129.760299683]
    },
    "mfcc_bands": {
        "mean": [5.12305996381e-06, 5.64494876016e-05, 6.06543690083e-05, 9.99475305434e-05, 8.62323577167e-05, 7.96146487119e-05, 0.000101240475487, 6.37277626083e-05, 5.17696134921e-05, 2.88703540718e-05, 1.38256373248e-05, 6.94207756169e-06, 6.14865257376e-06, 9.40433073993e-06, 9.54197912506e-06, 6.69120936436e-06, 4.22375751441e-06, 5.30878878635e-06, 3.95916231355e-06, 3.37954088536e-06, 3.68881637769e-06, 3.36767743647e-06, 3.00443434753e-06, 2.44123793891e-06, 2.93155358122e-06, 5.56536133445e-06, 7.80443588155e-06, 3.76232469534e-06, 2.00565386876e-06, 1.34054243972e-06, 3.5016290667e-07, 2.58374655004e-07, 1.49827727114e-07, 7.62789156283e-08, 4.91858962448e-08, 2.68679283266e-08, 2.29056187351e-08, 1.86282154147e-08, 9.35975563721e-09, 3.04110425731e-09],
        "var": [1.45183157163e-10, 3.91512644526e-09, 6.0656391021e-09, 1.89004403239e-08, 1.92493914142e-08, 1.46241116994e-08, 3.21897388744e-08, 1.46491796471e-08, 1.40621958522e-08, 6.4276020062e-09, 1.8518809819e-09, 4.08941019936e-10, 3.66893682102e-10, 8.15370326812e-10, 8.94197438317e-10, 3.44582640199e-10, 1.46133188883e-10, 3.11075304404e-10, 1.69991160037e-10, 1.16697082553e-10, 1.20843210438e-10, 5.11903471001e-11, 5.17184593762e-11, 5.79105895182e-11, 9.45794692564e-11, 1.48341144923e-10, 3.09209574612e-10, 1.25865512457e-10, 5.41497853501e-11, 2.96024524338e-11, 2.21067413507e-12, 1.66938218891e-12, 5.57591570572e-13, 1.41066791495e-13, 5.81796980384e-14, 1.71454088313e-14, 1.30600867645e-14, 6.99842507351e-15, 1.69299439783e-15, 2.16212306627e-16]
    }
}
}