{
"metadata": {
    "version": {
        "essentia": "2.1-dev"
    }
},
"lowlevel": {
    "mfcc": {
        "mean": [-868.33984375, 114.810119629, -25.6356697083, 33.8919792175, -29.3132724762, -22.8346843719, -4.59292411804, -23.4179344177, -7.24966955185, -12.7597532272, -11.5348205566, -6.00404453278, -22.4302177429],
        "var": [8750.80273438, 3746.10693359, 2183.64355469, 1017.67816162, 788.693115234, 585.357910156, 426.444702148, 281.490325928, 255.152603149, 226.55456543, 132.974304199, 141.60144043, 257.815917969]
    },
    "mfcc_bands": {
        "mean": [2.31503364034e-07, 3.75590070689e-06, 7.78970788815e-05, 0.000114510294225, 5.4204967455e-05, 3.52170645783e-05, 3.51009875885e-05, 5.30669240106e-05, 6.07088804827e-05, 4.94831547257e-05, 2.87358252535e-05, 1.61594471138e-05, 9.64215632848e-06, 6.53445476928e-06, 5.60296030017e-06, 4.56220368505e-06, 3.7221684579e-06, 3.28668215843e-06, 2.24802511184e-06, 1.40441750318e-06, 1.19646142593e-06, 1.41084751704e-06, 2.13114458347e-06, 3.71179407921e-06, 2.88323417408e-06, 1.37135657496e-06, 1.33722619466e-06, 1.69267207184e-06, 2.17296224037e-06, 1.66020095094e-06, 1.13701162263e-06, 3.3947560496e-07, 2.34945801481e-07, 7.89864458284e-08, 2.96935560584e-08, 2.39214337228e-08, 2.04982182339e-08, 1.53725743246e-08, 8.59947935083e-09, 1.68716662863e-09],
        "var": [1.521046635e-12, 2.0156588898e-10, 1.12868221436e-08, 2.98959399458e-08, 1.80237460512e-08, 4.35143920896e-09, 7.01392410818e-09, 1.39304177083e-08, 1.780833081e-08, 1.48536924982e-08, 6.1961271669e-09, 2.37266983838e-09, 8.12552247709e-10, 3.24078819336e-10, 2.56651255803e-10, 1.6202565678e-10, 1.03916805716e-10, 8.07939409819e-11, 5.81277803668e-11, 1.78073267937e-11, 1.51365794898e-11, 2.57976470047e-11, 5.49697266872e-11, 7.50133982708e-11, 3.72900425816e-11, 1.35547476021e-11, 1.82431118823e-11, 2.05610060228e-11, 2.90517419149e-11, 1.49548793488e-11, 8.93808638214e-12, 1.34366812381e-12, 8.83869962897e-13, 1.15052065097e-13, 2.3894001537e-14, 1.01438912405e-14, 6.40613728514e-15, 3.04135925327e-15, 9.54406655297e-16, 4.63382443249e-17]
    }
}
}