{
"metadata": {
    "version": {
        "essentia": "2.1-dev"
    }
},
"lowlevel": {
    "mfcc": {
        "mean": [-897.226806641, 110.647895813, 3.26048517227, 63.8056945801, -5.69812393188, -21.3303279877, -13.8869924545, -13.1917448044, -16.2572994232, -7.78945302963, -0.623596549034, -8.98819351196, -13.2477359772],
        "var": [12490.90625, 4744.47314453, 1909.96618652, 1081.37304688, 708.744689941, 602.337219238, 503.162841797, 251.495361328, 295.084411621, 313.557220459, 158.345718384, 174.57673645, 227.638137817]
    },
    "mfcc_bands": {
        "mean": [3.42221528626e-06, 3.14095559588e-05, 0.0003234812757, 0.000183490192285, 0.00011286354129, 9.22021426959e-05, 6.76153649692e-05, 7.43947312003e-05, 4.28964194725e-05, 2.46568961302e-05, 1.00162324088e-05, 2.26936072067e-06, 1.19248204555e-06, 1.12543750674e-06, 1.18994444165e-06, 2.22952508011e-06, 2.5693589123e-06, 2.26639235734e-06, 1.54837618993e-06, 1.36103005843e-06, 1.65460232893e-06, 2.07715720535e-06, 3.74975888917e-06, 5.03084629599e-06, 4.41616111857e-06, 3.43308443007e-06, 3.5187085814e-06, 3.08159064843e-06, 2.34768072005e-06, 1.59088006058e-06, 1.20548850191e-06, 4.50066437452e-07, 3.88355516634e-07, 1.64363584076e-07, 7.34471115038e-08, 2.54222829454e-08, 1.17000791278e-08, 9.12638586925e-09, 4.46219861061e-09, 1.32704525146e-09],
        "var": [1.68973557368e-10, 4.12066825106e-09, 1.53895001631e-07, 1.1534496025e-07, 8.1346627212e-08, 2.72427342907e-08, 3.53034153022e-08, 3.58630032338e-08, 1.61171804791e-08, 7.07129244049e-09, 2.93385848948e-09, 1.32914276807e-10, 3.50139257865e-11, 7.19415291228e-11, 8.82424064375e-11, 2.01270930478e-10, 1.64582583673e-10, 1.36884600876e-10, 5.17410558842e-11, 6.87007672973e-11, 5.18367744562e-11, 7.37809952023e-11, 2.55570231644e-10, 2.93943092089e-10, 3.43884642984e-10, 2.4948695887e-10, 2.61906801802e-10, 2.30715141436e-10, 1.25782523286e-10, 4.79955623855e-11, 4.09764860931e-11, 5.18230337115e-12, 5.61692402659e-12, 6.49759651465e-13, 1.26621003721e-13, 2.05467814393e-14, 4.39021623485e-15, 3.41643052451e-15, 8.28551958895e-16, 6.27209037724e-17]
    }
}
}