{
"metadata": {
    "version": {
        "essentia": "2.1-dev"
    }
},
"lowlevel": {
    "mfcc": {
        "mean": [-786.325073242, 141.875961304, -36.1591072083, 69.6522369385, -0.159823492169, -11.589099884, 1.85517418385, -15.4013910294, -9.09563159943, -0.139986470342, -13.8317871094, -11.5425548553, -3.81455993652],
        "var": [7867.79003906, 3708.40771484, 1014.13842773, 723.207519531, 459.953552246, 313.000274658, 274.725128174, 205.613021851, 181.589065552, 204.832183838, 168.026550293, 99.9402236938, 94.503326416]
    },
    "mfcc_bands": {
        "mean": [2.01743732759e-05, 0.000183801530511, 0.000407206855016, 0.000809767341707, 0.000441814365331, 0.000229752782616, 0.000127038845676, 7.55777582526e-05, 6.14864766249e-05, 4.57006863144e-05, 2.31776848523e-05, 1.26589384308e-05, 9.14168595045e-06, 6.77408115735e-06, 6.07217089055e-06, 9.23215156945e-06, 1.06297266029e-05, 8.67721973918e-06, 6.7078367465e-06, 7.55368637329e-06, 9.91179513221e-06, 1.13938385766e-05, 7.96430595074e-06, 1.02945523395e-05, 1.17086519822e-05, 2.08012424991e-05, 1.97530298465e-05, 1.05090375655e-05, 4.57889564132e-06, 2.17276306103e-06, 1.16519572657e-06, 3.42789633123e-07, 1.40672042903e-07, 7.74230954903e-08, 3.05771621356e-08, 1.21858132474e-08, 8.96795881999e-09, 6.14403194987e-09, 3.61912189106e-09, 2.89847568169e-09],
        "var": [6.29644447692e-10, 4.77592116965e-08, 2.69331820846e-07, 1.24628058984e-06, 4.42854400262e-07, 2.26044804208e-07, 7.58970557513e-08, 2.95997857336e-08, 2.44695339546e-08, 1.5816507215e-08, 3.77129127926e-09, 1.3695971024e-09, 8.47130476878e-10, 3.80870612826e-10, 2.54476745232e-10, 5.2144638607e-10, 7.26268212237e-10, 4.00073141282e-10, 2.31824337504e-10, 2.53207177447e-10, 3.75977832201e-10, 5.62972668483e-10, 8.69924854374e-10, 5.28194110672e-09, 2.22626939106e-09, 4.13391898491e-09, 3.07652325837e-09, 1.74397740693e-09, 3.43943346026e-10, 8.04361924289e-11, 3.0760480968e-11, 2.23368892827e-12, 3.21385442131e-13, 1.02693915383e-13, 9.49310227459e-15, 1.24816805756e-15, 7.16663459364e-16, 3.20897637974e-16, 1.15591489348e-16, 9.0004126171e-17]
    }
}
}