{
"metadata": {
    "version": {
        "essentia": "2.1-dev"
    }
},
"lowlevel": {
    "mfcc": {
        "mean": [-786.901428223, 136.628189087, -51.6821403503, 56.780090332, -11.6450214386, -34.8140716553, -10.7661542892, -16.6642913818, -20.3351459503, -7.23146915436, -9.19794178009, 0.333984702826, -3.46778035164],
        "var": [6200.21630859, 3903.59130859, 1529.89404297, 960.210571289, 551.305480957, 631.683654785, 431.843933105, 340.318511963, 262.968383789, 225.022460938, 208.074874878, 142.153442383, 140.641647339]
    },
    "mfcc_bands": {
        "mean": [1.87032298982e-06, 5.34532446181e-05, 8.87027636054e-05, 0.000115191716759, 0.000148642575368, 0.000168995844433, 0.000206933080335, 0.000162296957569, 0.000112634057587, 4.06059734814e-05, 1.77771089511e-05, 1.00676725197e-05, 1.01481919046e-05, 1.39566645885e-05, 1.58690963872e-05, 1.32663699333e-05, 1.07187634057e-05, 9.23575407796e-06, 8.5221226982e-06, 8.57646409713e-06, 1.18238331197e-05, 2.12666891457e-05, 2.87517923425e-05, 2.04650732485e-05, 1.12296556836e-05, 1.22024566735e-05, 1.38939421959e-05, 1.2518319636e-05, 5.67230699744e-06, 2.09440395338e-06, 1.09108100332e-06, 5.20941284776e-07, 4.54421609675e-07, 2.55087144296e-07, 9.45375759898e-08, 4.36917524382e-08, 2.33701111796e-08, 1.12237907857e-08, 6.2391771749e-09, 1.51281576155e-09],
        "var": [3.06143756179e-11, 4.68316274649e-09, 1.22054686358e-08, 2.63745292273e-08, 4.06032611977e-08, 9.02290295812e-08, 1.03103950266e-07, 7.21734210174e-08, 5.5478185601e-08, 1.09641895563e-08, 2.75519695947e-09, 7.0901562399e-10, 7.27410964796e-10, 1.37071476392e-09, 1.60758051315e-09, 1.20368315315e-09, 7.36161798187e-10, 6.89554857658e-10, 5.12225373228e-10, 5.57082491248e-10, 8.64351479279e-10, 1.49116052839e-09, 2.03646211006e-09, 1.58751767287e-09, 9.74663461051e-10, 9.00419017125e-10, 1.07987041531e-09, 1.3291346912e-09, 3.96747690257e-10, 1.09696848827e-10, 3.15369466652e-11, 7.02283587187e-12, 5.61495034496e-12, 2.11614211397e-12, 1.91229600514e-13, 4.7697251964e-14, 1.59052543407e-14, 3.19523930528e-15, 6.26748582673e-16, 4.10514253189e-17]
    }
}
}