{
"metadata": {
    "version": {
        "essentia": "2.1-dev"
    }
},
"lowlevel": {
    "mfcc": {
        "mean": [-830.917541504, 111.350830078, -41.0069313049, 49.2034072876, -22.1530723572, -25.9553432465, -16.7921390533, -19.3385009766, -13.0924720764, -12.333065033, -10.1740341187, -8.67941665649, -7.39327955246],
        "var": [10575.6318359, 4105.39941406, 2235.41870117, 1219.72619629, 979.719238281, 664.040344238, 379.1512146, 354.046875, 234.689971924, 364.421264648, 201.552627563, 175.678833008, 266.622680664]
    },
    "mfcc_bands": {
        "mean": [3.76145840164e-06, 2.5486042432e-05, 8.42548106448e-05, 0.000146875914652, 0.000113442343718, 0.000114484391815, 0.000109739761683, 8.73739118106e-05, 7.29667954147e-05, 3.86832543882e-05, 2.97377700917e-05, 1.31521574076e-05, 8.20104742161e-06, 7.2003385867e-06, 6.28344878351e-06, 6.16584929958e-06, 5.87088015891e-06, 6.368034974e-06, 6.17366094957e-06, 5.41496774531e-06, 7.0235032581e-06, 8.17703585199e-06, 7.88492616266e-06, 8.19438173494e-06, 8.83113716554e-06, 8.73395219969e-06, 7.59008207751e-06, 4.89432113682e-06, 4.72321880807e-06, 2.90457842311e-06, 1.34005324526e-06, 8.1027582155e-07, 4.67595441478e-07, 2.42829599983e-07, 5.88863464657e-08, 2.30821211034e-08, 1.86157542714e-08, 1.04214681329e-08, 6.77727340914e-09, 1.46059442319e-09],
        "var": [7.40527361653e-11, 3.13740544655e-09, 1.494303703e-08, 5.8587417584e-08, 6.49627267535e-08, 4.62990747963e-08, 5.94633249307e-08, 3.56487390718e-08, 2.80305645362e-08, 1.11436619932e-08, 1.00064267983e-08, 2.25654761543e-09, 8.90961970867e-10, 6.7758892941e-10, 3.58726826022e-10, 3.95858762436e-10, 4.00345701035e-10, 4.01462862953e-10, 3.66606633939e-10, 2.46881320942e-10, 3.30477395449e-10, 4.00825123092e-10, 5.70679226097e-10, 6.03521344011e-10, 4.97777208341e-10, 4.79310535706e-10, 4.4015477374e-10, 1.70492300833e-10, 1.84845111439e-10, 9.59929219446e-11, 2.66195641918e-11, 9.67297075771e-12, 2.67722497817e-12, 7.39611388627e-13, 4.81438653321e-14, 7.88547101016e-15, 6.95425484641e-15, 1.50493508409e-15, 6.42644055901e-16, 2.46094487497e-17]
    }
}
}