{
"metadata": {
    "version": {
        "essentia": "2.1-dev"
    }
},
"lowlevel": {
    "mfcc": {
        "mean": [-785.675720215, 143.561141968, -32.8531074524, 67.7572097778, -3.52984666824, -12.2789363861, 2.56288051605, -13.8700170517, -9.42396831512, -2.95372581482, -13.4350061417, -11.1462783813, -3.69270515442],
        "var": [8954.171875, 3906.87744141, 1157.12487793, 751.930114746, 495.947143555, 330.454406738, 275.62121582, 205.748138428, 170.063140869, 220.715133667, 155.104309082, 100.982467651, 92.890586853]
    },
    "mfcc_bands": {
        "mean": [2.49091735895e-05, 0.000218804983888, 0.000533406622708, 0.000985442078672, 0.000639885838609, 0.000279986445094, 0.000165070829098, 9.03102336451e-05, 9.44068378885e-05, 6.87970459694e-05, 3.09892129735e-05, 1.68735714396e-05, 1.32700924951e-05, 1.03083066278e-05, 8.87770966074e-06, 1.10294413389e-05, 1.12433890536e-05, 7.87742010289e-06, 5.76242246098e-06, 8.09816538094e-06, 1.00380202639e-05, 1.06574998426e-05, 1.29716054289e-05, 1.18218758871e-05, 1.33612438731e-05, 2.48568630923e-05, 2.31870853895e-05, 1.21090552057e-05, 6.0946058511e-06, 2.74991407423e-06, 1.44315743e-06, 5.31937587311e-07, 1.70932679566e-07, 8.35001046084e-08, 3.33232961225e-08, 1.51537111748e-08, 1.16665210825e-08, 8.93579166217e-09, 4.80652273538e-09, 3.63244612167e-09],
        "var": [1.03047614886e-09, 7.20199935245e-08, 4.51489739817e-07, 1.79137236955e-06, 9.83871018434e-07, 2.98784442521e-07, 1.34847965683e-07, 4.38665814784e-08, 7.34673051284e-08, 4.16255723223e-08, 6.09305983446e-09, 2.23148099998e-09, 1.4365685308e-09, 1.33131894398e-09, 8.59240900652e-10, 8.34186164589e-10, 8.11084921448e-10, 4.65596200483e-10, 2.27001861752e-10, 4.03151123596e-10, 5.17245857257e-10, 6.98821778222e-10, 8.56101678437e-09, 5.64604407671e-09, 4.87112838954e-09, 1.81900876584e-08, 6.56586118808e-09, 1.46844192361e-09, 7.40312311454e-10, 1.97965435711e-10, 5.0749873054e-11, 1.13141839647e-11, 3.48841994787e-13, 1.15178117152e-13, 1.72285383388e-14, 3.24623492387e-15, 2.26000841712e-15, 1.28928113099e-15, 3.27859931163e-16, 2.15456964996e-16]
    }
}
}