{
"metadata": {
    "version": {
        "essentia": "2.1-dev"
    }
},
"lowlevel": {
    "mfcc": {
        "mean": [-851.5546875, 141.969451904, -24.9312076569, 61.0458145142, 0.602577567101, -21.6848144531, 2.87613797188, -3.52446961403, -4.06888437271, -7.63602924347, -5.41902112961, 0.380140662193, -0.202264800668],
        "var": [7348.09130859, 4034.51391602, 1644.44250488, 1002.24755859, 719.347473145, 534.500488281, 249.26272583, 282.202514648, 189.604446411, 214.049499512, 213.493606567, 162.229675293, 107.101051331]
    },
    "mfcc_bands": {
        "mean": [8.46796046972e-06, 0.000110609158583, 6.29662608844e-05, 6.35431570117e-05, 3.67282664229e-05, 4.61690906377e-05, 4.69890328532e-05, 3.77975848096e-05, 3.12718366331e-05, 1.83587926585e-05, 8.92221578397e-06, 6.19753654973e-06, 6.17136674919e-06, 5.8432960941e-06, 4.68876032755e-06, 3.49514380105e-06, 2.48696278504e-06, 1.55344116592e-06, 1.80694837582e-06, 2.40087251768e-06, 3.78667596124e-06, 5.42245106772e-06, 3.48275784745e-06, 2.73097793979e-06, 3.74635442313e-06, 3.97757867177e-06, 2.52945710599e-06, 1.62115327385e-06, 1.74479441739e-06, 1.31685931137e-06, 4.15015279032e-07, 1.53813488168e-07, 6.727108115e-08, 2.06608916642e-08, 5.8048112983e-09, 1.99071092943e-09, 1.28756849627e-09, 8.70063798786e-10, 4.5524561898e-10, 7.67183747086e-11],
        "var": [1.01172972777e-10, 9.6641317171e-09, 5.56896484483e-09, 5.72505554075e-09, 2.88563017925e-09, 8.24036838765e-09, 6.23383389353e-09, 4.86679097023e-09, 5.31473087761e-09, 2.76986433789e-09, 6.13594119958e-10, 2.63525617994e-10, 3.18522180853e-10, 2.85029777558e-10, 1.69152677976e-10, 7.93090385032e-11, 5.57324741912e-11, 2.01334764832e-11, 3.33619971926e-11, 4.84882967111e-11, 6.5166330665e-11, 1.03011807417e-10, 4.55393812937e-11, 3.17288244289e-11, 8.86626536079e-11, 8.3957951702e-11, 3.04109827598e-11, 2.72417609304e-11, 5.45443724909e-11, 3.20161258616e-11, 2.7825920821e-12, 3.93187544155e-13, 8.28542760117e-14, 7.62172104401e-15, 4.77652890385e-16, 5.27622116801e-17, 1.93455972406e-17, 9.33518485328e-18, 2.38407762762e-18, 6.71503217943e-20]
    }
}
}