{
"metadata": {
    "version": {
        "essentia": "2.1-dev"
    }
},
"lowlevel": {
    "mfcc": {
        "mean": [-813.357543945, 113.677757263, -43.1645965576, 52.5672073364, -17.9896240234, -28.1403865814, -17.8818454742, -18.9132118225, -13.8200893402, -11.3371753693, -7.53441286087, -4.92696619034, -6.44701862335],
        "var": [8220.390625, 4033.1237793, 1544.71057129, 999.592956543, 689.297485352, 535.366821289, 449.723449707, 339.925628662, 265.032623291, 278.368682861, 208.180908203, 138.689910889, 167.95300293]
    },
    "mfcc_bands": {
        "mean": [9.50236483277e-07, 1.75927489181e-05, 9.2984206276e-05, 0.000140244403156, 8.62440501805e-05, 0.000128917396069, 0.000167122198036, 0.000126328857732, 8.416808123e-05, 3.73329930881e-05, 1.76901667146e-05, 7.39906499803e-06, 6.38254414298e-06, 6.53172128295e-06, 6.82937570673e-06, 7.47845479054e-06, 8.27430540085e-06, 7.70801034378e-06, 7.36234187571e-06, 6.89596981829e-06, 9.75080911303e-06, 1.32065188154e-05, 1.31154238261e-05, 9.89542513707e-06, 8.68170172907e-06, 1.13275700642e-05, 1.06506313386e-05, 1.00338393167e-05, 7.51030302126e-06, 3.98788824896e-06, 1.40231452406e-06, 7.67564017679e-07, 5.21791889696e-07, 2.09109984439e-07, 6.22055438271e-08, 2.17912603517e-08, 1.4798609449e-08, 1.1021853652e-08, 7.69617081176e-09, 3.66706554011e-09],
        "var": [5.84660271585e-12, 9.84756054478e-10, 3.29145706246e-08, 7.10794836323e-08, 3.68689576646e-08, 8.42002449986e-08, 1.17571801184e-07, 7.57673106477e-08, 4.81242494743e-08, 1.11175024742e-08, 4.11055101068e-09, 6.64717003662e-10, 5.18609211131e-10, 4.2374057041e-10, 4.14151435368e-10, 3.95314420087e-10, 5.75865022334e-10, 6.39183650453e-10, 5.56906132321e-10, 3.59140550632e-10, 5.93473659105e-10, 8.36211488942e-10, 8.26031354428e-10, 7.27194970906e-10, 6.90519308399e-10, 9.0258239771e-10, 7.25124182921e-10, 1.14954112895e-09, 7.17785886284e-10, 2.35220565248e-10, 2.83785096117e-11, 9.80027690944e-12, 4.73575215501e-12, 9.55674124906e-13, 6.14242069209e-14, 6.80606389118e-15, 4.27151684927e-15, 2.0271535542e-15, 8.6440707531e-16, 1.96422096499e-16]
    }
}
}