{
"metadata": {
    "version": {
        "essentia": "2.1-dev"
    }
},
"lowlevel": {
    "mfcc": {
        "mean": [-841.961853027, 135.128723145, -52.3814849854, 44.1128082275, -5.09176778793, -34.5844955444, -24.5299530029, -24.5138702393, -13.3395442963, -6.01491308212, -1.65965032578, -5.287504673, -2.31180381775],
        "var": [8255.86132812, 2350.71850586, 1554.42211914, 1279.44360352, 660.446899414, 466.51776123, 438.589660645, 226.376785278, 173.300170898, 199.8309021, 145.259994507, 133.176071167, 118.455718994]
    },
    "mfcc_bands": {
        "mean": [1.0002977433e-06, 2.82146684185e-05, 7.23268021829e-05, 6.4943342295e-05, 9.61505647865e-05, 0.000137762253871, 0.000141390701174, 0.00014776889293, 7.45271099731e-05, 2.65673861577e-05, 8.71805696079e-06, 4.31192074757e-06, 3.85534485758e-06, 4.15317936131e-06, 5.71782857151e-06, 8.28921474749e-06, 8.68391634867e-06, 9.33362480282e-06, 9.44817111304e-06, 8.66709706315e-06, 1.09255724965e-05, 1.29125937747e-05, 9.8122345662e-06, 8.19905289973e-06, 8.07893502497e-06, 7.32896342015e-06, 3.76913158107e-06, 1.48909600739e-06, 8.00039515525e-07, 4.02961575219e-07, 2.59875235997e-07, 1.41786188124e-07, 6.00789817895e-08, 1.91076985345e-08, 3.37947758666e-09, 1.64637758981e-09, 8.50114312279e-10, 4.32479690948e-10, 2.17564091742e-10, 3.26613909529e-11],
        "var": [3.65775552208e-12, 2.63371524589e-09, 2.25146798982e-08, 1.66226268306e-08, 3.87455720841e-08, 4.92753855497e-08, 5.77570098415e-08, 8.45671763727e-08, 3.0472879331e-08, 6.99289737227e-09, 8.84193440687e-10, 1.59154356361e-10, 1.90651772147e-10, 1.89205526246e-10, 2.84788248539e-10, 7.5120143439e-10, 8.22298618086e-10, 9.40318711784e-10, 9.97503413203e-10, 1.26665611333e-09, 8.70174821088e-10, 1.11824105531e-09, 1.60916557856e-09, 1.59834490088e-09, 7.5369338548e-10, 5.42525635527e-10, 1.65604349678e-10, 2.67446533669e-11, 1.47746537227e-11, 4.58902664133e-12, 1.55282384173e-12, 2.65586570748e-13, 5.46336183216e-14, 6.85597869573e-15, 1.31689310805e-16, 2.51550703166e-17, 1.08876911937e-17, 2.90949448091e-18, 5.31320441319e-19, 1.14475164792e-20]
    }
}
}