{
"metadata": {
    "version": {
        "essentia": "2.1-dev"
    }
},
"lowlevel": {
    "mfcc": {
        "mean": [-854.116455078, 144.954498291, -44.9736938477, 33.0787734985, -0.0150579782203, -35.6567192078, -23.9204368591, -19.4844436646, -9.69163990021, -0.693516910076, -3.82965898514, -4.27677631378, -1.2793211937],
        "var": [8975.43457031, 2397.14526367, 1374.9942627, 1352.22314453, 680.63104248, 562.750488281, 596.778076172, 224.26625061, 195.459472656, 185.629425049, 131.887680054, 137.329986572, 110.590499878]
    },
    "mfcc_bands": {
        "mean": [2.00847784981e-06, 3.92876427213e-05, 7.50578255975e-05, 5.21204055985e-05, 7.23734337953e-05, 0.000100042161648, 0.000133844907396, 0.00016572891036, 0.000119403724966, 4.8426201829e-05, 1.71210103872e-05, 7.79736092227e-06, 4.54049404652e-06, 3.73093371309e-06, 5.30059605808e-06, 5.37312371307e-06, 4.83580288346e-06, 6.8587091846e-06, 8.69475115906e-06, 7.3904770943e-06, 9.02285228221e-06, 1.08420417746e-05, 5.15049032401e-06, 2.13837756746e-06, 3.41630811818e-06, 5.7587790252e-06, 3.24681741404e-06, 8.42466079121e-07, 3.60509432085e-07, 1.8502214516e-07, 9.32588903879e-08, 5.92614100015e-08, 3.62160719192e-08, 1.29151338513e-08, 2.93731328149e-09, 1.82200199372e-09, 1.363880342e-09, 6.69675648268e-10, 2.70135191993e-10, 5.11384684598e-11],
        "var": [1.87646981287e-11, 4.05612832211e-09, 1.81932087173e-08, 6.92659352097e-09, 1.59418007684e-08, 2.78797944731e-08, 5.63718813851e-08, 1.13395586254e-07, 7.12071681619e-08, 2.17485887077e-08, 6.23929041765e-09, 2.25977059287e-09, 3.23690879656e-10, 1.54689344667e-10, 2.92403240509e-10, 1.93300569995e-10, 1.3045310665e-10, 4.46781500685e-10, 8.7399093518e-10, 4.32365726555e-10, 5.86177439921e-10, 4.81764073079e-10, 1.44331144258e-10, 3.03518286893e-11, 1.19613555172e-10, 6.36911690055e-10, 1.61302665669e-10, 1.17089081486e-11, 2.47607815328e-12, 1.07825456463e-12, 3.37804708251e-13, 1.2547738727e-13, 4.06139118376e-14, 6.33680382676e-15, 3.15653683467e-16, 9.59417874266e-17, 9.42706642136e-17, 1.65796855976e-17, 1.1567076551e-18, 8.66838882293e-20]
    }
}
}