{
"metadata": {
    "version": {
        "essentia": "2.1-dev"
    }
},
"lowlevel": {
    "mfcc": {
        "mean": [-829.117431641, 144.575714111, -35.3341903687, 60.6930656433, -0.868329048157, -25.1755504608, -11.4927568436, -19.1346111298, -12.8557939529, -4.20498275757, -3.68703556061, -4.93153810501, 0.345829904079],
        "var": [7148.99365234, 3179.57299805, 1086.18322754, 826.313964844, 677.894897461, 407.598449707, 388.664764404, 238.381515503, 186.053604126, 184.091262817, 173.971664429, 145.828308105, 127.896224976]
    },
    "mfcc_bands": {
        "mean": [4.25619964517e-06, 7.15256901458e-05, 9.38850644161e-05, 0.000110028755444, 0.000120066906675, 0.000127865336253, 0.000125643855426, 0.000113009256893, 6.80797311361e-05, 2.46038089244e-05, 6.68665143166e-06, 4.2451911213e-06, 4.17036835643e-06, 5.08856010129e-06, 5.5855489336e-06, 5.58122656003e-06, 5.03457158629e-06, 5.8523255575e-06, 5.97313646722e-06, 4.60103092337e-06, 6.570723599e-06, 1.05768267531e-05, 5.97438429395e-06, 3.63406957149e-06, 5.85030056754e-06, 8.52095945447e-06, 6.85183204041e-06, 2.99697467199e-06, 1.54998588187e-06, 7.77662648943e-07, 4.71568540661e-07, 2.29085671322e-07, 1.1830388047e-07, 3.48368480729e-08, 7.19042692054e-09, 3.09576964064e-09, 1.93487181832e-09, 1.25957499986e-09, 5.33880217812e-10, 9.01474450643e-11],
        "var": [4.5821440392e-11, 8.03302757646e-09, 2.4247256647e-08, 2.29221015502e-08, 2.92787856182e-08, 4.01569195674e-08, 4.94546483765e-08, 5.06856565607e-08, 2.56999026504e-08, 5.36760902392e-09, 3.66424723897e-10, 1.45730788548e-10, 1.58785831705e-10, 2.33371683089e-10, 2.63562976999e-10, 3.16323661709e-10, 2.0031122594e-10, 2.70824612736e-10, 2.89161139477e-10, 1.65693306298e-10, 2.35758940148e-10, 4.21369106274e-10, 1.58884586043e-10, 1.57998683581e-10, 6.05505312556e-10, 6.56459775428e-10, 4.03777511426e-10, 1.70332831173e-10, 6.63534019396e-11, 1.5072032164e-11, 8.92309663658e-12, 1.56913696446e-12, 4.00831548942e-13, 2.24940288699e-14, 9.60782272291e-16, 2.305362161e-16, 5.4156454381e-17, 3.10503584182e-17, 4.96769934314e-18, 1.45161615504e-19]
    }
}
}