{
"metadata": {
    "version": {
        "essentia": "2.1-dev"
    }
},
"lowlevel": {
    "mfcc": {
        "mean": [-814.18145752, 129.900268555, -53.8084182739, 52.1074523926, -21.951341629, -36.2179527283, -12.952208519, -26.5365467072, -13.7334299088, -8.06817150116, -12.8977231979, -3.62972736359, -8.38611030579],
        "var": [7692.35449219, 2529.98510742, 1390.38146973, 776.769714355, 605.249938965, 518.364135742, 393.636932373, 296.825531006, 193.980178833, 175.755630493, 177.649032593, 143.832901001, 130.411376953]
    },
    "mfcc_bands": {
        "mean": [1.02586056983e-06, 1.54402241606e-05, 8.13050646684e-05, 0.000151585190906, 0.000108740823634, 0.000120993048768, 0.000177107896889, 0.000162680269568, 0.000100627403299, 5.59134350624e-05, 2.68291678367e-05, 1.15749589895e-05, 8.14595478005e-06, 7.23109269529e-06, 7.06033915776e-06, 7.37218715585e-06, 6.21315166427e-06, 6.53055167277e-06, 7.28863142285e-06, 7.06799255568e-06, 8.61728494783e-06, 1.02064432213e-05, 1.01508976513e-05, 9.65859544522e-06, 7.87269891589e-06, 7.58251371735e-06, 6.42747772872e-06, 6.55745134281e-06, 4.7580770115e-06, 1.18324430787e-06, 6.67233962304e-07, 2.75913151881e-07, 1.10930173491e-07, 4.36473293064e-08, 1.7764673288e-08, 6.58983045909e-09, 4.56138371518e-09, 3.33224048354e-09, 1.79849546367e-09, 5.78735059875e-10],
        "var": [2.49810692965e-11, 1.00955732663e-09, 1.46227367992e-08, 5.67189566425e-08, 4.24969499591e-08, 4.99767089934e-08, 9.96409781351e-08, 1.0474927592e-07, 4.01508053471e-08, 2.11117345827e-08, 6.42806607942e-09, 1.13752274267e-09, 5.56330315149e-10, 6.16126261122e-10, 3.47500944686e-10, 4.29147467562e-10, 2.84164580755e-10, 4.31720159622e-10, 4.13679868139e-10, 3.52907647549e-10, 4.12926665083e-10, 4.41764486103e-10, 3.52835705097e-10, 3.24567872578e-10, 2.50348436426e-10, 2.36742597748e-10, 1.82051235198e-10, 1.43578385292e-10, 1.16383437609e-10, 1.64141044506e-11, 1.32801174571e-11, 2.48810997847e-12, 3.00820810319e-13, 4.51012619992e-14, 6.34721216761e-15, 6.69193456599e-16, 3.64303523719e-16, 1.89390611306e-16, 4.71608258133e-17, 4.41983735752e-18]
    }
}
}