{
"metadata": {
    "version": {
        "essentia": "2.1-dev"
    }
},
"lowlevel": {
    "mfcc": {
        "mean": [-832.420715332, 136.172943115, -39.6367225647, 60.4880714417, -10.9535169601, -33.1649971008, -9.90422344208, -23.9939537048, -11.0860424042, -8.90134716034, -12.8713998795, 0.118763767183, -2.25106596947],
        "var": [7730.31005859, 3211.75366211, 1280.39709473, 968.99597168, 691.068786621, 568.656799316, 342.818908691, 349.155853271, 180.441833496, 187.029464722, 192.868270874, 100.727371216, 138.347396851]
    },
    "mfcc_bands": {
        "mean": [1.93466735254e-06, 4.27654595114e-05, 6.29833593848e-05, 0.000133967856527, 0.000121150304039, 0.00013231045159, 0.000150441963342, 0.000134405127028, 7.3860748671e-05, 3.75527743017e-05, 1.68645019585e-05, 9.59035696724e-06, 5.86377655054e-06, 5.88785997024e-06, 7.00203327142e-06, 5.55275983061e-06, 3.72012095795e-06, 3.01583054352e-06, 4.66254323328e-06, 5.77209402763e-06, 8.08510048955e-06, 1.02610201793e-05, 7.58747773943e-06, 5.1960591918e-06, 5.6815310927e-06, 7.23354014553e-06, 7.79635774961e-06, 4.80606649944e-06, 2.68645408141e-06, 8.55778466757e-07, 3.14846801075e-07, 1.25441758314e-07, 7.89087124531e-08, 3.04913143623e-08, 1.0840111031e-08, 3.39961503393e-09, 2.46547027238e-09, 1.89807947137e-09, 9.32958155175e-10, 3.18352899598e-10],
        "var": [4.51273567126e-11, 3.10908410128e-09, 1.18700569374e-08, 3.24335580615e-08, 4.75705981273e-08, 4.48099441996e-08, 8.43575236331e-08, 6.96071964512e-08, 2.78782383845e-08, 1.45874938795e-08, 3.49140671929e-09, 1.88420989922e-09, 3.89316190397e-10, 4.16353035382e-10, 6.46626752143e-10, 3.51354612071e-10, 1.93996735343e-10, 1.0351917934e-10, 2.54592819049e-10, 2.28865218443e-10, 4.04315581015e-10, 4.36789132641e-10, 3.14455489425e-10, 2.05805372744e-10, 3.10523801117e-10, 3.25020288461e-10, 2.87832008228e-10, 1.1109126119e-10, 7.52052101149e-11, 8.54841891718e-12, 1.76506010328e-12, 3.28488972134e-13, 2.37124691627e-13, 3.6972998312e-14, 3.37515482075e-15, 2.20798632695e-16, 1.00379426124e-16, 6.75248180455e-17, 1.62169453923e-17, 1.19697708207e-18]
    }
}
}