{
"metadata": {
    "version": {
        "essentia": "2.1-dev"
    }
},
"lowlevel": {
    "mfcc": {
        "mean": [-897.835327148, 127.789840698, -93.0471343994, -32.4427185059, -14.1382217407, -73.0564117432, -41.2742347717, -12.205540657, -26.8497695923, -12.9232692719, 0.935205042362, -4.7071056366, 0.325497329235],
        "var": [5893.34912109, 2103.11791992, 1718.75280762, 1085.33520508, 552.463256836, 555.745178223, 390.508514404, 142.542007446, 206.354949951, 137.776947021, 87.8960571289, 86.100944519, 100.674598694]
    },
    "mfcc_bands": {
        "mean": [3.24176454569e-08, 8.62315729933e-08, 2.2033117375e-07, 8.91369779765e-07, 2.1428006221e-05, 0.000132926332299, 4.83855947095e-05, 9.58138771239e-05, 7.51207626308e-05, 7.10848908057e-05, 2.94989204122e-05, 1.86971483345e-05, 9.7817810456e-06, 9.2428890639e-06, 8.39112271933e-06, 8.83477605385e-06, 9.18827663554e-06, 6.98655230735e-06, 4.7042535698e-06, 5.34242371941e-06, 9.61945170275e-06, 9.90776516119e-06, 7.93132494437e-06, 4.76305331176e-06, 3.78495178666e-06, 2.92650997835e-06, 3.79116556815e-07, 2.33143602202e-08, 1.46283989366e-08, 8.8397875686e-09, 3.94119625824e-09, 1.8622268172e-09, 7.37326977251e-10, 2.76845157909e-10, 7.17512715909e-11, 3.36848049454e-11, 3.4127433518e-11, 2.4400301224e-11, 1.14911136162e-11, 8.47313798985e-12],
        "var": [3.19094895635e-14, 2.05095353678e-13, 9.47081389008e-13, 1.16630680808e-11, 8.5465468036e-10, 3.79525850747e-08, 1.42297071903e-08, 2.53734526723e-08, 2.42338256129e-08, 1.83288779709e-08, 4.02044619818e-09, 1.62125102232e-09, 4.66367777729e-10, 6.22951190632e-10, 5.26398979961e-10, 5.33170174677e-10, 5.14157216802e-10, 2.82477347069e-10, 1.39720610082e-10, 2.26539065284e-10, 6.80300926703e-10, 7.79471931445e-10, 4.3441311659e-10, 1.54879387093e-10, 3.39876071731e-10, 3.03669950297e-10, 4.1482646311e-12, 1.95719803483e-14, 3.03521144579e-14, 1.23431267377e-14, 2.0453346929e-15, 6.89323353409e-16, 1.86168921491e-16, 2.79275861696e-17, 6.55289792928e-19, 1.446935476e-19, 3.85284599305e-19, 1.75280127562e-19, 1.22177403752e-20, 1.10875733593e-20]
    }
}
}