{
"metadata": {
    "version": {
        "essentia": "2.1-dev"
    }
},
"lowlevel": {
    "mfcc": {
        "mean": [-907.635253906, 119.542297363, -101.896209717, -40.0478363037, 1.48819410801, -59.6247177124, -53.792263031, -11.880607605, -11.5472364426, -11.4146661758, 1.67748904228, -2.01809310913, -4.57345056534],
        "var": [6757.77490234, 2177.96166992, 1779.88293457, 833.049499512, 673.258117676, 625.174377441, 529.127929688, 210.187164307, 243.853607178, 270.62902832, 115.42767334, 157.487182617, 122.157623291]
    },
    "mfcc_bands": {
        "mean": [2.11300488218e-09, 8.94606166923e-09, 1.64978274597e-07, 1.42238684475e-06, 8.64811227075e-06, 3.88569351344e-05, 5.44808463019e-05, 7.63068383094e-05, 8.45896720421e-05, 7.1194524935e-05, 4.0640043153e-05, 1.6099495042e-05, 7.02502802596e-06, 4.93618745168e-06, 9.19081594475e-06, 1.26876211652e-05, 1.44723953781e-05, 1.58600960276e-05, 2.09119043575e-05, 2.58827330981e-05, 2.19802604988e-05, 2.13306484511e-05, 1.36062744787e-05, 3.43992701346e-06, 1.25867416045e-06, 4.33962043189e-07, 8.04873110383e-08, 2.53585543675e-08, 1.68331819594e-08, 9.45017131215e-09, 4.52249482308e-09, 1.88988802385e-09, 6.97168878183e-10, 2.54136045541e-10, 9.22478690657e-11, 4.28987158296e-11, 2.39982547723e-11, 1.47498541159e-11, 1.02884957498e-11, 5.46773130244e-12],
        "var": [3.83289846641e-16, 3.87109218785e-15, 2.29465589325e-13, 1.94004638743e-11, 5.69224778424e-10, 6.99229785184e-09, 1.92040126024e-08, 2.56500527485e-08, 3.51035112089e-08, 2.67054929282e-08, 1.00332160358e-08, 2.25247265284e-09, 5.70038460879e-10, 2.04032402085e-10, 6.77414124794e-10, 1.2217695744e-09, 1.27068078282e-09, 1.62004565318e-09, 3.13457437784e-09, 4.45538406169e-09, 3.5693821232e-09, 2.9640423449e-09, 1.29180399711e-09, 6.21214191199e-11, 1.44225751134e-11, 3.52554422288e-12, 1.42287725114e-13, 2.1818508236e-14, 9.12709679699e-15, 2.78929135377e-15, 5.52543996631e-16, 8.53296755899e-17, 9.48416256314e-18, 1.26939002386e-18, 1.46525830205e-19, 3.04064807709e-20, 8.36911778537e-21, 2.93722626671e-21, 1.28003584561e-21, 2.28891563612e-22]
    }
}
}