{
"metadata": {
    "version": {
        "essentia": "2.1-dev"
    }
},
"lowlevel": {
    "mfcc": {
        "mean": [-903.231933594, 125.874328613, -89.8496856689, -29.1275978088, -6.70944499969, -66.6146850586, -43.1626663208, -15.949555397, -28.8860912323, -14.4823226929, -0.360742390156, -5.79139328003, 2.79692554474],
        "var": [7464.62646484, 2837.7355957, 1786.53417969, 819.943603516, 488.944976807, 634.363708496, 397.329956055, 244.326690674, 264.725372314, 198.244659424, 136.121505737, 102.603782654, 77.6314315796]
    },
    "mfcc_bands": {
        "mean": [2.48222864485e-09, 2.1060715838e-08, 1.11639103295e-07, 2.79143159787e-06, 2.14058018173e-05, 5.37106316187e-05, 8.71530501172e-05, 0.000110584856884, 9.90835251287e-05, 3.7882320612e-05, 1.03882457552e-05, 7.53387939767e-06, 9.20627280721e-06, 1.12780599011e-05, 1.17743393275e-05, 1.09611482912e-05, 6.97667928762e-06, 5.18178921993e-06, 4.89400781589e-06, 6.79723598296e-06, 9.42622864386e-06, 8.67837661644e-06, 4.29541114499e-06, 3.90796549254e-06, 6.69486826155e-06, 5.00579835716e-06, 7.02679187725e-07, 2.37658976943e-08, 1.23595951251e-08, 6.99054059083e-09, 3.21847459794e-09, 1.21283982857e-09, 4.31028518433e-10, 1.63699290234e-10, 5.66633823196e-11, 2.29433017723e-11, 1.34742512287e-11, 8.87443070419e-12, 6.95497609157e-12, 4.21156382338e-12],
        "var": [1.59272938733e-16, 9.74771444931e-15, 4.90962048035e-14, 5.74859881919e-11, 2.90708590533e-09, 1.0689117147e-08, 2.1647775128e-08, 2.93588318101e-08, 3.04601037726e-08, 6.66781163616e-09, 4.95355034769e-10, 2.52431603398e-10, 4.75998129801e-10, 7.43577477369e-10, 7.04817482156e-10, 6.50040798966e-10, 3.16505072151e-10, 2.13339554356e-10, 1.58638893688e-10, 2.47440318235e-10, 3.03304548144e-10, 2.37312725027e-10, 1.31104196943e-10, 3.21043969187e-10, 1.0843127507e-09, 5.65044566692e-10, 1.38038816488e-11, 1.51049674477e-14, 5.45661716291e-15, 1.95344961757e-15, 4.02884656856e-16, 5.17970738849e-17, 5.60385169221e-18, 5.79033046232e-19, 5.75995458077e-20, 8.31012139e-21, 2.59585876377e-21, 1.10257914898e-21, 5.13268700289e-22, 2.04327570983e-22]
    }
}
}