{
"metadata": {
    "version": {
        "essentia": "2.1-dev"
    }
},
"lowlevel": {
    "mfcc": {
        "mean": [-943.108337402, 108.966590881, -72.333480835, -25.8640098572, -5.87568759918, -63.2506103516, -42.5311470032, -11.5035734177, -26.4161090851, -16.1339626312, -0.0803231596947, -6.3959569931, -1.24957191944],
        "var": [7362.15673828, 3111.51708984, 1958.01586914, 1051.37121582, 591.733032227, 741.065307617, 433.898620605, 221.798812866, 230.368789673, 213.09046936, 148.224380493, 94.1655349731, 71.8024520874]
    },
    "mfcc_bands": {
        "mean": [1.97090982423e-10, 3.05094594033e-09, 5.17103515563e-08, 1.5455675566e-06, 1.53563159984e-05, 2.78025436273e-05, 3.91583089367e-05, 4.80978596897e-05, 5.85721572861e-05, 3.25331529893e-05, 8.64326739247e-06, 3.56483519681e-06, 2.88925184577e-06, 4.62134767076e-06, 6.41136466584e-06, 4.76406512462e-06, 2.81932420876e-06, 2.32972888625e-06, 2.54765041063e-06, 2.42878445533e-06, 3.99022746933e-06, 6.11402629147e-06, 3.77278456654e-06, 3.1452609619e-06, 5.19495961271e-06, 3.24632947013e-06, 2.98475328009e-07, 6.03261574028e-09, 2.5077193655e-09, 1.27080357348e-09, 5.44755018872e-10, 2.41710013116e-10, 1.01700883826e-10, 4.56499109347e-11, 2.02136744842e-11, 1.17436477209e-11, 8.60464130503e-12, 6.26734384876e-12, 4.56024844622e-12, 2.47924142154e-12],
        "var": [1.88194032511e-18, 5.98588760583e-16, 1.25506896203e-14, 1.90895303037e-11, 1.87970794485e-09, 4.98060392928e-09, 5.87775295102e-09, 9.06774033638e-09, 1.53759351917e-08, 6.68325261799e-09, 4.69486394206e-10, 8.68968161316e-11, 6.96298158021e-11, 1.99869731876e-10, 2.74693046087e-10, 1.54850451906e-10, 8.50831002874e-11, 7.1655577305e-11, 8.71937452795e-11, 4.29497062915e-11, 1.01574144928e-10, 3.83459292097e-10, 3.63981289553e-10, 5.2357668201e-10, 1.41725919889e-09, 4.51080922614e-10, 3.05885546927e-12, 2.97536522228e-15, 1.03417587723e-15, 1.33542565955e-16, 1.95847781691e-17, 3.35939450056e-18, 6.35443662081e-19, 1.29860053717e-19, 2.70896189927e-20, 1.7331112428e-20, 1.20291351176e-20, 8.29633800836e-21, 2.62028765292e-21, 1.15962553067e-22]
    }
}
}