{
"metadata": {
    "version": {
        "essentia": "2.1-dev"
    }
},
"lowlevel": {
    "mfcc": {
        "mean": [-907.704833984, 125.489196777, -82.4594802856, -25.622215271, -11.0802669525, -65.6154632568, -38.0600967407, -24.5176868439, -39.5606040955, -11.5412054062, -1.01901602745, -14.8216981888, 1.08590972424],
        "var": [7509.88427734, 2724.22631836, 1724.41027832, 957.388427734, 635.710266113, 601.870788574, 485.007080078, 294.373718262, 286.701080322, 254.811096191, 175.514343262, 128.361572266, 102.566871643]
    },
    "mfcc_bands": {
        "mean": [7.04034663901e-10, 1.52354751037e-08, 8.31986852745e-08, 9.53862854658e-06, 8.19718843559e-05, 8.72257805895e-05, 0.000108895328594, 0.000117650728498, 8.16861356725e-05, 4.63336982648e-05, 1.90861555893e-05, 1.10035734906e-05, 1.04807804746e-05, 1.09000711745e-05, 1.42882254295e-05, 1.20397280625e-05, 9.19191097637e-06, 7.65179720474e-06, 6.16214720139e-06, 4.98852887176e-06, 4.53730808658e-06, 2.85069586425e-06, 1.69525708316e-06, 3.19428863804e-06, 4.45105706603e-06, 3.88452554034e-06, 5.44262263702e-07, 3.29381322217e-08, 7.24502458027e-09, 3.4498028878e-09, 1.75631942323e-09, 7.73589137193e-10, 2.92685820025e-10, 1.16385644178e-10, 4.5492078854e-11, 1.80679343015e-11, 1.11210008216e-11, 6.80956246252e-12, 5.40491002649e-12, 3.37240955647e-12],
        "var": [1.62162422888e-17, 4.64682063105e-15, 1.13091400665e-13, 6.37954300498e-10, 3.31948371013e-08, 2.94824591407e-08, 4.62073117546e-08, 5.3564974678e-08, 2.92456441287e-08, 1.35163435999e-08, 3.19005577509e-09, 9.10129749343e-10, 8.09691869108e-10, 8.2525175582e-10, 1.24362675713e-09, 8.47565018169e-10, 6.25397900134e-10, 4.88544815713e-10, 3.56256801837e-10, 1.86755375053e-10, 1.35889050012e-10, 6.84495793379e-11, 4.04779786078e-11, 1.22624022048e-10, 2.09422562625e-10, 2.88402829396e-10, 3.6040090183e-12, 7.80824786339e-15, 9.90314499513e-16, 2.66450042487e-16, 8.57267884584e-17, 1.68069882125e-17, 2.50161709754e-18, 4.60606476812e-19, 1.32672558273e-19, 6.58448934627e-21, 3.85131536965e-21, 6.25192588445e-22, 3.30634778956e-22, 9.02388844208e-23]
    }
}
}