{
"metadata": {
    "version": {
        "essentia": "2.1-dev"
    }
},
"lowlevel": {
    "mfcc": {
        "mean": [-904.984191895, 129.627349854, -76.6066589355, -21.157283783, 2.82756376266, -52.2426872253, -54.349281311, -30.277633667, -17.3221683502, -10.151684761, -8.46473789215, -6.24826145172, 0.162253007293],
        "var": [6829.5234375, 2369.57983398, 1562.33605957, 1046.43200684, 858.350097656, 501.654785156, 611.922790527, 463.735809326, 272.018890381, 233.836471558, 277.772491455, 148.86882019, 104.094764709]
    },
    "mfcc_bands": {
        "mean": [9.06785846411e-09, 2.18514664141e-08, 3.40323509818e-07, 1.70252060343e-05, 5.16406653333e-05, 7.30243482394e-05, 0.000136945731356, 0.000162463082233, 8.79326325958e-05, 2.65837134066e-05, 1.413296377e-05, 7.62213858252e-06, 7.6815185821e-06, 1.0164174455e-05, 1.29690733957e-05, 1.64168122865e-05, 2.27132422879e-05, 2.85775640805e-05, 3.12109332299e-05, 3.327358354e-05, 3.85448911402e-05, 1.69735558302e-05, 2.41333304984e-06, 9.27612518353e-07, 1.03771503746e-06, 6.05656055086e-07, 9.39166611147e-08, 3.74110733503e-08, 2.82090191206e-08, 1.4250299607e-08, 7.33839700118e-09, 3.82039289093e-09, 1.93915861146e-09, 7.79584674593e-10, 3.05621528085e-10, 1.83701068246e-10, 1.29797436688e-10, 1.1720266424e-10, 1.12505400829e-10, 8.84283410385e-11],
        "var": [4.14710846162e-15, 1.38309019931e-14, 1.21337922349e-12, 2.75919886938e-09, 1.90867339711e-08, 3.90014136542e-08, 7.93215235717e-08, 1.00896208721e-07, 4.32165698783e-08, 4.95257035382e-09, 1.24205234986e-09, 4.65691485374e-10, 1.04685071722e-09, 1.52892798422e-09, 2.0418888802e-09, 2.63795496558e-09, 5.8101248257e-09, 6.81199008312e-09, 8.01201061051e-09, 9.87935067087e-09, 8.5683291573e-09, 1.97930316581e-09, 6.86454365573e-11, 2.05323136965e-11, 5.10434160217e-11, 2.16014602039e-11, 3.10082119486e-13, 5.0165214593e-14, 3.12986195663e-14, 6.83256119936e-15, 1.9844345063e-15, 7.65019987988e-16, 1.82953849121e-16, 1.91097796285e-17, 1.03917035654e-18, 1.53748202627e-19, 1.94567436513e-20, 1.03440502719e-20, 1.14361540549e-20, 6.13254863651e-21]
    }
}
}