{
"metadata": {
    "version": {
        "essentia": "2.1-dev"
    }
},
"lowlevel": {
    "mfcc": {
        "mean": [-899.865112305, 125.596817017, -93.1203079224, -28.6332798004, -6.40859270096, -67.9391937256, -42.908454895, -14.3635454178, -28.2845249176, -15.2766809464, -1.05645859241, -6.15117692947, 1.84872961044],
        "var": [7991.67724609, 2894.05981445, 1852.36914062, 749.461853027, 454.672332764, 658.609313965, 415.273895264, 244.967590332, 267.142944336, 199.375549316, 132.669464111, 103.769645691, 72.926109314]
    },
    "mfcc_bands": {
        "mean": [1.96845650891e-09, 2.6079863602e-08, 1.21397178532e-07, 2.76775836028e-06, 1.98525613087e-05, 5.84085064474e-05, 8.71810261742e-05, 0.0001133540718, 0.000100448916783, 4.14011883549e-05, 1.25371734612e-05, 8.88132490218e-06, 9.19391186471e-06, 1.0358410691e-05, 1.13033802336e-05, 1.20793229144e-05, 7.65554523241e-06, 6.01831607128e-06, 5.50615186512e-06, 6.36670893073e-06, 9.34132822294e-06, 1.08878675746e-05, 5.83881865168e-06, 4.00390626965e-06, 6.91222567184e-06, 6.03378930464e-06, 9.35294224291e-07, 2.98435871571e-08, 1.33219204557e-08, 6.8676144771e-09, 3.1468569972e-09, 1.30265465081e-09, 4.97239416308e-10, 1.86272969271e-10, 6.68758659561e-11, 2.86252167803e-11, 1.49137837496e-11, 9.54036589312e-12, 7.13554649395e-12, 4.33625531315e-12],
        "var": [1.01434809324e-16, 2.47714023095e-14, 7.78854316653e-14, 4.92608107083e-11, 2.48126919011e-09, 1.15491101127e-08, 2.21919105314e-08, 3.34905969623e-08, 3.14260262257e-08, 7.19421144879e-09, 6.42542352658e-10, 3.73471614745e-10, 5.04411790114e-10, 6.67267907595e-10, 6.84222067893e-10, 8.82528772284e-10, 3.6877217946e-10, 3.22420978804e-10, 2.0991956784e-10, 1.4120243863e-10, 2.2638006747e-10, 3.71877445504e-10, 2.33504160452e-10, 2.56294402368e-10, 1.1915778364e-09, 8.1949824704e-10, 2.09547205976e-11, 1.16463091544e-14, 4.29487717092e-15, 1.22734565837e-15, 2.30609987376e-16, 4.052901444e-17, 5.97643493321e-18, 6.70649296132e-19, 8.38583685038e-20, 1.23165464531e-20, 2.68290538685e-21, 1.1733126839e-21, 4.83042226217e-22, 2.0153415772e-22]
    }
}
}