{
"metadata": {
    "version": {
        "essentia": "2.1-dev"
    }
},
"lowlevel": {
    "mfcc": {
        "mean": [-895.114929199, 125.082038879, -93.8234329224, -30.9850082397, -11.0194139481, -60.3754119873, -41.9536247253, -20.7956905365, -26.4250183105, -12.9988365173, -1.1140460968, -6.10440206528, 3.40828442574],
        "var": [8104.30761719, 2020.15808105, 1789.19238281, 772.808105469, 600.771484375, 625.182006836, 413.226989746, 406.112060547, 252.363891602, 183.035339355, 161.476303101, 113.960479736, 95.0973815918]
    },
    "mfcc_bands": {
        "mean": [6.61141541514e-09, 2.39149766657e-08, 6.37418651195e-08, 2.55096665569e-06, 2.05307223951e-05, 6.43678358756e-05, 9.63430720731e-05, 0.000100068587926, 6.493080582e-05, 3.40850056091e-05, 1.69677769009e-05, 1.05410017568e-05, 9.83056997939e-06, 1.14169115477e-05, 1.70534749486e-05, 1.53725995915e-05, 1.06200222945e-05, 8.88093927642e-06, 8.7117032308e-06, 1.1760788766e-05, 1.15108778118e-05, 8.94588538358e-06, 6.45161208013e-06, 3.99052760258e-06, 4.46513377028e-06, 3.26791587213e-06, 4.56835579143e-07, 8.09443108096e-08, 5.52506236318e-08, 3.15176578169e-08, 1.45223273407e-08, 5.536060943e-09, 1.86472193242e-09, 6.1577565269e-10, 2.02883834732e-10, 8.70064228997e-11, 4.6885727939e-11, 2.22837182734e-11, 1.79815138474e-11, 1.14367404436e-11],
        "var": [1.46895799493e-15, 7.89473162137e-15, 3.04590371209e-14, 1.072543096e-10, 1.67561953202e-09, 1.28078792017e-08, 2.57408334647e-08, 3.13840118338e-08, 1.60112776371e-08, 6.99319402386e-09, 1.78405301643e-09, 6.85028755942e-10, 4.74544015194e-10, 5.90164972447e-10, 1.22155019433e-09, 1.14500475767e-09, 6.09902739424e-10, 4.59253718388e-10, 3.47681133883e-10, 4.62872434825e-10, 6.29007679276e-10, 5.31894583933e-10, 3.64938607111e-10, 1.34552188835e-10, 1.93560167894e-10, 1.15955772761e-10, 1.87220009461e-12, 7.7993939974e-14, 4.75228580446e-14, 1.65287434347e-14, 4.11329956505e-15, 5.72320310125e-16, 4.81015353105e-17, 4.44438104706e-18, 5.24505455349e-19, 1.19464332122e-19, 3.03392432655e-20, 5.34472534213e-21, 2.34023592263e-21, 8.95712001237e-22]
    }
}
}