{
"metadata": {
    "version": {
        "essentia": "2.1-dev"
    }
},
"lowlevel": {
    "mfcc": {
        "mean": [-887.528442383, 131.239013672, -93.6388626099, -21.8526287079, -3.50273370743, -68.3341598511, -39.3813972473, -13.3021583557, -32.6297035217, -18.442440033, -3.6813249588, -11.7873258591, -4.22299003601],
        "var": [7347.87939453, 2574.62695312, 1830.01623535, 704.004333496, 477.808563232, 588.420349121, 403.8331604, 233.790039062, 283.158294678, 226.401168823, 171.678909302, 127.822479248, 98.7970733643]
    },
    "mfcc_bands": {
        "mean": [2.52260323741e-09, 2.97274134198e-08, 5.00256305713e-07, 1.39674284583e-05, 2.85616170004e-05, 3.86493302358e-05, 8.16968386061e-05, 0.000100473291241, 9.29384987103e-05, 4.30162908742e-05, 1.23003792396e-05, 8.08547520137e-06, 9.23379684536e-06, 1.22780402307e-05, 1.27267767311e-05, 1.15579196063e-05, 8.58457588038e-06, 8.25292681839e-06, 6.69989321977e-06, 5.63777439311e-06, 1.06065563159e-05, 1.49549741764e-05, 8.71727752383e-06, 6.43175781079e-06, 9.09364280233e-06, 8.65114634507e-06, 1.0148205547e-06, 3.63458596553e-08, 1.82032220408e-08, 1.07399058535e-08, 5.25313659239e-09, 2.34717911773e-09, 9.44805567116e-10, 3.86096876692e-10, 1.29705066132e-10, 5.01386467067e-11, 2.53841062753e-11, 1.50828689816e-11, 1.15927311153e-11, 7.07363074365e-12],
        "var": [1.67110309601e-16, 2.20722098503e-14, 6.12169115313e-13, 8.45797265558e-10, 3.13472314772e-09, 5.33551602899e-09, 2.40889690417e-08, 2.93834929721e-08, 2.8762119797e-08, 8.24415380407e-09, 7.32224114675e-10, 3.3101363317e-10, 5.74234382267e-10, 9.79412662083e-10, 8.1992596046e-10, 7.28184790244e-10, 4.26851026747e-10, 4.87750173583e-10, 3.23636367705e-10, 1.29574712071e-10, 3.0066776846e-10, 5.32014321486e-10, 3.60952018275e-10, 7.23138049441e-10, 1.05616015933e-09, 1.38560107832e-09, 2.24068350679e-11, 1.43822094804e-14, 7.82497930519e-15, 3.2921091695e-15, 7.06154533346e-16, 1.40918224457e-16, 2.4940276327e-17, 3.77164828976e-18, 3.63566636281e-19, 4.41272454775e-20, 8.23892246501e-21, 2.62990504118e-21, 1.5090693537e-21, 7.39393141794e-22]
    }
}
}