{
"metadata": {
    "version": {
        "essentia": "2.1-dev"
    }
},
"lowlevel": {
    "mfcc": {
        "mean": [-914.831176758, 124.9088974, -83.8478469849, -34.4865722656, -3.33366727829, -56.9821281433, -45.3849143982, -20.1048374176, -28.5466518402, -13.9208889008, 1.78203165531, -6.88256835938, -1.20018315315],
        "var": [9283.20410156, 3030.80761719, 1857.79748535, 683.481933594, 526.263122559, 737.991943359, 458.560211182, 321.258544922, 251.443710327, 220.250427246, 183.5128479, 153.579147339, 97.4796142578]
    },
    "mfcc_bands": {
        "mean": [7.13188286205e-10, 1.37973916736e-08, 1.00384234258e-07, 6.2533581513e-06, 2.43654940277e-05, 5.67635506741e-05, 0.000112627007184, 0.000148099148646, 9.03524705791e-05, 3.93271329813e-05, 1.60853687703e-05, 9.38367793424e-06, 9.38500943448e-06, 9.97319511953e-06, 1.0752716662e-05, 1.0728504094e-05, 1.10996552394e-05, 1.12770649139e-05, 9.7625379567e-06, 1.04921600723e-05, 9.58367945714e-06, 5.79946754442e-06, 2.92944378089e-06, 2.81394613921e-06, 3.27245857079e-06, 1.38143673212e-06, 7.60483587214e-08, 1.15968203929e-08, 6.84226098002e-09, 3.92976540198e-09, 2.08017603143e-09, 9.38292887831e-10, 3.84000053977e-10, 1.37941533196e-10, 4.85214021739e-11, 2.07247934092e-11, 1.16386735319e-11, 7.36227658699e-12, 5.79319404947e-12, 3.51583736083e-12],
        "var": [8.72883003141e-18, 3.85128262831e-15, 8.33817606974e-14, 3.199859544e-10, 5.67189006873e-09, 1.32151276588e-08, 3.82235079144e-08, 7.3653282584e-08, 3.28033458175e-08, 1.14887459546e-08, 3.01116598322e-09, 1.08097419904e-09, 8.02054422877e-10, 7.19035386787e-10, 6.51353193604e-10, 5.9547644593e-10, 7.0515088213e-10, 9.02549202042e-10, 6.99124313996e-10, 7.83025255746e-10, 3.42592815228e-10, 1.20214907473e-10, 4.50869896973e-11, 4.84329659711e-11, 1.18283785544e-10, 1.55842491689e-11, 2.4268500214e-14, 3.29949212043e-15, 1.23956548507e-15, 4.27406287149e-16, 1.38144469487e-16, 3.23718853258e-17, 5.79580474361e-18, 4.65453289913e-19, 3.76852404151e-20, 4.98108252768e-21, 1.40226935062e-21, 4.7627650071e-22, 3.05581162451e-22, 1.25457093596e-22]
    }
}
}