{
"metadata": {
    "version": {
        "essentia": "2.1-dev"
    }
},
"lowlevel": {
    "mfcc": {
        "mean": [-897.187866211, 125.629585266, -81.1273422241, -11.0792360306, -17.8553066254, -80.8970870972, -35.2971839905, -16.4998245239, -35.226726532, -13.7678146362, -2.47838258743, -6.92326307297, -2.75837731361],
        "var": [6215.34423828, 2155.12182617, 1686.44506836, 607.304748535, 532.694396973, 562.018493652, 381.522735596, 188.705383301, 220.963500977, 217.300506592, 204.854187012, 104.556098938, 95.9809494019]
    },
    "mfcc_bands": {
        "mean": [8.44592951132e-10, 2.36864146075e-08, 2.11211059309e-07, 8.45670820127e-06, 2.67500126938e-05, 5.25474497408e-05, 9.21019527595e-05, 0.000141334006912, 0.000111738409032, 6.01637511863e-05, 2.25121912081e-05, 9.09895425139e-06, 6.73868726153e-06, 6.77103435009e-06, 9.15368309506e-06, 1.04325217762e-05, 5.03287310494e-06, 2.7136859444e-06, 3.13380724037e-06, 4.55110739495e-06, 6.92772027833e-06, 1.1044099665e-05, 1.23282179629e-05, 7.34147488402e-06, 6.25596931059e-06, 4.50287325293e-06, 5.99348652486e-07, 4.32050164534e-08, 1.5959610522e-08, 5.86237991484e-09, 2.28894703191e-09, 1.00378105827e-09, 4.53777210252e-10, 1.98046107291e-10, 7.21824128247e-11, 2.81324373519e-11, 1.56368615972e-11, 9.95634998058e-12, 7.62016838518e-12, 4.55609551822e-12],
        "var": [1.70941505796e-17, 1.15642477555e-14, 1.32166874016e-13, 3.15700993125e-10, 3.95756094562e-09, 1.10334470449e-08, 2.87054877646e-08, 5.61593402892e-08, 4.27749995424e-08, 2.12176427539e-08, 4.484168592e-09, 4.6915871188e-10, 3.03711306104e-10, 2.93336244184e-10, 5.41807654297e-10, 8.52255988004e-10, 2.53950138696e-10, 1.0287221075e-10, 1.19692936118e-10, 2.46740461396e-10, 4.5206460797e-10, 7.4321154786e-10, 5.71595326626e-10, 3.20742793436e-10, 5.29231602986e-10, 2.82465689727e-10, 4.47059099809e-12, 8.5643272598e-15, 5.08221377715e-15, 1.20494608384e-15, 2.01677406541e-16, 4.04389708672e-17, 8.51628597302e-18, 2.11260418841e-18, 2.4757802662e-19, 2.1380922468e-20, 5.00063961383e-21, 2.74711891697e-21, 2.06204514677e-21, 8.19886388105e-22]
    }
}
}