{
"metadata": {
    "version": {
        "essentia": "2.1-dev"
    }
},
"lowlevel": {
    "mfcc": {
        "mean": [-898.708496094, 119.673721313, -98.8185577393, -30.7190151215, -25.0828037262, -83.7289199829, -35.6377449036, -10.6738109589, -31.1752738953, -9.18958950043, 6.78707456589, -0.381701499224, 4.82960510254],
        "var": [6040.27148438, 2091.15917969, 1632.53869629, 756.944763184, 610.131469727, 629.996704102, 388.98223877, 181.308197021, 194.447982788, 172.222213745, 174.444015503, 99.2039260864, 95.0700531006]
    },
    "mfcc_bands": {
        "mean": [6.16111883733e-10, 9.03522590079e-09, 2.58537280473e-08, 6.59110980905e-07, 2.24546802201e-05, 7.21294563846e-05, 0.00010844523058, 0.000130250686198, 0.000119814038044, 6.86008352204e-05, 2.93133962259e-05, 1.36700464282e-05, 1.07355081127e-05, 9.27259861783e-06, 8.4867424448e-06, 9.0119710876e-06, 5.97057714913e-06, 3.75015656573e-06, 4.40700296167e-06, 5.38065887667e-06, 5.89586943534e-06, 8.59081592353e-06, 1.33313069455e-05, 9.96572907752e-06, 6.73856266076e-06, 3.04088462144e-06, 3.62883213256e-07, 2.46474751719e-08, 8.47021475181e-09, 3.24328008894e-09, 1.59260704624e-09, 7.47502004739e-10, 3.13838566246e-10, 1.22198196006e-10, 4.62791818756e-11, 2.13412967853e-11, 1.22293373345e-11, 7.39814286221e-12, 5.65529741092e-12, 3.45290636361e-12],
        "var": [7.42334463736e-18, 1.46142353098e-15, 2.13446102427e-14, 1.74826039062e-11, 6.50575326944e-09, 2.25611174187e-08, 3.49830422408e-08, 4.69257912528e-08, 4.10547222884e-08, 1.69194471766e-08, 3.93770749341e-09, 6.41298292248e-10, 5.48683265489e-10, 5.76343861525e-10, 3.85867338082e-10, 4.55347176631e-10, 2.44724934761e-10, 1.14604277457e-10, 1.97258404055e-10, 2.94186286443e-10, 3.76485870257e-10, 4.90364193695e-10, 7.63495600076e-10, 5.26812871104e-10, 5.33648403245e-10, 1.13571527183e-10, 1.28575568161e-12, 1.59428636623e-15, 5.22342454561e-16, 2.12231145896e-16, 6.36416021163e-17, 1.52302314181e-17, 2.49263701801e-18, 3.266257841e-19, 4.73198427557e-20, 8.65997112929e-21, 2.44060609086e-21, 6.53092617044e-22, 2.87654860049e-22, 7.65148629934e-23]
    }
}
}