{
"metadata": {
    "version": {
        "essentia": "2.1-dev"
    }
},
"lowlevel": {
    "mfcc": {
        "mean": [-873.886657715, 137.944946289, -98.0644302368, -21.995923996, -2.03148412704, -68.4254989624, -39.5691871643, -8.02916145325, -25.2129516602, -16.3466682434, 3.18010497093, -5.65101957321, -8.3243522644],
        "var": [6163.95410156, 1745.08435059, 2510.0078125, 862.923706055, 440.965515137, 525.070739746, 359.855285645, 206.473297119, 230.397521973, 167.671966553, 140.904144287, 105.299201965, 126.848373413]
    },
    "mfcc_bands": {
        "mean": [2.07829664589e-08, 7.99560737619e-08, 3.72332664256e-07, 8.16119791125e-06, 7.27708684281e-05, 0.00010039658082, 7.52470150474e-05, 0.000147758662933, 8.54638492456e-05, 5.77494574827e-05, 4.26983788202e-05, 2.23598035518e-05, 9.61355817708e-06, 1.04926593849e-05, 1.08193162305e-05, 1.15417587949e-05, 1.3056905118e-05, 1.33243238452e-05, 1.10837108878e-05, 1.1591868315e-05, 1.71497522388e-05, 2.05006417673e-05, 1.98616835405e-05, 1.29456157083e-05, 8.08986987977e-06, 2.98920895148e-06, 2.68169742412e-07, 3.43091990374e-08, 1.68124181243e-08, 9.31659371872e-09, 5.37752686824e-09, 2.16775530859e-09, 8.41138325658e-10, 3.2143615547e-10, 1.16320682253e-10, 5.38129887873e-11, 3.38956814006e-11, 2.52818165708e-11, 1.66629991055e-11, 8.8185942923e-12],
        "var": [2.99182561355e-15, 3.28202905391e-14, 9.7658719219e-13, 3.88519161287e-10, 1.88850908245e-08, 4.30003375129e-08, 2.23885656681e-08, 6.31835561649e-08, 2.53664804717e-08, 1.78878316603e-08, 1.19189804693e-08, 4.32406244144e-09, 5.22139498305e-10, 6.80030309841e-10, 7.53876960857e-10, 7.35871807933e-10, 1.44833522953e-09, 9.54020751287e-10, 6.51552201081e-10, 8.64020910374e-10, 1.755024015e-09, 1.71120861925e-09, 1.0193320632e-09, 5.88906312604e-10, 1.11543996262e-09, 2.70852978934e-10, 2.0460306626e-12, 1.42015669989e-14, 3.79813851065e-15, 1.12150942101e-15, 4.38066620307e-16, 6.56882653274e-17, 1.31540047718e-17, 1.76341651027e-18, 2.07395130501e-19, 2.64628939693e-20, 5.95098612713e-20, 1.13438670326e-19, 1.72421711251e-20, 8.73652168666e-22]
    }
}
}