{
"metadata": {
    "version": {
        "essentia": "2.1-dev"
    }
},
"lowlevel": {
    "mfcc": {
        "mean": [-892.975524902, 138.016677856, -73.5705108643, -13.0404596329, -7.01704025269, -69.8882293701, -35.30859375, -7.36471748352, -24.3312225342, -8.09318637848, 7.43519926071, -6.33599853516, -3.9717900753],
        "var": [6233.43505859, 1832.55505371, 2152.25219727, 1045.6427002, 550.694702148, 689.519470215, 447.262939453, 201.822219849, 292.911865234, 153.386810303, 115.935554504, 130.441818237, 164.020874023]
    },
    "mfcc_bands": {
        "mean": [1.21456693591e-07, 2.43520503318e-07, 8.48613240123e-07, 6.41786482447e-06, 1.62303585967e-05, 0.000112126363092, 9.90513872239e-05, 0.000118082636618, 0.000111751789518, 6.28045236226e-05, 2.14857172978e-05, 1.40557558552e-05, 8.77689308254e-06, 6.22678726359e-06, 5.12747601533e-06, 5.22143272974e-06, 6.87945112077e-06, 6.63774289933e-06, 5.74851719648e-06, 7.66481025494e-06, 8.44156875246e-06, 7.97106440587e-06, 9.4283341241e-06, 1.01674522739e-05, 8.35381615616e-06, 3.88819989894e-06, 6.98392284448e-07, 3.83473519605e-08, 9.72987823644e-09, 6.07226224858e-09, 2.85319412541e-09, 1.15378695487e-09, 5.03220021209e-10, 2.11612033452e-10, 8.46607575711e-11, 4.1133558365e-11, 2.29523604983e-11, 1.64963806504e-11, 1.57689434427e-11, 1.27451599621e-11],
        "var": [1.44340865215e-13, 3.10611481197e-13, 2.86839519151e-12, 6.30361762788e-10, 1.73394532066e-09, 2.95020505803e-08, 4.69485179622e-08, 4.59727864666e-08, 5.11167783657e-08, 2.16154685262e-08, 2.84578449694e-09, 1.68952496438e-09, 5.87973392197e-10, 3.30985128194e-10, 2.77915829239e-10, 2.49593568036e-10, 4.39481173675e-10, 3.23613719155e-10, 2.19989582106e-10, 3.90057125488e-10, 5.28746380013e-10, 3.69220515273e-10, 4.34632690949e-10, 4.90479712401e-10, 6.11153461172e-10, 3.24245574834e-10, 2.42699488978e-11, 5.02343121527e-14, 1.75550542934e-15, 6.17634614039e-16, 1.67599060846e-16, 3.27671519272e-17, 6.86447205061e-18, 1.17877373192e-18, 2.50920327433e-19, 7.3359973115e-20, 1.44497773982e-20, 1.47201135933e-20, 3.9037131417e-20, 5.03619448612e-20]
    }
}
}