{
"metadata": {
    "version": {
        "essentia": "2.1-dev"
    }
},
"lowlevel": {
    "mfcc": {
        "mean": [-905.307922363, 117.284690857, -99.4304962158, -40.7845573425, -9.45733356476, -50.7747612, -41.5967216492, -19.8872871399, -19.289598465, -10.1820688248, 2.28133749962, 1.39108288288, 7.50527095795],
        "var": [7980.53320312, 2320.88867188, 1662.63757324, 976.4765625, 760.183166504, 537.239562988, 448.189788818, 489.792724609, 293.572479248, 171.979019165, 197.553085327, 217.696563721, 96.9942321777]
    },
    "mfcc_bands": {
        "mean": [4.23882573486e-09, 2.43541524725e-08, 5.28401500333e-08, 4.81301697164e-07, 1.41191467264e-05, 5.23666494701e-05, 8.50022843224e-05, 9.55259092734e-05, 5.30001670995e-05, 2.11611422856e-05, 1.13248052003e-05, 1.07104315248e-05, 1.23135141621e-05, 1.59334540513e-05, 2.3599677661e-05, 2.38753054873e-05, 1.51298499986e-05, 1.10067112473e-05, 1.12593425001e-05, 1.53496730491e-05, 1.4462283616e-05, 6.22203197054e-06, 2.59747389464e-06, 2.80991184809e-06, 3.0739279282e-06, 1.22976950934e-06, 2.08277427305e-07, 8.89664235615e-08, 6.45984741254e-08, 3.69715102977e-08, 1.70380420883e-08, 6.36576658053e-09, 2.05941663722e-09, 6.38380404094e-10, 2.03967037704e-10, 8.40051569972e-11, 4.60711677142e-11, 2.27397614627e-11, 1.79802492339e-11, 1.13748593877e-11],
        "var": [2.7523012132e-16, 8.15534417748e-15, 2.45002111589e-14, 1.0499455038e-12, 1.10994236024e-09, 1.16380078907e-08, 2.35066401899e-08, 2.88936448101e-08, 9.66887636622e-09, 1.76939718433e-09, 6.1392113615e-10, 8.34078972556e-10, 9.3118007749e-10, 1.91392746096e-09, 2.67995603487e-09, 3.1334193018e-09, 1.65666613761e-09, 9.39667788025e-10, 6.81155187809e-10, 1.02722474971e-09, 1.4584240482e-09, 5.64586044582e-10, 1.03946053154e-10, 1.41957112731e-10, 1.94080015947e-10, 2.26615635979e-11, 2.71186258128e-13, 9.99238533713e-14, 6.06257259022e-14, 2.03334138399e-14, 5.09895623039e-15, 8.86924281543e-16, 6.96920709551e-17, 4.78597768873e-18, 5.50866564098e-19, 1.03932503932e-19, 3.28565574335e-20, 6.36701071932e-21, 2.82210134508e-21, 9.57033125517e-22]
    }
}
}