{
"metadata": {
    "version": {
        "essentia": "2.1-dev"
    }
},
"lowlevel": {
    "mfcc": {
        "mean": [-704.29473877, 104.692848206, -30.8489532471, 35.5983047485, -16.3964214325, -11.126493454, -4.11817646027, -6.26914691925, -2.84813499451, -5.17299842834, -6.30477523804, -6.88743782043, -4.98869752884],
        "var": [10288.0224609, 1435.77453613, 933.783325195, 372.872802734, 339.541351318, 201.764068604, 238.022216797, 166.32661438, 133.422042847, 117.112953186, 110.157402039, 119.490127563, 97.8148803711]
    },
    "mfcc_bands": {
        "mean": [6.8663735874e-05, 0.000195237371372, 0.000267199997324, 0.000246004638029, 0.000135483380291, 0.000151918968186, 0.000112696543511, 8.70935764397e-05, 7.40586547181e-05, 7.83173018135e-05, 6.54295654385e-05, 4.51867526863e-05, 3.37146884704e-05, 2.04470979952e-05, 1.57401736942e-05, 1.34819892992e-05, 1.39958683576e-05, 1.14320801003e-05, 1.13161777335e-05, 1.33765961436e-05, 1.42873495861e-05, 1.44639116115e-05, 1.5073907889e-05, 1.47928576553e-05, 1.39208987093e-05, 1.56002406584e-05, 1.65418205142e-05, 1.37552106025e-05, 9.60712259257e-06, 5.87737167734e-06, 3.77874425794e-06, 2.56080852523e-06, 1.40464953802e-06, 7.96991855623e-07, 5.90390925481e-07, 3.1543513046e-07, 2.57796159531e-07, 2.28332041274e-07, 2.04238162382e-07, 2.07705809885e-07],
        "var": [8.35505886698e-09, 1.20909561474e-07, 1.95686624238e-07, 1.82757901257e-07, 4.68289513833e-08, 7.14392314194e-08, 3.91903860475e-08, 3.41598109799e-08, 2.21832632263e-08, 2.40864483914e-08, 2.08417656467e-08, 9.78783099015e-09, 5.37151079172e-09, 1.36645972315e-09, 8.60254201207e-10, 6.86202927813e-10, 4.42048342375e-10, 3.72848113495e-10, 2.45426512446e-10, 5.25282706221e-10, 7.40943528754e-10, 6.40967501297e-10, 5.08789621545e-10, 4.8770515404e-10, 4.05443900675e-10, 4.98445784647e-10, 8.32798330297e-10, 4.52550386054e-10, 2.52265291989e-10, 9.79101244525e-11, 3.83507149648e-11, 2.27342415726e-11, 5.08752371828e-12, 2.04266725062e-12, 1.81413076835e-12, 3.63649784113e-13, 1.69730738795e-13, 1.89494158754e-13, 1.31535353356e-13, 1.6980535901e-13]
    }
}
}