{
"metadata": {
    "version": {
        "essentia": "2.1-dev"
    }
},
"lowlevel": {
    "mfcc": {
        "mean": [-723.24798584, 95.3447952271, -37.4409713745, 29.4673175812, -24.2206249237, -14.8598442078, -6.1463561058, -10.6656169891, -5.40097999573, -2.23500585556, -2.72951364517, 0.177470505238, -0.669516384602],
        "var": [11465.0693359, 1854.15844727, 1122.74450684, 594.495666504, 508.581054688, 400.380859375, 321.418029785, 212.324249268, 183.78062439, 185.351821899, 165.669311523, 122.586036682, 128.811965942]
    },
    "mfcc_bands": {
        "mean": [0.000124873287859, 0.000243410351686, 0.000246416515438, 0.000245527218794, 0.000108440413896, 9.09398149815e-05, 8.85128465598e-05, 0.000114103720989, 8.88053255039e-05, 6.35889082332e-05, 2.33010869124e-05, 5.77632235945e-05, 2.94203546218e-05, 1.6250220142e-05, 1.1303057363e-05, 1.42797280205e-05, 8.51790900924e-06, 1.11916151582e-05, 1.46144730024e-05, 9.61106343311e-06, 1.02019512269e-05, 1.10644341476e-05, 1.27551957121e-05, 1.07880287032e-05, 1.03964139271e-05, 9.97273218672e-06, 1.22015053421e-05, 8.89118564373e-06, 6.50747369946e-06, 4.678041023e-06, 3.09321899294e-06, 1.99840087589e-06, 9.17042200399e-07, 5.94338644078e-07, 3.39728842391e-07, 2.10723911209e-07, 1.4445383556e-07, 1.33371429456e-07, 1.1408011602e-07, 8.59323989744e-08],
        "var": [5.44618536935e-08, 4.63384310478e-07, 7.35610115044e-07, 6.5089312784e-07, 4.82580269079e-08, 2.14243556229e-08, 2.07454657897e-08, 2.63923496391e-08, 2.30291252734e-08, 1.52686094879e-08, 4.2311647519e-09, 3.91460339699e-08, 6.81216327791e-09, 4.68983407664e-10, 5.34060073942e-10, 6.62292054532e-10, 1.76030301446e-10, 4.25149693228e-10, 2.08002193247e-09, 2.08799505463e-10, 3.42200240366e-10, 5.00981145457e-10, 3.96571692152e-10, 2.00813601858e-10, 2.07590875045e-10, 1.80710404973e-10, 2.99461622166e-10, 1.482785561e-10, 9.21777792984e-11, 5.43702270706e-11, 2.09659546668e-11, 9.80052324018e-12, 1.72990983517e-12, 1.19382433626e-12, 3.85872269467e-13, 2.06195019284e-13, 1.6712408638e-13, 5.19844990622e-14, 4.17674724559e-14, 2.63644544428e-14]
    }
}
}