{
"metadata": {
    "version": {
        "essentia": "2.1-dev"
    }
},
"lowlevel": {
    "mfcc": {
        "mean": [-703.388916016, 97.5815505981, -23.3840770721, 40.888759613, -12.0029592514, -6.66347551346, 2.53108620644, -4.37172985077, -2.10067892075, -4.24898147583, -7.56636190414, -8.06795310974, -6.16265296936],
        "var": [8694.22851562, 2760.92871094, 1012.34967041, 550.942810059, 297.094451904, 266.597625732, 215.29145813, 219.354095459, 159.932556152, 134.761489868, 119.327682495, 144.147262573, 152.338302612]
    },
    "mfcc_bands": {
        "mean": [7.46882724343e-05, 0.000172628540895, 0.00027432126808, 0.000204387237318, 0.000269969430519, 0.000286011520075, 0.00018824909057, 4.98037989018e-05, 2.71693334071e-05, 4.00942954002e-05, 6.39406571281e-05, 3.15886682074e-05, 2.11237602343e-05, 3.55058291461e-05, 2.80236836261e-05, 9.19427293411e-06, 1.59013488883e-05, 1.46546599353e-05, 1.4325380107e-05, 9.59212229645e-06, 1.23320651255e-05, 1.63336262631e-05, 1.43016886796e-05, 1.82356961886e-05, 1.74424130819e-05, 1.37916931635e-05, 2.28057560889e-05, 1.69683462445e-05, 1.33382582135e-05, 9.35003481572e-06, 4.98588542541e-06, 4.05255286751e-06, 1.90563343949e-06, 1.45287935993e-06, 1.07671246496e-06, 6.80537652897e-07, 4.45578791641e-07, 5.51362973056e-07, 6.03511921327e-07, 5.66297501337e-07],
        "var": [1.10842020007e-08, 1.66410032421e-07, 6.02898751367e-07, 3.25938970036e-07, 3.6528945202e-07, 3.1493118513e-07, 1.95783997015e-07, 2.09921768857e-08, 3.8918015477e-09, 6.77385392223e-09, 1.5433387901e-08, 4.16326884078e-09, 2.93989699252e-09, 1.37930289412e-08, 1.03447730382e-08, 1.00957575633e-09, 1.21168886036e-09, 1.25847710031e-09, 1.21526144703e-09, 4.25039142771e-10, 6.5169392105e-10, 1.26012866808e-09, 5.71051206322e-10, 8.5120316351e-10, 7.29490301499e-10, 4.10015438268e-10, 1.08938325027e-09, 5.75530789693e-10, 4.87558493578e-10, 1.84352644261e-10, 8.05179742325e-11, 3.82869257132e-11, 8.38627084443e-12, 4.8327960557e-12, 3.52259671085e-12, 1.2591713696e-12, 5.37216104934e-13, 9.06052956186e-13, 1.07377030444e-12, 1.43667239563e-12]
    }
}
}