{
"metadata": {
    "version": {
        "essentia": "2.1-dev"
    }
},
"lowlevel": {
    "mfcc": {
        "mean": [-676.339111328, 115.069854736, -32.2635002136, 35.1912155151, -10.9056882858, -14.5983867645, -4.55407619476, -7.85925006866, -6.60028362274, -5.18671560287, -1.95452737808, -6.81948804855, -3.37043523788],
        "var": [8005.46875, 1703.50427246, 716.53729248, 318.687866211, 228.8697052, 302.353668213, 108.991035461, 95.122177124, 107.996177673, 87.8488006592, 85.7801361084, 106.340118408, 77.6746826172]
    },
    "mfcc_bands": {
        "mean": [6.20787832304e-05, 0.000201550516067, 0.00034596840851, 0.000368349632481, 0.000189521990251, 0.000226619231398, 0.000180133924005, 0.00016842308105, 0.000132802262669, 8.11664140201e-05, 6.23404921498e-05, 3.28866117343e-05, 4.21290023951e-05, 2.18997884076e-05, 2.1277117412e-05, 1.72847321664e-05, 2.05371052289e-05, 2.06882614293e-05, 2.36236446653e-05, 2.46017334575e-05, 2.10962789424e-05, 1.68252390722e-05, 1.5762525436e-05, 2.26825886784e-05, 3.71691276086e-05, 2.45484116022e-05, 1.38017694553e-05, 1.11945555545e-05, 7.74719228502e-06, 5.31261275682e-06, 4.23051687903e-06, 3.13815985464e-06, 1.62546018601e-06, 7.75794376295e-07, 6.03436035362e-07, 3.77215656044e-07, 2.73029542086e-07, 2.25255035957e-07, 2.1864890698e-07, 1.87301324672e-07],
        "var": [1.06227346919e-08, 2.03370902341e-07, 5.01812110087e-07, 3.37356510727e-07, 5.38637934255e-08, 8.19392838025e-08, 6.01599197125e-08, 7.70195427435e-08, 6.46847624353e-08, 1.8508615085e-08, 9.58489554392e-09, 3.21562554362e-09, 8.47037195939e-09, 9.2080382208e-10, 1.22558918569e-09, 8.77029449065e-10, 1.02646169342e-09, 1.51368151347e-09, 2.14983275626e-09, 1.86165760585e-09, 8.76111683201e-10, 4.30175811639e-10, 3.34463262641e-10, 7.51541717747e-10, 3.31950578136e-09, 1.19316523328e-09, 2.29245317174e-10, 1.74508962836e-10, 8.46982414759e-11, 5.36655511696e-11, 9.73941066684e-11, 9.69040681031e-11, 2.12547566353e-11, 3.29249041225e-12, 1.77630772504e-12, 8.21621579366e-13, 7.06682217085e-13, 3.90636660389e-13, 2.58829334918e-13, 1.2380565594e-13]
    }
}
}