{
"metadata": {
    "version": {
        "essentia": "2.1-dev"
    }
},
"lowlevel": {
    "mfcc": {
        "mean": [-655.094299316, 80.599067688, -25.9897766113, 47.5643310547, -9.94312381744, -0.056126922369, 2.62699770927, -10.4909496307, -8.71139240265, -6.7286734581, -5.81242227554, -2.41524004936, -4.67644262314],
        "var": [6954.08447266, 2167.01220703, 899.264770508, 329.004302979, 232.404342651, 233.372024536, 161.702194214, 159.050933838, 177.408096313, 100.42515564, 86.5045089722, 76.0528717041, 72.9450683594]
    },
    "mfcc_bands": {
        "mean": [0.000122613710118, 0.000377110613044, 0.000420349620981, 0.000358419696568, 0.000286060268991, 0.000242632318987, 0.000117085481179, 4.81945353386e-05, 4.40076073573e-05, 3.06356996589e-05, 3.39367288689e-05, 4.0702867409e-05, 3.07747359329e-05, 2.43044742092e-05, 5.30643301317e-05, 9.93225112325e-05, 4.3675503548e-05, 2.4493503588e-05, 3.19768478221e-05, 1.80203496711e-05, 2.65835151367e-05, 5.07807126269e-05, 2.99022831314e-05, 4.19360512751e-05, 3.94448652514e-05, 3.61892089131e-05, 4.37308881374e-05, 4.39002869825e-05, 3.17355588777e-05, 1.8641776478e-05, 1.23106283354e-05, 8.1877278717e-06, 5.03035198562e-06, 2.63558445113e-06, 2.16236844608e-06, 1.21708080769e-06, 8.83189898104e-07, 7.1842299576e-07, 6.69553401167e-07, 4.8449624046e-07],
        "var": [2.43452227267e-08, 7.11494351435e-07, 4.89358569666e-07, 3.27688439938e-07, 1.16766841529e-07, 8.94806362339e-08, 3.02388940554e-08, 5.41892175576e-09, 4.66790250897e-09, 3.14733306084e-09, 3.39979955299e-09, 5.01748642634e-09, 2.97608648836e-09, 2.50564990978e-09, 3.75135869035e-08, 7.16390005095e-08, 1.25235768422e-08, 3.88626641978e-09, 7.38676142475e-09, 2.19420948078e-09, 6.36431263246e-09, 5.41607789728e-08, 2.40415953812e-09, 8.30283042319e-09, 4.06346822857e-09, 3.65541508174e-09, 3.74078901189e-09, 3.75960862442e-09, 2.401659982e-09, 9.61664969878e-10, 4.31688546021e-10, 1.59901134e-10, 6.4140824596e-11, 2.59352365972e-11, 2.28069056696e-11, 6.60189394472e-12, 2.62998433795e-12, 2.63520325353e-12, 2.61062872708e-12, 1.10219255597e-12]
    }
}
}