{
"metadata": {
    "version": {
        "essentia": "2.1-dev"
    }
},
"lowlevel": {
    "mfcc": {
        "mean": [-709.680114746, 76.7204208374, -17.2948856354, 46.4719352722, -2.49225187302, -5.96287584305, -0.603206515312, -0.342705786228, -0.860095441341, -4.4414191246, -2.62827754021, -2.11872625351, 1.58552503586],
        "var": [8396.39941406, 1271.68981934, 729.129638672, 296.280975342, 244.560974121, 218.957366943, 199.038375854, 152.864364624, 114.01991272, 118.02256012, 117.789710999, 94.0304336548, 102.202194214]
    },
    "mfcc_bands": {
        "mean": [9.91121196421e-05, 0.000214028957998, 9.45518986555e-05, 9.11497627385e-05, 7.74266009103e-05, 5.41622612218e-05, 3.96727737098e-05, 4.00801654905e-05, 2.72896013485e-05, 2.46225845331e-05, 1.35614809551e-05, 1.1586378605e-05, 1.13137639346e-05, 1.07349796963e-05, 5.26495250597e-06, 8.79945400811e-06, 7.46370506022e-06, 6.86571593178e-06, 1.07181022031e-05, 1.24101534311e-05, 1.33392959469e-05, 1.67611087818e-05, 1.63179374795e-05, 1.26951181301e-05, 1.25998913063e-05, 1.14918293548e-05, 1.38592731673e-05, 9.49560399022e-06, 5.91875505052e-06, 4.01916850024e-06, 3.34061633112e-06, 2.41470775109e-06, 1.54442977873e-06, 7.64323942803e-07, 6.2929257183e-07, 4.09774031596e-07, 3.30995590048e-07, 3.34811744551e-07, 3.3320461057e-07, 3.88832887666e-07],
        "var": [2.97782207781e-08, 2.57977916363e-07, 1.55024277859e-08, 1.50422518885e-08, 1.69135621064e-08, 9.16640097159e-09, 4.80129580538e-09, 6.71456978907e-09, 5.07337727385e-09, 3.99891675329e-09, 1.23465782043e-09, 4.80012918302e-10, 4.19062035073e-10, 4.49044829098e-10, 9.72441363545e-11, 2.42488473745e-10, 1.71608449673e-10, 1.32569774602e-10, 3.98744010033e-10, 4.80511297418e-10, 3.45736578256e-10, 5.47992207167e-10, 4.29312113637e-10, 2.13492917789e-10, 1.97203767205e-10, 1.77446599081e-10, 2.29126925766e-10, 1.17265183674e-10, 4.82289555515e-11, 1.86879522274e-11, 1.62431595951e-11, 8.42973520848e-12, 3.90393880417e-12, 8.63851958716e-13, 8.26969081321e-13, 3.56360882643e-13, 2.33466349552e-13, 3.29977906978e-13, 2.93961144489e-13, 5.79534900971e-13]
    }
}
}