{
"metadata": {
    "version": {
        "essentia": "2.1-dev"
    }
},
"lowlevel": {
    "mfcc": {
        "mean": [-693.95513916, 83.4842681885, -27.3197250366, 45.9868240356, -12.3073225021, -5.54577064514, -5.7329788208, -9.19106197357, -3.50168371201, -4.82959699631, -3.39938688278, -3.42028570175, -3.19348454475],
        "var": [11677.1894531, 1227.86022949, 708.35559082, 448.878326416, 223.611114502, 222.32723999, 175.787002563, 143.709991455, 139.918457031, 104.839515686, 81.7633895874, 85.9757003784, 100.414588928]
    },
    "mfcc_bands": {
        "mean": [9.15573909879e-05, 0.000225529016461, 0.000290099094855, 0.000321128609357, 0.000194799096789, 8.97877616808e-05, 5.9961930674e-05, 4.99343695992e-05, 4.20686992584e-05, 3.27926391037e-05, 3.20183135045e-05, 1.3031929484e-05, 1.16546762001e-05, 1.28042092911e-05, 1.36243661473e-05, 1.20375561892e-05, 1.30279267978e-05, 1.19025007734e-05, 1.38634877658e-05, 1.2938110558e-05, 1.60002546181e-05, 1.84848559002e-05, 1.76507091965e-05, 1.77845595317e-05, 1.90480241145e-05, 2.04913631023e-05, 2.22596263484e-05, 1.76980611286e-05, 1.42058979691e-05, 9.89652835415e-06, 6.57756118017e-06, 4.1396465349e-06, 3.14620365316e-06, 1.29851730435e-06, 7.71216662088e-07, 4.69234123557e-07, 2.78933725895e-07, 2.73043468724e-07, 2.41754236185e-07, 1.76101906391e-07],
        "var": [2.68622866173e-08, 2.33919635662e-07, 4.90173249545e-07, 5.55287329007e-07, 8.84525732658e-08, 1.29630723933e-08, 7.25982296501e-09, 6.17272055692e-09, 4.99441243917e-09, 2.84326295841e-09, 3.52221452005e-09, 5.83436576829e-10, 6.35500485568e-10, 4.2043779569e-10, 4.57603288595e-10, 4.11518458199e-10, 4.09312972405e-10, 2.31802757544e-10, 3.09803932508e-10, 2.69495786798e-10, 3.35300259779e-10, 4.67749006194e-10, 3.77298137177e-10, 3.45970946336e-10, 4.12566231178e-10, 4.38582919982e-10, 7.73856978498e-10, 4.34785180081e-10, 2.55621079859e-10, 1.09311934504e-10, 5.47117386118e-11, 2.4134782714e-11, 1.66513157429e-11, 3.06010880698e-12, 1.10655072345e-12, 3.80623944906e-13, 1.2895857071e-13, 1.217123597e-13, 1.01821186844e-13, 6.69792251718e-14]
    }
}
}