{
"metadata": {
    "version": {
        "essentia": "2.1-dev"
    }
},
"lowlevel": {
    "mfcc": {
        "mean": [-712.463195801, 76.5376586914, -23.3596057892, 38.0719718933, -11.2196969986, -1.66244661808, -5.76744794846, -10.3639221191, -8.29979801178, -5.92022228241, -4.24801921844, 0.166532933712, -0.428891569376],
        "var": [10309.5566406, 1083.31274414, 712.880065918, 407.137481689, 240.604629517, 198.303695679, 165.50567627, 126.110023499, 112.015762329, 114.9088974, 91.3480529785, 81.6095199585, 82.231262207]
    },
    "mfcc_bands": {
        "mean": [3.8393867726e-05, 0.000124149577459, 0.000109804313979, 0.000132524131914, 8.15364401205e-05, 6.34406678728e-05, 5.87940703554e-05, 4.94981723023e-05, 2.78759998764e-05, 1.65304190887e-05, 1.01187461041e-05, 1.09879865704e-05, 1.39107842188e-05, 1.35581367431e-05, 8.04822411737e-06, 1.30326407088e-05, 1.03777592813e-05, 8.69961968419e-06, 9.38846551435e-06, 1.01086870927e-05, 1.30287880893e-05, 1.0928485608e-05, 1.12059051389e-05, 1.04886639747e-05, 1.30985654323e-05, 1.13905898615e-05, 1.24720017993e-05, 1.41115069709e-05, 8.98517737369e-06, 6.29536270935e-06, 4.40611029262e-06, 2.86919839709e-06, 1.94913536689e-06, 1.10993028102e-06, 6.3409129325e-07, 4.67915157287e-07, 3.59079393775e-07, 2.19387530365e-07, 1.92346291783e-07, 1.57824985081e-07],
        "var": [3.68256958261e-09, 2.99290761063e-08, 3.40919221742e-08, 3.42373134288e-08, 1.48919321319e-08, 7.73407826671e-09, 6.62986243682e-09, 4.89613416477e-09, 3.31207039572e-09, 2.62637422921e-09, 3.54868578967e-10, 5.45653966455e-10, 1.18482756939e-09, 6.88729684395e-10, 2.62362714887e-10, 6.01745764328e-10, 2.72507988397e-10, 2.03212238703e-10, 4.27651747348e-10, 4.01902983116e-10, 4.75791517296e-10, 3.02172231681e-10, 2.06601527553e-10, 1.77022022041e-10, 2.8028029897e-10, 1.99452704353e-10, 2.32415975354e-10, 3.51944778876e-10, 1.09502580614e-10, 5.48658445065e-11, 2.83192341105e-11, 1.22468103367e-11, 6.82744139002e-12, 1.72674136274e-12, 6.67080973793e-13, 5.01845797991e-13, 2.30618746756e-13, 8.08624678718e-14, 7.25007144706e-14, 6.04357465765e-14]
    }
}
}