{
"metadata": {
    "version": {
        "essentia": "2.1-dev"
    }
},
"lowlevel": {
    "mfcc": {
        "mean": [-714.221679688, 107.938323975, -23.3015441895, 41.4056777954, -17.2381496429, -5.96609306335, -6.64757013321, -6.70231246948, -6.76605033875, -11.037112236, -5.47552442551, -7.92254972458, -4.35803318024],
        "var": [10296.4150391, 2103.50390625, 530.13873291, 324.327941895, 301.933074951, 183.484771729, 157.407653809, 132.534088135, 123.46963501, 141.272918701, 88.4661407471, 81.1329040527, 68.7478790283]
    },
    "mfcc_bands": {
        "mean": [6.92526227795e-05, 0.000216329674004, 0.00021964473126, 0.000223420109251, 0.000226205738727, 0.000317863450618, 0.000115483606351, 4.68428734166e-05, 4.25808466389e-05, 9.08723013708e-05, 5.96851896262e-05, 1.83083084266e-05, 2.40512163145e-05, 1.56264959514e-05, 1.19879823615e-05, 1.4317492969e-05, 1.43723927977e-05, 7.74255750002e-06, 8.10297296994e-06, 7.80320806371e-06, 9.3930575531e-06, 9.60140823736e-06, 1.15868533612e-05, 1.11005010694e-05, 9.20552338357e-06, 9.26113170863e-06, 1.05678955151e-05, 8.16881947685e-06, 7.86628061178e-06, 4.89572130391e-06, 3.05119328914e-06, 2.60975070887e-06, 1.50426092205e-06, 7.69646590015e-07, 4.70551810849e-07, 2.79517649915e-07, 1.94924567154e-07, 1.61011286082e-07, 1.76610285507e-07, 1.15540473189e-07],
        "var": [2.32691022006e-08, 2.39593958895e-07, 2.33597035049e-07, 2.83786420141e-07, 1.1697136415e-07, 2.0429780534e-07, 3.64891761251e-08, 1.12308056188e-08, 5.75009462267e-09, 2.11724309196e-08, 1.37970959102e-08, 1.40208977761e-09, 1.56034463128e-09, 8.11143208157e-10, 4.48733133984e-10, 7.75137398712e-10, 9.21849485636e-10, 5.34912558692e-10, 1.69287889262e-10, 1.27988883381e-10, 1.40592787412e-10, 2.69342437242e-10, 5.85390624863e-10, 2.72193934059e-10, 2.36082736693e-10, 1.43154058052e-10, 2.18811774255e-10, 1.28242208519e-10, 1.7318520229e-10, 5.82927456305e-11, 2.12393175963e-11, 1.30128425396e-11, 4.49973999034e-12, 1.29945229924e-12, 7.11835863691e-13, 2.36011541256e-13, 1.08734500353e-13, 7.77243869851e-14, 1.25931911925e-13, 4.14594506187e-14]
    }
}
}