{
"metadata": {
    "version": {
        "essentia": "2.1-dev"
    }
},
"lowlevel": {
    "mfcc": {
        "mean": [-698.554992676, 99.9394454956, -31.3742599487, 23.3847770691, -15.9093875885, -11.6928834915, 5.86956357956, -12.8095369339, -6.76067733765, -8.42864608765, -2.86243057251, -3.82924246788, -3.66021466255],
        "var": [8884.07128906, 1853.39440918, 1494.88037109, 551.251098633, 303.598236084, 332.354095459, 228.583602905, 167.040054321, 150.940704346, 122.746116638, 108.976043701, 103.343231201, 108.383140564]
    },
    "mfcc_bands": {
        "mean": [2.88767023449e-05, 0.000189275611774, 0.000234924082179, 0.000283290952211, 0.000188135556527, 0.000115784241643, 0.000188151068869, 0.00013533270976, 0.000115336471936, 3.62902173947e-05, 5.51795019419e-05, 7.61686751503e-05, 9.10745220608e-05, 4.54663495475e-05, 3.65084706573e-05, 1.90904902411e-05, 6.35658579995e-05, 2.86699541903e-05, 2.09431309486e-05, 1.48410063048e-05, 1.43658162415e-05, 1.78174923349e-05, 1.63932745636e-05, 2.16728858504e-05, 2.51472320087e-05, 1.66658592207e-05, 1.2997417798e-05, 1.44572613863e-05, 1.04207574623e-05, 6.02226373303e-06, 4.18798390456e-06, 2.76874516203e-06, 1.92078687178e-06, 8.99028975709e-07, 5.91939055994e-07, 6.24055303433e-07, 3.00222097849e-07, 3.4048017028e-07, 4.70207140779e-07, 3.09800043397e-07],
        "var": [3.21489457278e-09, 1.2157637741e-07, 4.01703175612e-07, 5.94994332914e-07, 1.03402193474e-07, 3.94737682541e-08, 1.55273227165e-07, 6.50999183449e-08, 4.98563750284e-08, 4.90152762822e-09, 1.35721940353e-08, 3.43624400045e-08, 5.23973149313e-08, 9.58526946704e-09, 7.15981851585e-09, 1.96215599324e-09, 2.83467116446e-08, 4.74400430051e-09, 4.56053772524e-09, 1.06655950738e-09, 1.74265513131e-09, 1.24829213632e-09, 1.423044238e-09, 1.62427382655e-09, 1.81690540391e-09, 5.92058291282e-10, 3.93359789186e-10, 4.80292194904e-10, 2.3708165986e-10, 9.19950920997e-11, 7.01110905443e-11, 2.22490966623e-11, 1.1402959306e-11, 2.53969805256e-12, 1.14571665957e-12, 1.57585771689e-12, 3.71013468429e-13, 3.36690609204e-13, 5.74439855492e-13, 2.76883523704e-13]
    }
}
}