{
"metadata": {
    "version": {
        "essentia": "2.1-dev"
    }
},
"lowlevel": {
    "mfcc": {
        "mean": [-681.106323242, 114.377906799, -35.4476966858, 52.4101982117, -13.6218223572, -6.08920717239, -4.06890392303, -0.393478423357, -7.71861410141, -2.19801950455, -1.95587396622, -6.99407148361, -7.2204914093],
        "var": [8480.26953125, 1483.66296387, 733.580078125, 419.50012207, 325.363342285, 216.772323608, 237.943969727, 176.531738281, 162.15335083, 117.702468872, 99.2625579834, 94.4009857178, 86.6731338501]
    },
    "mfcc_bands": {
        "mean": [0.000111595560156, 0.000500372669194, 0.000443224009359, 0.000286609661998, 0.000336572207743, 0.000242813664954, 8.99917358765e-05, 0.000128805710119, 0.000130966305733, 0.000140402131365, 7.25656136638e-05, 4.32309680036e-05, 2.9063963666e-05, 2.39356504608e-05, 1.59948140208e-05, 2.85644837277e-05, 2.47887110163e-05, 2.60871438513e-05, 2.15318377741e-05, 2.28502667596e-05, 2.88084756903e-05, 3.27429006575e-05, 3.3330230508e-05, 5.17363005201e-05, 6.25895190751e-05, 4.21502554673e-05, 2.90902898996e-05, 1.57243466674e-05, 1.05529688881e-05, 7.32603211873e-06, 5.45894772586e-06, 3.46364663528e-06, 1.72330237547e-06, 1.02307672023e-06, 5.68299924453e-07, 3.30001796556e-07, 1.97101485355e-07, 1.48390782329e-07, 1.33495404953e-07, 1.34677520691e-07],
        "var": [3.29328671e-08, 1.28576016323e-06, 9.3475267704e-07, 1.85442772249e-07, 1.92754498585e-07, 1.52635180939e-07, 2.97333571098e-08, 7.70456125565e-08, 6.79770764123e-08, 9.10212136773e-08, 3.29564251444e-08, 1.19586429648e-08, 3.21673909731e-09, 2.01015404322e-09, 1.19243581675e-09, 2.55835086449e-09, 2.05164152334e-09, 3.11506487272e-09, 2.09331196821e-09, 2.90328316943e-09, 4.29877067276e-09, 6.0943872171e-09, 3.66190233692e-09, 7.71822250556e-09, 1.63680162757e-08, 6.96822510804e-09, 1.77910086663e-09, 5.91289295304e-10, 2.9241603583e-10, 1.75587516749e-10, 9.61821941536e-11, 3.73445163682e-11, 9.33223030103e-12, 3.21055768776e-12, 1.12626173578e-12, 3.53164220958e-13, 1.48888280177e-13, 1.47115230154e-13, 2.07293180559e-13, 1.8279578155e-13]
    }
}
}