{
"metadata": {
    "version": {
        "essentia": "2.1-dev"
    }
},
"lowlevel": {
    "mfcc": {
        "mean": [-719.611633301, 123.523117065, -28.4415493011, 39.9645118713, -5.97743654251, -7.734603405, -0.906851291656, -2.34342718124, 0.286480158567, -5.59156417847, -5.13608360291, -5.2636475563, -3.53762841225],
        "var": [13291.984375, 1625.47033691, 944.950500488, 414.772277832, 286.213317871, 152.058044434, 148.295928955, 133.613449097, 112.549217224, 87.4283370972, 62.1330223083, 53.0869369507, 51.9553337097]
    },
    "mfcc_bands": {
        "mean": [8.07467149571e-05, 0.000337171222782, 0.000298927741824, 0.000283801840851, 0.000143403420225, 0.000108524705865, 7.97092216089e-05, 6.16421020823e-05, 4.26377591793e-05, 5.08212178829e-05, 4.21464901592e-05, 3.12479096465e-05, 3.46343549609e-05, 1.5221457943e-05, 1.35008531288e-05, 1.5035200704e-05, 1.33942339744e-05, 1.25681335703e-05, 1.38829427669e-05, 2.10427588172e-05, 2.06866734516e-05, 1.78480822797e-05, 1.81820360012e-05, 1.64770863194e-05, 1.60379167937e-05, 1.01229088614e-05, 1.10485452751e-05, 1.1206486306e-05, 5.30103943674e-06, 3.32494255417e-06, 2.40156123255e-06, 1.56363785209e-06, 1.02929209334e-06, 4.34686938888e-07, 3.03822986325e-07, 1.89132734363e-07, 1.46596420336e-07, 1.20127239711e-07, 1.02009614977e-07, 7.97058561375e-08],
        "var": [1.2811340433e-08, 3.08529877202e-07, 3.53684953325e-07, 3.31649829377e-07, 4.26077129134e-08, 2.12286046519e-08, 1.28855983661e-08, 7.6555801698e-09, 4.1534606865e-09, 4.92579355083e-09, 4.51164972048e-09, 2.04993733099e-09, 3.18448156733e-09, 4.94330687495e-10, 4.25567220352e-10, 6.58995857883e-10, 4.56096438395e-10, 3.28361254853e-10, 5.85625159477e-10, 1.48803291911e-09, 1.05189057464e-09, 7.3138489709e-10, 6.29422736154e-10, 5.1186621608e-10, 4.28825197574e-10, 1.63312183221e-10, 2.38883191006e-10, 3.46360606862e-10, 6.53128731654e-11, 2.30706894561e-11, 1.23393326806e-11, 6.44623113569e-12, 3.5336206617e-12, 5.42907353188e-13, 3.57772784922e-13, 1.72662285945e-13, 1.36088243539e-13, 5.31768944471e-14, 3.28201888952e-14, 1.78392846692e-14]
    }
}
}