{
"metadata": {
    "version": {
        "essentia": "2.1-dev"
    }
},
"lowlevel": {
    "mfcc": {
        "mean": [-695.279968262, 93.6372528076, -34.629070282, 37.8896217346, -8.6246843338, -6.73488330841, 0.732762694359, -2.41573095322, -6.82387447357, -3.53777837753, -5.25753259659, -6.22200965881, -1.75086903572],
        "var": [5952.12695312, 1228.37695312, 597.594726562, 371.096313477, 221.712493896, 238.384399414, 278.511199951, 178.818634033, 139.784255981, 123.771240234, 111.919502258, 111.678947449, 101.649627686]
    },
    "mfcc_bands": {
        "mean": [7.0687266998e-05, 0.000233222861425, 0.000212146784179, 0.000129117848701, 0.000112607980554, 9.88748870441e-05, 6.91871100571e-05, 4.45514197054e-05, 3.88373409805e-05, 3.54214389517e-05, 4.07030602219e-05, 4.86413446197e-05, 3.43756037182e-05, 2.04970565392e-05, 2.40912195295e-05, 2.01986840693e-05, 1.90113132703e-05, 1.53157106979e-05, 1.41920318129e-05, 1.68364858837e-05, 1.5597908714e-05, 2.92050317512e-05, 1.88529975276e-05, 2.25867370318e-05, 1.99540791073e-05, 1.60023755598e-05, 1.9510722268e-05, 1.09695265564e-05, 4.59715920442e-06, 3.60510489372e-06, 2.69721476798e-06, 2.10399616662e-06, 1.43971919897e-06, 6.77230559631e-07, 5.04754268604e-07, 2.53591849741e-07, 2.30208570429e-07, 2.36992462987e-07, 2.2329599858e-07, 1.69606579448e-07],
        "var": [1.72850000979e-08, 2.37216937649e-07, 2.66722111064e-07, 6.71545024034e-08, 4.20344754559e-08, 2.64627644242e-08, 1.78461245781e-08, 8.012311703e-09, 4.2125369859e-09, 4.61083926595e-09, 6.10112982358e-09, 9.99506344357e-09, 4.52516646376e-09, 2.75687161988e-09, 3.9414818076e-09, 2.00400740447e-09, 2.11254858051e-09, 1.34813005204e-09, 4.83367457171e-10, 1.39320754933e-09, 7.99229848969e-10, 6.88841428342e-09, 1.06044018011e-09, 3.08084180389e-09, 8.16729794906e-10, 4.99838670454e-10, 6.22246698612e-10, 2.37795588776e-10, 3.71680568267e-11, 2.22844347142e-11, 1.22770951391e-11, 9.46671213642e-12, 4.7395607404e-12, 1.09243473642e-12, 7.80744392748e-13, 1.77340306611e-13, 3.5703812953e-13, 6.20814543436e-13, 5.2409384341e-13, 3.80712822379e-13]
    }
}
}