{
"metadata": {
    "version": {
        "essentia": "2.1-dev"
    }
},
"lowlevel": {
    "mfcc": {
        "mean": [-704.143371582, 87.6630325317, -24.682302475, 38.160949707, -18.3621692657, -9.02620601654, 6.45760583878, -7.94806194305, 1.71370518208, -2.0304582119, -5.6588139534, 4.94233798981, 3.98511719704],
        "var": [6188.67089844, 1103.46850586, 489.220581055, 328.254119873, 197.96937561, 221.614257812, 198.088745117, 134.041091919, 109.048683167, 116.888771057, 145.574310303, 142.205429077, 146.360595703]
    },
    "mfcc_bands": {
        "mean": [0.000110354747449, 0.000222910777666, 0.000156736801728, 0.000120441683976, 6.55534095131e-05, 9.22012332012e-05, 9.68231470324e-05, 5.8101824834e-05, 2.29002398555e-05, 4.05787031923e-05, 2.7274056265e-05, 5.15861975146e-05, 3.26284571202e-05, 2.01624134206e-05, 1.24564285215e-05, 1.58401508088e-05, 5.84359713685e-06, 8.11008067103e-06, 1.0728669622e-05, 1.01132354757e-05, 1.0266568097e-05, 1.17335421237e-05, 1.25590449898e-05, 1.04750652099e-05, 1.31882588903e-05, 1.4114591977e-05, 1.61292027769e-05, 1.32648083309e-05, 1.2971853721e-05, 1.26894028654e-05, 4.23172514274e-06, 2.10932284972e-06, 1.24108635191e-06, 5.72898841256e-07, 5.4999435406e-07, 3.56540908797e-07, 2.73326975275e-07, 2.41557273739e-07, 2.52445062188e-07, 2.16882440895e-07],
        "var": [3.93926740117e-08, 2.94037050708e-07, 2.16465537051e-07, 1.84630650324e-07, 2.36226096462e-08, 1.74027370292e-08, 1.5498375916e-08, 8.50053893942e-09, 2.49269027641e-09, 1.15338085749e-08, 4.55014959044e-09, 9.22996967745e-09, 3.91982668546e-09, 2.10562522973e-09, 1.25137822327e-09, 1.05248609827e-09, 1.64075239506e-10, 2.62109389748e-10, 6.74381273047e-10, 4.27094193345e-10, 3.86048054635e-10, 7.10763392586e-10, 5.96621863025e-10, 2.77235512325e-10, 5.1101661791e-10, 4.13322681636e-10, 4.8315279555e-10, 3.19532317272e-10, 4.25966262263e-10, 5.68907754239e-10, 4.55408245836e-11, 1.0003949058e-11, 3.74605338069e-12, 8.06620829158e-13, 1.17217379466e-12, 3.5019835881e-13, 2.09139224493e-13, 1.94799498797e-13, 3.38051797926e-13, 1.89041965133e-13]
    }
}
}