{
"metadata": {
    "version": {
        "essentia": "2.1-dev"
    }
},
"lowlevel": {
    "mfcc": {
        "mean": [-673.438232422, 88.5066070557, -48.4531707764, 50.4571151733, -15.7732801437, -1.82768297195, 4.02536725998, -6.09654331207, -5.68584251404, -4.61155319214, -5.2496919632, -5.41665267944, -5.44304943085],
        "var": [9679.74023438, 2142.89379883, 1720.15429688, 599.615234375, 449.034515381, 401.725158691, 349.142303467, 212.155334473, 181.809921265, 161.183990479, 116.103790283, 106.341239929, 103.679145813]
    },
    "mfcc_bands": {
        "mean": [0.000170170969795, 0.00044027340482, 0.000469926773803, 0.000490315374918, 0.000194517226191, 0.000116213479487, 8.94656986929e-05, 5.61322813155e-05, 6.57821365166e-05, 5.22284026374e-05, 5.50355835003e-05, 5.13232189405e-05, 4.63701289846e-05, 4.57252717752e-05, 7.64892756706e-05, 4.14944042859e-05, 5.02551556565e-05, 5.10033460159e-05, 3.59257464879e-05, 3.84605227737e-05, 3.33456700901e-05, 5.03652045154e-05, 4.36782829638e-05, 6.13890297245e-05, 7.51349580241e-05, 6.97293799021e-05, 5.69240946788e-05, 5.39866632607e-05, 2.75984202744e-05, 1.73916632775e-05, 1.28076935653e-05, 8.13211590867e-06, 4.25816460847e-06, 1.67394716755e-06, 8.93832691418e-07, 4.23504587843e-07, 3.1816185242e-07, 2.5614298238e-07, 2.17637150968e-07, 1.37376744647e-07],
        "var": [9.13361262178e-08, 1.41023963351e-06, 1.93278697225e-06, 1.38454663556e-06, 1.09886435951e-07, 4.70497170113e-08, 3.00461735492e-08, 1.57499666642e-08, 1.73254051106e-08, 1.12680442754e-08, 1.10709752477e-08, 9.684351987e-09, 7.58460849681e-09, 1.0247874549e-08, 2.90088486565e-08, 1.6714503559e-08, 9.19044751413e-09, 1.86833108984e-08, 3.53107143525e-09, 3.63663921199e-09, 2.53549203855e-09, 5.54927748198e-09, 3.36020322678e-09, 6.03475136529e-09, 9.32951849109e-09, 1.70305050062e-08, 5.14229281379e-09, 7.20687420852e-09, 1.29629795786e-09, 6.10149264446e-10, 5.60198110122e-10, 5.16181930532e-10, 1.09766029599e-10, 1.91915910247e-11, 3.83051706673e-12, 5.52946197944e-13, 3.54247176298e-13, 3.32379279265e-13, 2.70026134699e-13, 1.21063939039e-13]
    }
}
}