{
"metadata": {
    "version": {
        "essentia": "2.1-dev"
    }
},
"lowlevel": {
    "mfcc": {
        "mean": [-697.817871094, 102.523605347, -41.065071106, 40.6451034546, -16.0415496826, -4.41907167435, -1.50956773758, -9.60012340546, -4.23679304123, -3.17618465424, -1.18433785439, -0.553729951382, -0.487856209278],
        "var": [4720.56347656, 1224.70898438, 631.987304688, 193.970993042, 169.867797852, 199.991104126, 109.399528503, 91.5037231445, 63.2366409302, 64.2333374023, 65.7099304199, 68.8094482422, 85.9719467163]
    },
    "mfcc_bands": {
        "mean": [3.45070584444e-05, 0.000156512935064, 0.000203025861993, 0.00016998303181, 6.35414107819e-05, 5.08242374053e-05, 0.00011305375665, 0.000113461283036, 5.67900606256e-05, 3.4831406083e-05, 2.04831176234e-05, 3.46267552231e-05, 4.1732313548e-05, 2.40959525399e-05, 2.70365380857e-05, 2.35462484852e-05, 2.14891497308e-05, 1.81110808626e-05, 1.90460013982e-05, 1.74519445864e-05, 1.60458985192e-05, 1.72736617969e-05, 1.88782705663e-05, 1.86984143511e-05, 1.78847076313e-05, 1.70470430021e-05, 1.69163267856e-05, 1.59731771419e-05, 8.26359337225e-06, 5.09994288223e-06, 3.76515299649e-06, 1.88121794054e-06, 1.18150182971e-06, 4.7285590199e-07, 2.85696330593e-07, 1.72026673795e-07, 1.09734557441e-07, 8.76165344721e-08, 7.49283373125e-08, 6.04383671998e-08],
        "var": [5.45761258408e-09, 1.68768707454e-07, 3.61909712865e-07, 2.43176316417e-07, 1.71605840649e-08, 7.46927941719e-09, 4.76844803643e-08, 4.39706084876e-08, 1.09549747052e-08, 8.0594855234e-09, 2.8068312119e-09, 8.19280376874e-09, 1.07263300464e-08, 3.69321817573e-09, 4.56658044712e-09, 1.87699811249e-09, 1.7325372248e-09, 1.28737698279e-09, 1.07872832888e-09, 9.4018348662e-10, 8.45241820979e-10, 6.8275318732e-10, 1.38377898029e-09, 1.01095698479e-09, 6.63100463427e-10, 6.69345467941e-10, 5.45755829418e-10, 4.86051310311e-10, 1.29537505722e-10, 4.50246923078e-11, 2.17059512725e-11, 6.33508176473e-12, 2.54366341358e-12, 4.6438596241e-13, 1.47977008251e-13, 1.22539443328e-13, 3.19440586721e-14, 1.50900071518e-14, 1.2578702694e-14, 7.12674632985e-15]
    }
}
}