{
"metadata": {
    "version": {
        "essentia": "2.1-dev"
    }
},
"lowlevel": {
    "mfcc": {
        "mean": [-690.471130371, 108.978515625, -25.5514431, 41.7414855957, -16.1124286652, -9.56523609161, -1.96977853775, -4.7677397728, -6.21527385712, -7.76722335815, -5.0913977623, -4.49871635437, -2.22338342667],
        "var": [7603.44580078, 1140.04309082, 827.742675781, 469.599365234, 385.336425781, 276.07723999, 201.482070923, 157.68409729, 115.908424377, 140.192947388, 107.707572937, 92.4329681396, 94.1996307373]
    },
    "mfcc_bands": {
        "mean": [0.000100732024293, 0.00035812574788, 0.000433959445218, 0.000333786039846, 0.000194458029, 0.000149238287122, 0.000111583154649, 8.35472092149e-05, 0.000105754756078, 6.46408225293e-05, 4.29393694503e-05, 2.87815237243e-05, 2.74516969512e-05, 2.45601331699e-05, 1.91968356376e-05, 9.44375005929e-06, 9.84484267974e-06, 7.27171664039e-06, 1.15820848805e-05, 9.9949329524e-06, 1.24800917547e-05, 1.62329233717e-05, 1.6562800738e-05, 1.95322827494e-05, 1.7999780539e-05, 1.60108629643e-05, 2.1741110686e-05, 1.22511564769e-05, 8.54711197462e-06, 5.50440290681e-06, 4.05562786909e-06, 2.22055905397e-06, 1.09441498353e-06, 6.6549893063e-07, 5.19702211932e-07, 2.81673976588e-07, 1.6886791343e-07, 1.49676012029e-07, 1.2785434933e-07, 1.11107290479e-07],
        "var": [2.98952720357e-08, 3.83036478979e-07, 5.65187860957e-07, 2.95024761954e-07, 7.53456603775e-08, 4.6598387371e-08, 2.42256277261e-08, 1.39351588047e-08, 2.58697490096e-08, 1.8441456362e-08, 9.28269017209e-09, 2.11253725624e-09, 1.51063517251e-09, 1.32888322568e-09, 7.84257214725e-10, 1.91132651373e-10, 2.57901366929e-10, 1.02423840243e-10, 2.80191619906e-10, 1.89663368344e-10, 4.42031106163e-10, 6.84233558701e-10, 5.30425314782e-10, 6.46455666775e-10, 6.55235643521e-10, 5.87775550454e-10, 9.25901189053e-10, 3.26842164444e-10, 1.97059812912e-10, 6.56573198587e-11, 4.36128771986e-11, 9.16323093791e-12, 2.79284689993e-12, 1.23217831337e-12, 9.63935311779e-13, 3.1431319136e-13, 1.40904012091e-13, 8.4389147146e-14, 6.01199252599e-14, 3.03020514225e-14]
    }
}
}