{
"metadata": {
    "version": {
        "essentia": "2.1-dev"
    }
},
"lowlevel": {
    "mfcc": {
        "mean": [-779.060241699, 106.389694214, -5.50333404541, 33.4216156006, -11.14366436, -12.7910871506, -9.70038700104, -14.2492036819, -11.7605705261, -12.6264886856, -10.7330379486, -6.90294551849, -4.69064807892],
        "var": [17349.3710938, 2697.12036133, 1793.86047363, 494.163879395, 511.137115479, 300.636474609, 244.994400024, 183.128082275, 148.064498901, 110.564880371, 105.179534912, 75.2529449463, 90.9597549438]
    },
    "mfcc_bands": {
        "mean": [4.41581469204e-05, 0.000127751074615, 0.000165321558597, 0.000138200863148, 0.000413248693803, 0.000227662865655, 5.90208655922e-05, 2.83350109385e-05, 1.86732049769e-05, 1.65424844454e-05, 1.27425673782e-05, 9.60813667916e-06, 8.04409683042e-06, 7.08819516149e-06, 5.06129481437e-06, 4.21959794039e-06, 3.5824666611e-06, 3.86579358747e-06, 3.62972082257e-06, 4.49502340416e-06, 4.73018917546e-06, 5.18424849361e-06, 5.40259179616e-06, 5.8072050706e-06, 6.97355835655e-06, 6.48474269838e-06, 6.45056707071e-06, 5.45606917512e-06, 4.86004591949e-06, 4.11550581703e-06, 2.31278045248e-06, 1.69800114236e-06, 9.52266759668e-07, 6.70958684168e-07, 4.11809566003e-07, 3.47056356986e-07, 2.95091467706e-07, 2.71642335292e-07, 2.56264172549e-07, 1.7592914503e-07],
        "var": [4.87693885276e-09, 1.36191559363e-07, 1.76219032255e-07, 1.28055162918e-07, 5.75230046707e-07, 2.32542291201e-07, 4.60278961611e-08, 3.19518633773e-09, 8.63477733759e-10, 7.22568782585e-10, 4.61987670342e-10, 2.55532206506e-10, 1.75677583591e-10, 1.88741175466e-10, 8.38020555727e-11, 4.48505954598e-11, 3.67489892683e-11, 4.48164873268e-11, 3.82424890366e-11, 1.21844770384e-10, 1.49932039006e-10, 1.2704387542e-10, 1.12293903343e-10, 1.77716036331e-10, 2.36678676657e-10, 1.37831218661e-10, 1.13204730312e-10, 1.01617270154e-10, 7.00549479538e-11, 4.91821687543e-11, 1.4396314002e-11, 8.37240086288e-12, 2.52387910918e-12, 1.35860029823e-12, 4.89278485349e-13, 4.73837765899e-13, 3.49529053704e-13, 2.6275059602e-13, 2.32722261601e-13, 1.06181312657e-13]
    }
}
}