{
"metadata": {
    "version": {
        "essentia": "2.1-dev"
    }
},
"lowlevel": {
    "mfcc": {
        "mean": [-711.716674805, 101.867965698, -27.5241947174, 42.5137252808, -13.5564594269, -11.9798870087, -1.96236991882, -4.84627532959, -6.13482713699, -6.22119760513, -5.70893144608, -4.8767786026, -2.34934878349],
        "var": [7543.81933594, 2179.45898438, 1114.84082031, 259.198974609, 381.692657471, 208.261276245, 140.760253906, 127.707649231, 104.655929565, 106.500640869, 90.889503479, 79.424041748, 73.8151779175]
    },
    "mfcc_bands": {
        "mean": [4.69355545647e-05, 0.000136609029141, 0.000182564952411, 0.00019913817232, 9.96142844087e-05, 7.49691389501e-05, 8.45295071485e-05, 7.32751723262e-05, 3.63190411008e-05, 3.0960462027e-05, 3.02105854644e-05, 2.75320198853e-05, 2.95476147585e-05, 1.22783685583e-05, 1.79698854481e-05, 8.88352224138e-06, 9.52246864472e-06, 8.96261008165e-06, 1.24757998492e-05, 1.19552933029e-05, 1.07780497274e-05, 1.64733355632e-05, 1.52424445332e-05, 2.12763534364e-05, 1.99718397198e-05, 2.18954555748e-05, 2.00119084184e-05, 1.35528916871e-05, 9.23901279748e-06, 6.78258811604e-06, 4.41194015366e-06, 2.76165610558e-06, 1.5012278709e-06, 7.44391286389e-07, 4.65164646357e-07, 3.20907503237e-07, 2.09314379163e-07, 1.69240308878e-07, 1.78954351782e-07, 1.44604257457e-07],
        "var": [8.99024676926e-09, 1.37762043551e-07, 2.86048390308e-07, 2.32314192772e-07, 1.91984117492e-08, 1.58631507929e-08, 1.81583121872e-08, 1.89537292528e-08, 5.67439872867e-09, 3.85861387286e-09, 4.9986792483e-09, 3.08250425185e-09, 3.55034734945e-09, 1.05373609838e-09, 2.66212096811e-09, 2.47504433615e-10, 2.25261184705e-10, 3.30049293451e-10, 3.95341898107e-10, 3.86158910404e-10, 3.09419767586e-10, 6.60876298131e-10, 4.46787495889e-10, 9.03510710693e-10, 9.08344177653e-10, 1.43570622058e-09, 8.07324485042e-10, 3.90218940494e-10, 1.92099794405e-10, 1.02373588773e-10, 3.95251747998e-11, 1.4628916134e-11, 4.2742476225e-12, 1.24563206971e-12, 5.43728744754e-13, 2.13202895551e-13, 8.86439833754e-14, 7.19728164328e-14, 8.60129973973e-14, 5.70971221692e-14]
    }
}
}