{
"metadata": {
    "version": {
        "essentia": "2.1-dev"
    }
},
"lowlevel": {
    "mfcc": {
        "mean": [-733.81036377, 118.540260315, -55.0448684692, 45.2638015747, -15.0243339539, -4.01474237442, 5.16668367386, -2.34881424904, -0.748400986195, -3.0336022377, -0.683789551258, -3.61877059937, -3.59143590927],
        "var": [6103.57714844, 1355.76757812, 1013.60760498, 601.586120605, 296.268554688, 236.177520752, 185.396011353, 124.88483429, 133.979949951, 100.367591858, 107.59425354, 114.24647522, 114.121818542]
    },
    "mfcc_bands": {
        "mean": [4.8809684813e-05, 0.000155259869643, 0.00018314117915, 9.08263900783e-05, 5.59088948648e-05, 4.80467424495e-05, 3.94680646423e-05, 5.51819030079e-05, 3.870834189e-05, 4.06912731705e-05, 4.18452727899e-05, 2.50017837971e-05, 2.23441766138e-05, 1.45457461258e-05, 1.83912616194e-05, 1.53822475113e-05, 1.89538168343e-05, 1.25402975755e-05, 1.45775666169e-05, 1.18774487419e-05, 9.10507878871e-06, 1.22288465718e-05, 1.36526405186e-05, 1.0578909496e-05, 1.25661244965e-05, 1.05375138446e-05, 9.4659089882e-06, 5.97963298787e-06, 4.35669380749e-06, 2.40331701207e-06, 1.31259184855e-06, 7.84097949236e-07, 4.56634865031e-07, 2.11916884041e-07, 1.26342939666e-07, 6.83531098389e-08, 4.45942767158e-08, 4.14747240995e-08, 3.94495707212e-08, 3.22545083975e-08],
        "var": [4.29055191375e-09, 8.21506205284e-08, 1.502257021e-07, 2.76788476583e-08, 8.451348954e-09, 1.10904849748e-08, 8.51787795852e-09, 1.48095447017e-08, 8.97535645805e-09, 1.63537396958e-08, 8.84997497508e-09, 2.58555199473e-09, 1.14314813171e-09, 4.20961349112e-10, 1.16691301066e-09, 8.50958636889e-10, 1.05674202722e-09, 3.57043172805e-10, 1.08826092582e-09, 4.32482355484e-10, 2.53952830986e-10, 2.94301610859e-10, 3.04473363189e-10, 2.52871584783e-10, 4.84908724285e-10, 2.30253580091e-10, 1.83774453988e-10, 1.04996331074e-10, 5.2710755899e-11, 1.46415275737e-11, 5.34728598206e-12, 2.83581383202e-12, 1.4855017173e-12, 2.18959873561e-13, 8.92747993044e-14, 8.06227439952e-14, 2.61543309796e-14, 1.61463741276e-14, 9.55199224025e-15, 7.18307656194e-15]
    }
}
}