{
"metadata": {
    "version": {
        "essentia": "2.1-dev"
    }
},
"lowlevel": {
    "mfcc": {
        "mean": [-676.816162109, 79.8668518066, -44.769493103, 34.1922492981, -19.7333602905, -6.9078502655, -1.54503512383, -12.7778301239, -5.70128059387, -0.282397955656, -2.89136576653, -1.77906596661, -0.0156627837569],
        "var": [7480.96142578, 869.830688477, 950.55480957, 421.425201416, 364.670715332, 310.086730957, 314.848815918, 211.19871521, 208.920684814, 178.508758545, 154.328292847, 150.299713135, 138.975753784]
    },
    "mfcc_bands": {
        "mean": [6.56841511955e-05, 0.000227965632803, 0.00028092431603, 0.00024607242085, 0.000110313892947, 0.000179248396307, 9.89457330434e-05, 0.000122947443742, 8.19341657916e-05, 4.95436179335e-05, 4.21920776716e-05, 3.45728949469e-05, 5.48856260139e-05, 4.16494913225e-05, 2.87344701064e-05, 2.56985877058e-05, 3.76092648366e-05, 3.37664750987e-05, 4.76698223792e-05, 3.06854417431e-05, 3.15349425364e-05, 3.20131912304e-05, 2.34843773796e-05, 3.28971618728e-05, 3.43473475368e-05, 4.354092016e-05, 3.99876589654e-05, 2.99743041978e-05, 2.10981979762e-05, 9.32898547035e-06, 5.200402029e-06, 2.886788252e-06, 1.84500936484e-06, 8.52765936088e-07, 5.17454168403e-07, 3.31248145358e-07, 2.82744480273e-07, 2.42411744011e-07, 1.72411574795e-07, 1.49642644942e-07],
        "var": [1.6403152614e-08, 3.25070459439e-07, 6.17425030214e-07, 5.0808779406e-07, 5.22873655484e-08, 8.64507470055e-08, 1.73597864972e-08, 4.85270454931e-08, 2.50164280402e-08, 7.23089099708e-09, 7.26885618363e-09, 4.97144814204e-09, 1.44526888235e-08, 9.49119893789e-09, 5.39584865678e-09, 2.41424480407e-09, 3.89076193485e-09, 7.69915420307e-09, 1.07246806991e-08, 5.90038329307e-09, 8.08355160586e-09, 1.62450586316e-08, 3.06172798226e-09, 4.83211293201e-09, 5.95632876355e-09, 8.94073703961e-09, 5.89924153971e-09, 2.14979523072e-09, 1.22946952619e-09, 1.50226914242e-10, 3.97749506942e-11, 1.25610867194e-11, 6.19438701721e-12, 9.33894021143e-13, 4.15391191496e-13, 2.13715519891e-13, 1.24260668487e-13, 7.85617569805e-14, 3.61415643235e-14, 4.02298433824e-14]
    }
}
}