{
"metadata": {
    "version": {
        "essentia": "2.1-dev"
    }
},
"lowlevel": {
    "mfcc": {
        "mean": [-688.195800781, 79.6718826294, -33.2954177856, 37.3714752197, -13.2374286652, -4.60211849213, -1.00543189049, -7.00636911392, -6.07484388351, -3.911632061, -4.50494146347, -2.51997637749, 0.453553676605],
        "var": [8272.31152344, 1024.51794434, 616.043273926, 386.587097168, 333.605438232, 279.657470703, 228.863983154, 155.803497314, 128.84413147, 97.9580764771, 89.0959854126, 84.1202774048, 95.7862167358]
    },
    "mfcc_bands": {
        "mean": [7.17249204172e-05, 0.000163897231687, 0.000116099450679, 9.23632833292e-05, 0.000100083212601, 0.000141885946505, 0.000154940702487, 8.83079919731e-05, 4.82594077766e-05, 3.63256804121e-05, 3.42169842042e-05, 3.9177833969e-05, 4.14700407418e-05, 3.91610010411e-05, 2.7836418667e-05, 2.35863335547e-05, 1.90410974028e-05, 1.84204709512e-05, 2.0377603505e-05, 2.04178195418e-05, 1.84511918633e-05, 1.97503013624e-05, 1.64649009093e-05, 2.33707542066e-05, 2.16632051888e-05, 1.87004152394e-05, 2.03018262255e-05, 2.19045050471e-05, 1.46459942698e-05, 8.30795215734e-06, 5.07774939251e-06, 3.78484901375e-06, 2.45734713644e-06, 1.25298913645e-06, 8.12643406789e-07, 4.99258419495e-07, 4.23659230364e-07, 3.51489632067e-07, 2.72567035609e-07, 2.12142694522e-07],
        "var": [1.3693397527e-08, 8.91300970807e-08, 3.20692414846e-08, 1.67414562213e-08, 2.81220096099e-08, 8.51994101936e-08, 1.28491564055e-07, 4.60997853224e-08, 1.95890468291e-08, 6.94902091425e-09, 5.48788303689e-09, 1.19901892859e-08, 1.36423325969e-08, 1.14712923605e-08, 1.11644533618e-08, 4.90462381819e-09, 1.6569244865e-09, 1.59034008185e-09, 2.54415177814e-09, 3.10171310858e-09, 1.39068001559e-09, 2.75078870793e-09, 6.73350153413e-10, 2.37510255907e-09, 9.05545749497e-10, 5.20800846893e-10, 7.54666384939e-10, 9.76484004767e-10, 3.61568830431e-10, 1.23858007184e-10, 5.45132862462e-11, 3.06211930812e-11, 1.42272816792e-11, 4.65428477009e-12, 2.42192832629e-12, 1.13100533713e-12, 1.25871904046e-12, 7.10420925646e-13, 2.97152764634e-13, 2.06031616464e-13]
    }
}
}