{
"metadata": {
    "version": {
        "essentia": "2.1-dev"
    }
},
"lowlevel": {
    "mfcc": {
        "mean": [-718.103027344, 110.32421875, -17.1550045013, 46.3879623413, -14.8821163177, -6.75575733185, 0.42248365283, -4.47956800461, -5.69799280167, -5.06288957596, -4.21608257294, -4.9871468544, -2.47976875305],
        "var": [12271.6738281, 1712.09741211, 1252.64379883, 469.331878662, 385.968780518, 233.050888062, 171.725082397, 152.180206299, 111.687217712, 124.163948059, 109.398300171, 90.7534942627, 90.0685806274]
    },
    "mfcc_bands": {
        "mean": [4.99264242535e-05, 0.000181810799404, 0.000296324462397, 0.000334162788931, 0.000270811171504, 0.000139714567922, 9.86670638667e-05, 0.000121945886349, 7.02297111275e-05, 5.65585578443e-05, 5.73309262109e-05, 2.93140383292e-05, 4.02606056014e-05, 2.60827946477e-05, 1.84662894753e-05, 1.29410591398e-05, 1.51034164446e-05, 1.01921386886e-05, 8.48204035719e-06, 8.41284690978e-06, 7.21240394341e-06, 1.13014993985e-05, 1.26672512124e-05, 1.09470529424e-05, 1.17874142234e-05, 1.50269006554e-05, 1.57752947416e-05, 9.39601432037e-06, 5.75463946006e-06, 4.43029421149e-06, 2.99316775454e-06, 2.08315441341e-06, 1.0894685829e-06, 7.13400879704e-07, 4.43736126954e-07, 2.43606280037e-07, 1.60260967164e-07, 1.29493443524e-07, 1.15383734567e-07, 1.03573441379e-07],
        "var": [4.77327244397e-09, 1.03872352497e-07, 4.30880589875e-07, 5.04724482653e-07, 1.76388283535e-07, 5.75938550185e-08, 2.45613751559e-08, 4.73888306374e-08, 1.80634032176e-08, 1.43895082516e-08, 1.21099086314e-08, 4.19270040908e-09, 8.97669583111e-09, 2.50535858726e-09, 2.63059662942e-09, 1.63370861284e-09, 1.62992674912e-09, 5.49878698131e-10, 4.6067460957e-10, 1.9549212249e-10, 7.79549272356e-11, 2.31987457022e-10, 3.52238460621e-10, 2.31142230356e-10, 2.35967051454e-10, 4.92944185471e-10, 4.61441662658e-10, 2.16063347769e-10, 9.1082190401e-11, 4.77490026685e-11, 2.16472603731e-11, 8.93153693365e-12, 2.3053301889e-12, 1.24899634905e-12, 6.3226496521e-13, 1.71918279309e-13, 6.64679289798e-14, 4.7000621575e-14, 3.48105909603e-14, 3.13762111724e-14]
    }
}
}