{
"metadata": {
    "version": {
        "essentia": "2.1-dev"
    }
},
"lowlevel": {
    "mfcc": {
        "mean": [-692.544555664, 111.394851685, -43.0147743225, 36.4684715271, -18.4652404785, -14.7146587372, -0.272432655096, -6.65357923508, -10.829873085, -0.104513987899, -7.50683355331, -9.11018466949, -1.52116525173],
        "var": [7904.99316406, 1141.72119141, 1060.64331055, 538.582214355, 319.746765137, 237.693191528, 183.654663086, 111.226913452, 148.746673584, 117.716812134, 105.930160522, 102.427375793, 79.6759185791]
    },
    "mfcc_bands": {
        "mean": [5.85591478739e-05, 0.000147907456267, 0.000154885594384, 0.000149956773384, 0.000132887944346, 0.000122762168758, 0.000102217491076, 0.000114713751827, 6.36193435639e-05, 5.33158417966e-05, 5.2523388149e-05, 6.70601002639e-05, 6.96713323123e-05, 2.7482461519e-05, 2.21227473958e-05, 1.63722979778e-05, 2.29838733503e-05, 2.41361631197e-05, 1.70339480974e-05, 2.97804581351e-05, 2.04078878596e-05, 2.13509829337e-05, 1.94491167349e-05, 2.7949705327e-05, 3.69571134797e-05, 5.20151843375e-05, 3.27462985297e-05, 2.11377046071e-05, 7.4200288509e-06, 3.68254518435e-06, 2.86099498226e-06, 1.5569947891e-06, 1.02771377897e-06, 6.3238508119e-07, 4.62994904638e-07, 2.52372871046e-07, 2.01266686872e-07, 1.50745819383e-07, 1.2310999864e-07, 8.88677007538e-08],
        "var": [1.38864093557e-08, 1.42500368838e-07, 9.26975616267e-08, 3.57681919638e-08, 2.52935485889e-08, 3.02364284721e-08, 2.68054449748e-08, 3.10161958339e-08, 1.03232249415e-08, 8.6426172885e-09, 7.1581123251e-09, 1.54097890004e-08, 1.89467570522e-08, 2.66977484564e-09, 1.16304132991e-09, 5.37716260407e-10, 1.50137080546e-09, 1.54775692263e-09, 5.21400311815e-10, 3.96794508362e-09, 2.19539675328e-09, 3.04424974118e-09, 1.18331000554e-09, 2.42341124945e-09, 4.49834125504e-09, 6.13348305478e-09, 2.21184537352e-09, 1.00374231149e-09, 1.45196007995e-10, 3.8370976535e-11, 2.12082434947e-11, 8.32642288451e-12, 4.85548016724e-12, 1.42597186229e-12, 8.07212803544e-13, 2.99170627507e-13, 2.94898003586e-13, 8.9081973948e-14, 4.94946931476e-14, 2.67873017604e-14]
    }
}
}