{
"metadata": {
    "version": {
        "essentia": "2.1-dev"
    }
},
"lowlevel": {
    "mfcc": {
        "mean": [-667.643798828, 97.797164917, -27.6401195526, 32.9936218262, -19.7686748505, -12.6214141846, -4.07832288742, -8.61564731598, -3.3822555542, -4.01163196564, -4.78318023682, -3.77513885498, -3.02295851707],
        "var": [8262.86132812, 1176.37463379, 583.462585449, 265.152832031, 236.136672974, 179.963150024, 265.047943115, 130.977554321, 138.157165527, 97.9963912964, 93.9521408081, 79.7965087891, 74.1538314819]
    },
    "mfcc_bands": {
        "mean": [9.22066174098e-05, 0.000265761394985, 0.000277238257695, 0.000202275245101, 0.000205886710319, 0.000225485084229, 0.00019904243527, 0.00015167282254, 0.000134523404995, 8.23788941489e-05, 6.90781016601e-05, 4.77787143609e-05, 3.11787080136e-05, 2.55869927059e-05, 1.73322350747e-05, 1.69896175066e-05, 1.46334787132e-05, 1.47729779201e-05, 1.39253015732e-05, 1.63988370332e-05, 1.50870710058e-05, 1.74862816493e-05, 1.78422633326e-05, 2.01449274755e-05, 2.06091099244e-05, 2.16649714275e-05, 2.87774237222e-05, 2.22594553634e-05, 1.34606170832e-05, 8.93672950042e-06, 6.15765839029e-06, 4.77016646983e-06, 2.50945026892e-06, 1.45853539379e-06, 1.0357263136e-06, 5.94373148033e-07, 5.01115550833e-07, 4.34264563864e-07, 3.83874720455e-07, 3.9212000047e-07],
        "var": [1.43967966437e-08, 2.35592949593e-07, 2.40231258886e-07, 9.84684689342e-08, 9.88552812942e-08, 1.28504893837e-07, 1.45515244299e-07, 9.31795085535e-08, 7.469186869e-08, 1.48835512803e-08, 1.37307791803e-08, 1.0454447974e-08, 3.33873018121e-09, 1.73838854423e-09, 9.24885057429e-10, 5.48191214644e-10, 3.86383980366e-10, 3.56547291691e-10, 3.59581336928e-10, 4.17859358226e-10, 3.7569303224e-10, 4.68827476841e-10, 4.9371662314e-10, 1.23618293379e-09, 1.0441992826e-09, 8.27806323489e-10, 1.95283433868e-09, 7.7083567307e-10, 3.42540162901e-10, 1.70484737438e-10, 9.12602007852e-11, 7.62186216918e-11, 3.21988824492e-11, 9.85527631725e-12, 5.39029671592e-12, 1.18272709335e-12, 6.01674743014e-13, 5.88855136527e-13, 3.63547977529e-13, 4.46580652232e-13]
    }
}
}