{
"metadata": {
    "version": {
        "essentia": "2.1-dev"
    }
},
"lowlevel": {
    "mfcc": {
        "mean": [-675.939086914, 91.2140808105, -28.0008945465, 43.4616966248, -3.98947072029, -10.9991722107, 3.93322920799, -3.79703378677, -0.781242191792, -4.82840394974, -4.4408659935, -3.18456554413, -0.717878639698],
        "var": [8863.86132812, 1222.86962891, 621.877807617, 381.108428955, 193.071868896, 215.632827759, 168.576034546, 131.126708984, 115.107276917, 105.158157349, 94.0194854736, 82.6125946045, 68.3043441772]
    },
    "mfcc_bands": {
        "mean": [7.78452740633e-05, 0.000268813513685, 0.000234645049204, 0.000182233561645, 0.000150059422594, 0.000135804293677, 9.38580851653e-05, 6.40676880721e-05, 9.11832103156e-05, 6.79454387864e-05, 3.54558360414e-05, 4.59213733848e-05, 5.03964220115e-05, 3.71588321286e-05, 2.18962650251e-05, 2.48053656833e-05, 2.15528452827e-05, 1.64146040333e-05, 2.80651529465e-05, 2.15108375414e-05, 2.98466256936e-05, 3.64867701137e-05, 3.45963599102e-05, 2.98336253763e-05, 3.88532607758e-05, 2.81990469375e-05, 2.65628514171e-05, 1.97759181901e-05, 1.31353954202e-05, 6.83603911966e-06, 4.1441940084e-06, 2.60455908574e-06, 1.56838416387e-06, 1.016828719e-06, 6.5698270646e-07, 4.68097567818e-07, 3.7523338392e-07, 3.34456473183e-07, 3.6444882312e-07, 3.10540343662e-07],
        "var": [1.11754436816e-08, 2.42016426455e-07, 1.74429388267e-07, 9.79692842407e-08, 3.57048470789e-08, 4.69989274166e-08, 5.17501490549e-08, 2.57620591526e-08, 3.54641400691e-08, 2.95000290862e-08, 9.46528722068e-09, 1.89416144991e-08, 1.61613318284e-08, 1.09266693471e-08, 3.84958021016e-09, 9.44110301049e-09, 5.4023177043e-09, 1.95983318463e-09, 5.35143040992e-09, 2.64673549744e-09, 5.78177727917e-09, 7.90877496826e-09, 5.2915272164e-09, 2.16477080706e-09, 3.80430398295e-09, 1.32981248235e-09, 1.64593183527e-09, 6.72749855823e-10, 2.74477440776e-10, 1.15543866142e-10, 2.35968172085e-11, 9.7894149384e-12, 3.4604259562e-12, 1.96977265228e-12, 8.13713950821e-13, 4.68603617281e-13, 3.45223415826e-13, 3.89460626292e-13, 3.44486049929e-13, 2.41909872125e-13]
    }
}
}