{
"metadata": {
    "version": {
        "essentia": "2.1-dev"
    }
},
"lowlevel": {
    "mfcc": {
        "mean": [-709.682312012, 94.2923278809, -47.1393470764, 32.9565887451, -27.367477417, -21.8678512573, -5.49439573288, -7.38660573959, -13.2550106049, -4.28458929062, -5.45640468597, -6.56484460831, -4.81309509277],
        "var": [7948.81103516, 929.643493652, 910.512023926, 590.421020508, 346.648864746, 481.593963623, 298.87600708, 206.854507446, 261.535736084, 200.397262573, 138.227890015, 105.087127686, 130.982345581]
    },
    "mfcc_bands": {
        "mean": [5.5883454479e-05, 0.000127801569761, 0.000219786845264, 0.000179479975486, 9.09778173082e-05, 7.66897428548e-05, 8.58883140609e-05, 8.39293861645e-05, 6.23175001238e-05, 5.14416387887e-05, 5.61107553949e-05, 1.98398392968e-05, 1.98477482627e-05, 1.78202735697e-05, 1.51576577991e-05, 1.33203129735e-05, 1.52654083649e-05, 1.19155665743e-05, 9.28270037548e-06, 1.05961271402e-05, 1.02108069768e-05, 1.42535600389e-05, 1.56178793986e-05, 3.75033996534e-05, 2.28731751122e-05, 1.77072379302e-05, 2.82910714304e-05, 1.83640022442e-05, 6.29854866929e-06, 4.10336724599e-06, 2.27821237786e-06, 1.54724114054e-06, 9.16042893095e-07, 5.74364833028e-07, 3.14234824828e-07, 2.15104734025e-07, 1.47140795548e-07, 1.19993686098e-07, 1.13278829872e-07, 8.34444620068e-08],
        "var": [1.17300533731e-08, 1.29764288204e-07, 3.29721814296e-07, 1.95166194317e-07, 9.20698397522e-08, 1.36603190981e-08, 1.51857832975e-08, 1.20305898577e-08, 9.42055056186e-09, 6.93950852337e-09, 8.56509974057e-09, 1.21776577711e-09, 7.8678313864e-10, 1.29758281897e-09, 5.77661585233e-10, 5.43639799844e-10, 7.82284514944e-10, 5.7882787452e-10, 2.23704027524e-10, 3.8945305314e-10, 2.90807627978e-10, 7.20625670247e-10, 4.44043996017e-10, 4.49903092559e-09, 1.39998668214e-09, 5.15371634258e-10, 1.63952118548e-09, 9.09922581727e-10, 7.74443009721e-11, 3.48982093223e-11, 1.05333086003e-11, 5.06984341661e-12, 1.44805749423e-12, 8.71274189948e-13, 2.16206758985e-13, 1.42018395741e-13, 7.36124282732e-14, 4.49789470535e-14, 3.68427077041e-14, 2.17360919303e-14]
    }
}
}