{
"metadata": {
    "version": {
        "essentia": "2.1-dev"
    }
},
"lowlevel": {
    "mfcc": {
        "mean": [-696.066223145, 90.3670043945, -30.8658618927, 50.3046302795, -14.3346738815, 0.82878023386, 0.760560572147, -6.79139137268, -4.09646368027, -5.76864719391, -4.97729158401, -3.42489743233, -0.446211397648],
        "var": [9853.66601562, 1709.56091309, 873.942321777, 518.714782715, 325.937774658, 351.405181885, 212.565917969, 139.84954834, 122.97719574, 104.551010132, 101.654083252, 94.369140625, 102.261741638]
    },
    "mfcc_bands": {
        "mean": [0.000149572995724, 0.000296888116281, 0.000450061983429, 0.000379105331376, 0.000278642197372, 0.000116879680718, 7.94977822807e-05, 7.01312310412e-05, 6.36657932773e-05, 3.02919852402e-05, 2.24778905249e-05, 2.72922025033e-05, 2.11267670238e-05, 2.30281766562e-05, 1.71951396624e-05, 1.31841525217e-05, 1.35103828143e-05, 1.6096062609e-05, 1.37057604661e-05, 1.60314120876e-05, 1.79096332431e-05, 1.75102595676e-05, 2.06574077311e-05, 2.16597964027e-05, 2.59852167801e-05, 2.51894416579e-05, 3.47222339769e-05, 3.13834898407e-05, 2.03781601158e-05, 1.18684774861e-05, 8.60765157995e-06, 7.37757272873e-06, 3.67573716176e-06, 1.29932925574e-06, 8.48188562941e-07, 5.15803435519e-07, 2.65633815388e-07, 2.23698194191e-07, 1.96228072014e-07, 1.2147629036e-07],
        "var": [2.96659088406e-08, 2.80025858501e-07, 1.08190295123e-06, 1.27610428535e-06, 5.4953380868e-07, 5.25110444016e-08, 3.29482858774e-08, 3.67325441175e-08, 3.08599332755e-08, 8.39949620968e-09, 3.71124841969e-09, 3.80600528871e-09, 1.92229743234e-09, 1.75537562264e-09, 1.12895681692e-09, 6.57966792161e-10, 7.71217034679e-10, 9.76634328964e-10, 8.10795375283e-10, 1.04159814107e-09, 1.0590188726e-09, 1.24659538248e-09, 2.07926209583e-09, 1.82883963529e-09, 2.25515628394e-09, 1.44605805108e-09, 3.11792125451e-09, 2.88946488958e-09, 1.08246822617e-09, 3.33787913975e-10, 2.07970640709e-10, 2.37428188221e-10, 4.63880635293e-11, 5.06993622432e-12, 2.85636857049e-12, 1.03214008521e-12, 2.21260116891e-13, 2.05830564723e-13, 1.29288683167e-13, 4.75772273954e-14]
    }
}
}