{
"metadata": {
    "version": {
        "essentia": "2.1-dev"
    }
},
"lowlevel": {
    "mfcc": {
        "mean": [-695.000671387, 88.6508026123, -32.4329338074, 55.8950042725, -11.0478830338, -0.741525352001, 3.71211695671, -6.00328636169, -5.08687353134, -4.99300527573, -7.68431520462, -5.12149524689, -3.57917380333],
        "var": [4192.28173828, 1063.07128906, 984.92791748, 487.1328125, 267.615386963, 339.647766113, 155.172653198, 183.897583008, 128.61807251, 97.4900588989, 99.786567688, 85.9218215942, 81.0466156006]
    },
    "mfcc_bands": {
        "mean": [6.43280654913e-05, 0.000317874626489, 0.00045001230319, 0.000293179589789, 0.00016716036771, 9.35412172112e-05, 4.37829148723e-05, 3.48261964973e-05, 2.39373621298e-05, 2.65021881205e-05, 2.08408109756e-05, 1.83055581147e-05, 3.22534469888e-05, 1.24718244479e-05, 1.35414147735e-05, 1.65825586009e-05, 2.1857315005e-05, 9.54632105277e-06, 1.46614574987e-05, 1.80247661774e-05, 2.00237718673e-05, 1.99089990929e-05, 1.95877364604e-05, 2.06512177101e-05, 2.39053642872e-05, 3.11983712891e-05, 2.3590582714e-05, 2.04328534892e-05, 1.79168164323e-05, 7.38087646823e-06, 3.87131240132e-06, 2.4922017019e-06, 1.35057371153e-06, 7.72826524553e-07, 4.13272601918e-07, 2.96679104395e-07, 2.06300455829e-07, 1.55083156983e-07, 1.20904473988e-07, 9.19098326335e-08],
        "var": [1.17547553913e-08, 3.50526221382e-07, 1.08826156975e-06, 1.06125276034e-06, 9.92269022504e-08, 3.02787590556e-08, 1.58477995171e-08, 3.2141345141e-09, 2.7494952981e-09, 4.68103067419e-09, 2.08623540665e-09, 3.0323916711e-09, 8.10327094314e-09, 1.45273804097e-09, 1.31275434967e-09, 4.40191172402e-09, 8.50844639189e-09, 4.12691020246e-10, 1.91500171276e-09, 3.17065018685e-09, 5.27337906675e-09, 3.0565012743e-09, 2.07391037677e-09, 1.36952449381e-09, 2.43187447957e-09, 6.23427931501e-09, 1.50078505179e-09, 1.03830810616e-09, 1.5921284291e-09, 1.18446835673e-10, 2.68278108062e-11, 1.08597150369e-11, 3.55324016738e-12, 1.48197719287e-12, 4.16815534995e-13, 2.66495213484e-13, 1.33542902756e-13, 8.39839198077e-14, 6.80353532843e-14, 4.72352327608e-14]
    }
}
}