{
"metadata": {
    "version": {
        "essentia": "2.1-dev"
    }
},
"lowlevel": {
    "mfcc": {
        "mean": [-666.451293945, 86.1563491821, -33.5465164185, 45.9654884338, -11.168595314, -2.19113326073, 4.55280256271, -4.81775331497, -4.41462039948, -3.94300365448, -7.37864303589, -6.05468940735, -4.48092031479],
        "var": [6726.03759766, 1013.50183105, 818.966796875, 471.000762939, 213.815383911, 218.852722168, 114.70223999, 109.026695251, 111.260536194, 95.7879333496, 94.5111694336, 76.7020721436, 77.1720428467]
    },
    "mfcc_bands": {
        "mean": [8.02766371635e-05, 0.000320715102134, 0.000436841306509, 0.000343256571796, 0.000280380627373, 0.000148728126078, 4.4110140152e-05, 5.71534365008e-05, 6.48737404845e-05, 8.0071593402e-05, 3.41294544342e-05, 4.97606306453e-05, 7.81182752689e-05, 1.79756298166e-05, 1.90540049516e-05, 3.70597845176e-05, 4.43682947662e-05, 1.45167214214e-05, 2.28246153711e-05, 2.50497432717e-05, 2.12731229112e-05, 2.42961777985e-05, 2.29611323448e-05, 2.80613512587e-05, 3.37274177582e-05, 4.03680714953e-05, 2.57866377069e-05, 2.16494681808e-05, 1.66460995388e-05, 9.09942536964e-06, 5.44896374777e-06, 3.45567900695e-06, 1.82840108209e-06, 9.06870525341e-07, 5.90078514051e-07, 4.29491649356e-07, 3.06887216084e-07, 2.67939810783e-07, 2.57722632568e-07, 2.01786733101e-07],
        "var": [2.13217692391e-08, 4.17603132519e-07, 1.19771254958e-06, 9.48526519551e-07, 2.07629497595e-07, 6.6964041423e-08, 5.37091660036e-09, 7.83652520653e-09, 1.62918905033e-08, 3.3856963455e-08, 5.60638691027e-09, 1.46440131132e-08, 2.52152627667e-08, 1.9904509152e-09, 1.07503661528e-09, 1.63964877231e-08, 2.13885495981e-08, 4.71541805602e-10, 3.27153837354e-09, 3.10274850257e-09, 2.91120083595e-09, 3.70086139512e-09, 1.90702564851e-09, 1.63624169769e-09, 3.12084491583e-09, 5.7193942915e-09, 7.84799447651e-10, 5.58328938638e-10, 3.97212596148e-10, 1.02178140948e-10, 4.25401484871e-11, 1.94643051676e-11, 4.80826359631e-12, 1.27888118932e-12, 6.56760073842e-13, 3.24829789802e-13, 2.46689983979e-13, 2.86869649129e-13, 2.5568634124e-13, 1.46831047212e-13]
    }
}
}