{
"metadata": {
    "version": {
        "essentia": "2.1-dev"
    }
},
"lowlevel": {
    "mfcc": {
        "mean": [-778.939819336, 103.302482605, -11.8842763901, 38.9882469177, 5.99199104309, -3.34378600121, 9.62778186798, -4.96143627167, -1.73458254337, -7.33723258972, -7.08953475952, -9.22281646729, -4.17345380783],
        "var": [10740.7490234, 1418.95715332, 828.333862305, 452.77243042, 261.650421143, 377.500732422, 207.937606812, 132.443969727, 148.004898071, 123.205108643, 115.895614624, 129.010696411, 94.4802322388]
    },
    "mfcc_bands": {
        "mean": [4.23460478487e-05, 0.000165460107382, 0.000349360052496, 0.000268786185188, 0.000117982504889, 3.52718234353e-05, 1.62713458849e-05, 1.15255625133e-05, 9.38142238738e-06, 8.57957820699e-06, 5.29220505996e-06, 1.02361436802e-05, 1.62042306329e-05, 7.99163535703e-06, 4.83042822452e-06, 4.58804743175e-06, 5.0963171816e-06, 6.03715034231e-06, 4.71856310469e-06, 4.978574907e-06, 6.84655606165e-06, 5.5824152696e-06, 3.97620942749e-06, 6.2680173869e-06, 3.99874579671e-06, 3.69114559362e-06, 2.87325065074e-06, 3.6423846268e-06, 3.12345378006e-06, 1.31641877488e-06, 8.42780025323e-07, 6.33731360722e-07, 4.91599905672e-07, 3.07203407601e-07, 1.48180731685e-07, 1.53219858134e-07, 1.32089382987e-07, 1.48975786374e-07, 1.73370125367e-07, 1.80001350714e-07],
        "var": [5.91205928657e-09, 1.99715259441e-07, 6.21271396994e-07, 7.78681339852e-07, 1.50296131096e-07, 4.37710090395e-09, 1.74012237952e-09, 6.52075282659e-10, 4.57715115809e-10, 2.84648971061e-10, 1.25707735887e-10, 1.25628218939e-09, 4.52619675073e-09, 7.65209617892e-10, 9.74199818038e-11, 1.15125083078e-10, 1.91685889384e-10, 2.37550951132e-10, 2.95674013051e-10, 2.50122533796e-10, 7.05488001351e-10, 3.3972194502e-10, 6.20222276315e-11, 2.9011359981e-10, 5.11754076615e-11, 4.36102681745e-11, 2.49394480761e-11, 3.57675417062e-11, 3.05887468133e-11, 6.17775622325e-12, 2.56672894744e-12, 1.33798722969e-12, 9.82024899766e-13, 3.79183148639e-13, 7.88353147411e-14, 1.39766440066e-13, 1.08490649732e-13, 1.06178019393e-13, 1.30992588196e-13, 1.59029907298e-13]
    }
}
}