{
"metadata": {
    "version": {
        "essentia": "2.1-dev"
    }
},
"lowlevel": {
    "mfcc": {
        "mean": [-679.356628418, 98.4992904663, -44.504776001, 37.6595153809, -15.7019329071, -11.1448383331, -5.40335893631, -6.71825456619, -8.15238761902, -2.8352355957, -6.20160579681, -7.14485931396, -4.48135375977],
        "var": [6583.50537109, 987.384643555, 969.301879883, 384.508636475, 273.98135376, 261.699615479, 240.753799438, 137.061218262, 173.174179077, 113.889701843, 98.3895950317, 83.9300079346, 73.6558685303]
    },
    "mfcc_bands": {
        "mean": [5.45294242329e-05, 0.000225520183449, 0.000263619207544, 0.000252843194176, 0.000196505265194, 0.000131971115479, 9.85153674264e-05, 0.000107451924123, 9.70168111962e-05, 8.31178040244e-05, 6.05613022344e-05, 4.50052430097e-05, 4.059249477e-05, 3.44340514857e-05, 2.55292125075e-05, 2.85680125671e-05, 2.62669636868e-05, 2.6824818633e-05, 3.06542788167e-05, 3.23101776303e-05, 2.95265945169e-05, 2.93064877042e-05, 2.8861921237e-05, 3.82148828066e-05, 2.80277890852e-05, 3.64535626431e-05, 2.80872591247e-05, 1.94587337319e-05, 9.56475469138e-06, 5.696972039e-06, 4.00480212193e-06, 2.51709116128e-06, 1.62565163464e-06, 1.03653076167e-06, 6.78048365899e-07, 3.51814009036e-07, 2.58414615928e-07, 1.99938654077e-07, 1.84360786193e-07, 1.33347313636e-07],
        "var": [1.67463518608e-08, 3.26491772284e-07, 4.65962074259e-07, 3.31199942138e-07, 1.07984114095e-07, 6.16022717281e-08, 3.44529027529e-08, 3.26930020833e-08, 2.93790805017e-08, 2.16489208782e-08, 1.16533653838e-08, 7.99527022366e-09, 6.77183908948e-09, 5.77847769634e-09, 2.41643149934e-09, 2.5455135777e-09, 2.11253947668e-09, 2.64479149692e-09, 3.76384612366e-09, 3.42662498376e-09, 4.10794243066e-09, 3.32497873679e-09, 2.68091815414e-09, 4.36387148639e-09, 2.52203102846e-09, 3.81376041858e-09, 2.20335660828e-09, 1.07779696279e-09, 2.22537141492e-10, 9.00816365945e-11, 4.8618293419e-11, 1.82989005892e-11, 1.06716441239e-11, 4.7000125146e-12, 1.87371429136e-12, 5.56060080793e-13, 2.49468387571e-13, 1.09762371447e-13, 1.00382640297e-13, 5.10043057594e-14]
    }
}
}