{
"metadata": {
    "version": {
        "essentia": "2.1-dev"
    }
},
"lowlevel": {
    "mfcc": {
        "mean": [-736.841674805, 77.454536438, -28.715259552, 54.3364982605, -7.22156572342, -6.18626308441, -1.73754942417, -10.4139757156, -8.88158607483, -0.588160872459, -8.71660709381, -8.62404632568, -1.42345738411],
        "var": [21019.0039062, 1763.29406738, 2135.75219727, 405.012390137, 445.15927124, 248.399368286, 185.986999512, 168.28755188, 109.43788147, 141.928771973, 105.747596741, 117.834182739, 106.145736694]
    },
    "mfcc_bands": {
        "mean": [8.88902577572e-05, 0.000220454647206, 0.00030684217927, 0.000304727029288, 0.000127931984025, 8.47170449561e-05, 9.281358507e-05, 2.69718584605e-05, 2.74715366686e-05, 2.2629619707e-05, 1.115618943e-05, 2.02034389076e-05, 1.62813557836e-05, 1.64392276929e-05, 7.99053395895e-06, 1.09711581899e-05, 1.63594777405e-05, 1.65608853422e-05, 2.00986287382e-05, 3.41669328918e-05, 2.14871070057e-05, 2.41643756453e-05, 2.46669569606e-05, 3.227142588e-05, 4.43615208496e-05, 5.43112582818e-05, 5.77179162065e-05, 3.7778976548e-05, 1.82546245924e-05, 8.62559227244e-06, 4.43019916929e-06, 2.82328460344e-06, 1.65438029853e-06, 9.89925638351e-07, 6.64011338358e-07, 5.51096661638e-07, 4.52400769291e-07, 2.54608266914e-07, 1.73299383732e-07, 1.36879094725e-07],
        "var": [3.75609481296e-08, 3.43908169498e-07, 9.24491416754e-07, 6.56775000607e-07, 8.24451902304e-08, 6.09115389238e-08, 3.65093590915e-08, 2.00852334764e-09, 5.10105557794e-09, 2.17486273435e-09, 6.23351981144e-10, 1.71684877426e-09, 1.50318890668e-09, 1.50502410534e-09, 2.33514346748e-10, 4.94995711087e-10, 1.1659270216e-09, 9.96915217044e-10, 1.04909303467e-09, 7.9780360096e-09, 2.33069807898e-09, 2.28977015126e-09, 1.22059240493e-09, 2.64555910512e-09, 6.03702376978e-09, 1.41052636238e-08, 6.88451207154e-09, 2.60193977475e-09, 5.52656143071e-10, 1.24965551795e-10, 3.81773536395e-11, 1.53895628879e-11, 6.84715825705e-12, 2.82123630013e-12, 1.73893299933e-12, 2.89285327464e-12, 2.22005313438e-12, 4.04563914921e-13, 1.35089842416e-13, 8.42602422839e-14]
    }
}
}