{
"metadata": {
    "version": {
        "essentia": "2.1-dev"
    }
},
"lowlevel": {
    "mfcc": {
        "mean": [-729.041442871, 101.670684814, -6.04148292542, 38.3088722229, -11.1179103851, -1.29157531261, 2.10364580154, -2.38796567917, -0.95001065731, -7.54748392105, -10.3717517853, -7.77499485016, -3.3343360424],
        "var": [16939.8359375, 1749.12927246, 837.186584473, 565.655944824, 294.870147705, 194.731277466, 153.962402344, 150.038757324, 133.646530151, 168.274673462, 197.769119263, 143.543655396, 96.9044647217]
    },
    "mfcc_bands": {
        "mean": [0.000105187376903, 0.000311328854878, 0.000327104527969, 0.000267983152298, 0.000142812015838, 8.01732676337e-05, 7.18519513612e-05, 3.80833553209e-05, 3.20710423694e-05, 3.05686116917e-05, 4.20192845922e-05, 6.0554852098e-05, 5.93444092374e-05, 1.26725381051e-05, 7.93543404143e-06, 7.37040818422e-06, 7.55918836148e-06, 8.39758013171e-06, 6.43192470307e-06, 9.70458131633e-06, 8.7066227934e-06, 9.68951007962e-06, 7.09616006134e-06, 9.14961947274e-06, 8.73544286151e-06, 9.45793726714e-06, 1.28361125462e-05, 1.02883541331e-05, 8.5280107669e-06, 6.52712469673e-06, 4.27444774687e-06, 2.76950527223e-06, 1.33291803195e-06, 9.16117983252e-07, 4.80892367705e-07, 3.67424689784e-07, 2.32114430787e-07, 1.80218989954e-07, 1.74661678898e-07, 1.6270449521e-07],
        "var": [3.11389207752e-08, 3.4743334254e-07, 4.63515931415e-07, 4.47402385362e-07, 4.09242524313e-08, 9.2887519898e-09, 1.06267883382e-08, 3.64396379737e-09, 3.97082056125e-09, 4.97445329373e-09, 1.03173700694e-08, 1.53554058357e-08, 1.73937966252e-08, 2.06739003694e-09, 1.92638321961e-10, 1.46292200576e-10, 2.12199743888e-10, 2.47697223843e-10, 9.01161159583e-11, 3.47896128572e-10, 2.11981890375e-10, 2.13669290594e-10, 8.57844212332e-11, 1.4182274799e-10, 1.24335167162e-10, 1.47961726205e-10, 2.81704798377e-10, 1.98974198229e-10, 1.42236819545e-10, 7.7491332795e-11, 3.17861986732e-11, 1.39647009234e-11, 3.04172615914e-12, 1.7838636384e-12, 4.95498932683e-13, 2.94905349056e-13, 1.06128430696e-13, 6.44433711581e-14, 5.7004849788e-14, 5.53659596197e-14]
    }
}
}