{
"metadata": {
    "version": {
        "essentia": "2.1-dev"
    }
},
"lowlevel": {
    "mfcc": {
        "mean": [-652.782348633, 67.6581497192, -31.3671226501, 40.3243370056, -15.0163536072, -1.78729474545, 2.45258569717, -6.88739204407, -0.607069611549, -2.03754782677, -3.8257920742, -2.52111625671, -1.85810160637],
        "var": [7660.36669922, 920.250976562, 771.27746582, 391.357879639, 388.619171143, 274.908172607, 214.250335693, 153.956298828, 144.009140015, 103.103927612, 80.4778137207, 79.9247207642, 73.325340271]
    },
    "mfcc_bands": {
        "mean": [0.000111057044705, 0.000221784386667, 0.00035392830614, 0.000235029190662, 9.90100161289e-05, 0.000125960243167, 0.000100200573797, 4.74896733067e-05, 4.92334074806e-05, 6.85383565724e-05, 5.24743045389e-05, 3.44851396221e-05, 4.10492393712e-05, 5.66471426282e-05, 2.36452651734e-05, 2.11009682971e-05, 2.26523043239e-05, 3.08596354444e-05, 3.17937119689e-05, 2.56151197391e-05, 2.54218011833e-05, 2.53753969446e-05, 2.73784698948e-05, 3.14640637953e-05, 3.36853008776e-05, 4.55084446003e-05, 3.47656823578e-05, 3.24080829159e-05, 3.03476153931e-05, 2.06099393836e-05, 1.17920426419e-05, 7.18785531717e-06, 4.17800583818e-06, 2.68648318524e-06, 1.45424053244e-06, 1.24541293189e-06, 9.53615824528e-07, 7.30299632323e-07, 5.55721555884e-07, 3.66284552911e-07],
        "var": [4.69973109318e-08, 1.20283729643e-07, 9.75101443146e-07, 4.92223648507e-07, 2.6546205234e-08, 6.30619823028e-08, 2.72829030479e-08, 6.94875046392e-09, 7.5861441573e-09, 1.5181235824e-08, 8.29994561968e-09, 3.31704352874e-09, 5.52738788073e-09, 1.38724649545e-08, 1.74502734485e-09, 9.42007583049e-10, 1.21673415787e-09, 2.54936249888e-09, 3.02927039009e-09, 1.95307126027e-09, 1.54593060575e-09, 1.63212521276e-09, 1.96036853417e-09, 2.33238650615e-09, 1.82153736539e-09, 3.23332249863e-09, 1.62231417189e-09, 1.48674639266e-09, 1.31541866288e-09, 6.81837142302e-10, 2.56082183236e-10, 9.85499737371e-11, 3.91322425852e-11, 1.88736613144e-11, 5.897439221e-12, 5.03075619357e-12, 3.42529672161e-12, 2.09283241778e-12, 1.16184525108e-12, 4.17698482139e-13]
    }
}
}