{
"metadata": {
    "version": {
        "essentia": "2.1-dev"
    }
},
"lowlevel": {
    "mfcc": {
        "mean": [-701.684753418, 74.7719268799, -42.009098053, 38.2273330688, -20.5608558655, -7.80531549454, -0.117836982012, -6.93733167648, -5.20364809036, -1.77789473534, -3.57305574417, -6.16108894348, -3.97048330307],
        "var": [8879.21386719, 1826.10229492, 691.955566406, 500.27734375, 224.089492798, 326.992858887, 153.230056763, 120.313186646, 131.757827759, 119.734062195, 95.7320022583, 88.2178955078, 72.6194076538]
    },
    "mfcc_bands": {
        "mean": [5.37210107723e-05, 0.000129705003928, 0.000140312520671, 0.000100839446532, 5.90008239669e-05, 3.55467709596e-05, 2.05937813007e-05, 2.84189682134e-05, 5.84783265367e-05, 5.15326028108e-05, 1.45848180182e-05, 3.57534918294e-05, 4.52118802059e-05, 1.23407317005e-05, 1.667935976e-05, 1.21902685351e-05, 1.44490568346e-05, 1.53179971676e-05, 1.55965753947e-05, 1.22746996567e-05, 1.21201383081e-05, 1.68878668774e-05, 1.65967121575e-05, 2.00487429538e-05, 2.53353900916e-05, 2.50493612839e-05, 3.5636312532e-05, 2.07520952245e-05, 1.46545753523e-05, 9.93564208329e-06, 6.69182418278e-06, 4.82995892526e-06, 2.15981094698e-06, 1.16670560146e-06, 6.94133632351e-07, 3.85172086226e-07, 2.22858943744e-07, 1.76466912194e-07, 1.59711632364e-07, 1.2152632678e-07],
        "var": [1.92116349496e-08, 2.01317007509e-07, 2.83452237682e-07, 1.2386533399e-07, 6.44633946223e-09, 2.06138417447e-09, 1.05827413499e-09, 4.79229012029e-09, 1.70649929743e-08, 2.02066789967e-08, 1.20099530321e-09, 1.28535964095e-08, 2.48615688037e-08, 1.91380311598e-09, 1.4044990726e-09, 9.55286960647e-10, 7.87665155322e-10, 1.09466125053e-09, 5.70802183297e-10, 3.93609728144e-10, 3.35426658671e-10, 6.41551922698e-10, 6.57892795797e-10, 7.85238984946e-10, 8.11177847115e-10, 7.64597885006e-10, 1.57380775079e-09, 5.37711430937e-10, 2.86469015176e-10, 1.4516360336e-10, 6.61723523199e-11, 3.59389046301e-11, 6.76316684947e-12, 2.0005759202e-12, 1.02657932068e-12, 2.43716966096e-13, 9.36148741534e-14, 7.11575302804e-14, 6.77432624428e-14, 3.42722608648e-14]
    }
}
}