{
"metadata": {
    "version": {
        "essentia": "2.1-dev"
    }
},
"lowlevel": {
    "mfcc": {
        "mean": [-711.586730957, 108.215492249, -43.47082901, 17.0130405426, -12.9034900665, 0.0646406039596, 4.39397668839, -4.27320384979, -0.145030841231, -3.3616771698, -5.6784081459, -6.48471593857, -6.61535692215],
        "var": [3613.93920898, 1627.5982666, 956.49432373, 283.089538574, 201.958236694, 246.623474121, 181.912277222, 193.087081909, 110.575134277, 91.3095245361, 109.18952179, 91.7663116455, 94.5446472168]
    },
    "mfcc_bands": {
        "mean": [7.66518278397e-05, 0.000130493557663, 0.000126645798446, 7.49614118831e-05, 4.63639007648e-05, 5.98596416239e-05, 2.67331797659e-05, 2.39087548835e-05, 2.47307762038e-05, 5.64436741115e-05, 5.08201337652e-05, 3.90611421608e-05, 4.10085376643e-05, 3.78694203391e-05, 2.34797134908e-05, 2.12894301512e-05, 2.24722771236e-05, 2.68235253316e-05, 2.26543015742e-05, 1.40244537761e-05, 1.09910915853e-05, 7.10713175067e-06, 8.67425114848e-06, 8.85717781784e-06, 5.78669187234e-06, 5.16452655575e-06, 6.44794727123e-06, 3.82900543627e-06, 3.16630121233e-06, 2.83449980998e-06, 1.82366238732e-06, 1.25799112993e-06, 7.22163463251e-07, 4.69474542797e-07, 3.30357522671e-07, 2.15062541997e-07, 1.61691914968e-07, 1.57220739538e-07, 1.54041998712e-07, 1.32952479248e-07],
        "var": [3.88385927863e-08, 2.32879742157e-07, 1.22525946722e-07, 3.29608411676e-08, 5.59716317738e-09, 5.4762434587e-09, 1.70332636884e-09, 3.1185514171e-09, 1.85094639615e-09, 5.62083846134e-09, 6.48204556697e-09, 1.03294244269e-08, 1.20872343246e-08, 1.78585466415e-08, 4.97303798142e-09, 9.57884327413e-10, 1.75727288276e-09, 6.94080171115e-09, 6.54754694907e-09, 1.87772619675e-09, 3.00973301837e-10, 1.65233743354e-10, 2.36995978398e-10, 2.16652168428e-10, 5.66919913791e-11, 4.40970385207e-11, 1.0630334113e-10, 3.23639517963e-11, 4.17582253498e-11, 3.43185133089e-11, 1.12614370953e-11, 4.99652662994e-12, 1.59085971393e-12, 9.03944725062e-13, 3.6246030591e-13, 1.32682764515e-13, 6.48626660195e-14, 6.77147682544e-14, 8.90716333698e-14, 6.63231541085e-14]
    }
}
}