{
"metadata": {
    "version": {
        "essentia": "2.1-dev"
    }
},
"lowlevel": {
    "mfcc": {
        "mean": [-722.924377441, 95.359916687, -16.7258300781, 27.2008323669, -22.4486274719, -14.2577915192, 1.82150971889, -8.31719589233, -7.7483048439, -4.94237565994, -6.32298612595, -3.07168674469, -5.81629180908],
        "var": [16780.3632812, 1521.48376465, 835.751647949, 539.138793945, 346.76953125, 617.330200195, 155.15725708, 173.602081299, 122.94102478, 96.0440216064, 105.648002625, 89.8242111206, 85.9817352295]
    },
    "mfcc_bands": {
        "mean": [5.98710648774e-05, 0.000178828486241, 0.000249216507655, 0.000281104032183, 0.00017041504907, 0.000114334005048, 0.000142838645843, 0.00015175275621, 7.88399920566e-05, 8.94092372619e-05, 4.01177167078e-05, 5.51592966076e-05, 4.03112862841e-05, 1.86878751265e-05, 1.68050883076e-05, 1.59274713951e-05, 1.25649739857e-05, 1.05708732008e-05, 8.57158102008e-06, 7.91143065726e-06, 8.27628355182e-06, 1.11783720058e-05, 1.36631779242e-05, 1.20976283142e-05, 1.56573078129e-05, 1.64463071997e-05, 1.8729675503e-05, 1.49756097017e-05, 9.86241684586e-06, 6.86486873747e-06, 4.7871571951e-06, 3.53087125404e-06, 1.97888289222e-06, 1.0040256484e-06, 7.85175643614e-07, 4.78955371364e-07, 3.4498975765e-07, 2.84031500541e-07, 2.23604885718e-07, 1.34436575649e-07],
        "var": [1.77144023894e-08, 2.56842866975e-07, 4.3782171133e-07, 3.54598853392e-07, 6.2078051144e-08, 4.13538110422e-08, 1.00766236244e-07, 1.57044880211e-07, 2.30303704996e-08, 3.90715406695e-08, 5.79564973791e-09, 1.06220818807e-08, 5.53152412763e-09, 9.63959689848e-10, 8.58353721434e-10, 8.24209644978e-10, 5.59097990127e-10, 5.44222555909e-10, 5.18210585554e-10, 3.91998988825e-10, 3.35828337361e-10, 5.44968459248e-10, 1.00273001014e-09, 6.9246353096e-10, 8.75762407038e-10, 7.90548293494e-10, 6.93209267766e-10, 4.40644881694e-10, 1.99284519442e-10, 9.29371302139e-11, 4.47572257034e-11, 2.36549287103e-11, 7.26632946521e-12, 1.9298089602e-12, 1.50391255439e-12, 5.12377683684e-13, 2.17141232837e-13, 1.41071955007e-13, 7.21544880593e-14, 2.99683136651e-14]
    }
}
}