{
"metadata": {
    "version": {
        "essentia": "2.1-dev"
    }
},
"lowlevel": {
    "mfcc": {
        "mean": [-734.225219727, 92.5094070435, -23.1043739319, 51.292514801, 3.29639911652, 11.4335031509, 1.16462492943, -5.44928693771, -0.251355201006, -4.6074719429, -4.83916807175, -3.21419930458, -2.16111516953],
        "var": [9836.10742188, 2039.48608398, 1042.01953125, 481.669128418, 392.655151367, 267.713287354, 234.354736328, 111.503265381, 98.5219497681, 73.8662948608, 57.9445037842, 59.4196815491, 47.8305778503]
    },
    "mfcc_bands": {
        "mean": [0.000115838265629, 0.0002492259664, 0.000139160372782, 0.000205739153898, 0.000119719421491, 4.98050067108e-05, 2.40639437834e-05, 2.21455102292e-05, 1.4863112483e-05, 8.21421781438e-06, 6.77471598465e-06, 7.62008085076e-06, 8.06062689662e-06, 7.88487068348e-06, 9.98013729259e-06, 1.02443882497e-05, 9.32664897846e-06, 9.84705366136e-06, 9.11158440431e-06, 1.3067976397e-05, 1.15631000881e-05, 1.07728401417e-05, 1.11262079372e-05, 1.30218040795e-05, 8.65908623382e-06, 9.62486046774e-06, 9.92666628008e-06, 9.31098475121e-06, 7.9426663433e-06, 5.55416727366e-06, 3.57140538654e-06, 2.27863665714e-06, 1.28848159875e-06, 8.33945989598e-07, 3.37848490517e-07, 1.98897737391e-07, 1.51316541519e-07, 1.06537527245e-07, 9.33196915298e-08, 7.46983417343e-08],
        "var": [3.49677513611e-08, 7.5821667167e-08, 3.75550435194e-08, 1.29208672206e-07, 3.22718420875e-08, 8.36771274493e-09, 1.56152035746e-09, 1.22802035207e-09, 6.59671706149e-10, 1.89442642129e-10, 1.12230363891e-10, 1.31801097814e-10, 1.51285775574e-10, 1.29774496704e-10, 3.43535561109e-10, 4.34317859455e-10, 2.35933300674e-10, 1.97845795302e-10, 1.66260796797e-10, 6.30352936515e-10, 3.00796665353e-10, 2.66245914204e-10, 5.0776471916e-10, 8.20811585367e-10, 2.07315678513e-10, 2.40715114508e-10, 3.71341901673e-10, 1.96976379652e-10, 1.25065013901e-10, 6.97723268051e-11, 3.44830032584e-11, 2.11626879215e-11, 5.42042322485e-12, 2.48687550587e-12, 2.72860320493e-13, 8.95446368963e-14, 7.41845278783e-14, 2.76810316341e-14, 2.52331165809e-14, 1.43740085074e-14]
    }
}
}