{
"metadata": {
    "version": {
        "essentia": "2.1-dev"
    }
},
"lowlevel": {
    "mfcc": {
        "mean": [-679.94744873, 80.5698394775, -24.1945991516, 49.1141090393, -4.80691480637, 6.66567468643, 5.54380655289, -1.61205840111, -5.96206474304, -0.155073821545, -5.59377384186, -4.27710342407, -4.84056758881],
        "var": [7980.51757812, 1307.546875, 937.835388184, 448.082977295, 333.570404053, 259.778198242, 179.9715271, 149.614578247, 136.085983276, 151.339538574, 105.562408447, 121.248336792, 103.900238037]
    },
    "mfcc_bands": {
        "mean": [0.000118722680782, 0.000338718411513, 0.000547266856302, 0.000439884373918, 0.000173566135345, 0.000127465536934, 7.28181476006e-05, 3.10706236633e-05, 3.64408588212e-05, 4.61547351733e-05, 5.82179418416e-05, 3.85693201679e-05, 2.34826256928e-05, 3.11543044518e-05, 3.72157301172e-05, 2.3592974685e-05, 2.09379286389e-05, 3.57532844646e-05, 3.66279782611e-05, 1.95438824449e-05, 1.68057176779e-05, 2.12522591028e-05, 1.91292638192e-05, 2.55337872659e-05, 2.10950565815e-05, 2.40582430706e-05, 2.88520441245e-05, 2.48177457252e-05, 1.54789140652e-05, 1.08030708361e-05, 7.59430986363e-06, 6.65225752527e-06, 3.32061995323e-06, 1.74875879111e-06, 1.43430793287e-06, 9.26308473481e-07, 7.83549239713e-07, 5.46765988929e-07, 3.44601573943e-07, 2.56749387972e-07],
        "var": [3.30570664175e-08, 3.42037623113e-07, 2.11416931961e-06, 1.87803209428e-06, 9.50159630975e-08, 5.02630221888e-08, 2.19607656504e-08, 4.40055547557e-09, 6.67123734033e-09, 9.8628909484e-09, 1.6319651408e-08, 1.03290060949e-08, 3.50907636282e-09, 4.72508610017e-09, 9.30333587945e-09, 2.90206703113e-09, 2.25213203642e-09, 8.18102385836e-09, 2.7968761529e-08, 1.94107907525e-09, 1.73127268077e-09, 3.24359894499e-09, 1.69019986895e-09, 2.14755901951e-09, 6.85674572676e-10, 1.00025621119e-09, 1.92850690972e-09, 3.11450421009e-09, 5.12700382149e-10, 2.69613137371e-10, 1.20968624007e-10, 1.01635762306e-10, 2.77123289594e-11, 8.32444356502e-12, 7.28654549892e-12, 2.70963676843e-12, 2.42290692717e-12, 1.13935564542e-12, 3.88205553857e-13, 2.34129691546e-13]
    }
}
}