{
"metadata": {
    "version": {
        "essentia": "2.1-dev"
    }
},
"lowlevel": {
    "mfcc": {
        "mean": [-704.26965332, 84.7570953369, -31.3457984924, 51.8315887451, -9.53913784027, 0.939433395863, -1.01922249794, -3.60348749161, 1.62059283257, -0.0684938728809, 0.738158226013, 0.268742829561, 1.86628198624],
        "var": [12735.3164062, 1337.97912598, 1323.88391113, 629.320007324, 369.71484375, 206.592971802, 217.686904907, 151.852249146, 131.780456543, 89.658706665, 97.2489852905, 136.090713501, 125.558021545]
    },
    "mfcc_bands": {
        "mean": [0.000153380795382, 0.000280593783827, 0.000254392653005, 0.000234909835854, 0.000116506489576, 6.60182558931e-05, 0.000131624939968, 0.000171602689079, 0.000197037952603, 4.7967521823e-05, 4.25079269917e-05, 3.90902496292e-05, 3.81672616641e-05, 4.90883030579e-05, 2.7893574952e-05, 1.47505415953e-05, 1.63162785611e-05, 1.931794759e-05, 1.58994516823e-05, 1.80682109203e-05, 2.06556760531e-05, 2.26812171604e-05, 1.86665638466e-05, 1.7697129806e-05, 1.97476365429e-05, 2.36967334786e-05, 2.18166514969e-05, 2.1184067009e-05, 1.49648931256e-05, 9.721031347e-06, 5.89026285525e-06, 3.49580318471e-06, 2.1719392862e-06, 9.89406998997e-07, 5.16086231528e-07, 2.7253346957e-07, 1.96295118826e-07, 2.06409069392e-07, 1.74252889451e-07, 1.39340684768e-07],
        "var": [4.80629296362e-08, 4.41300358034e-07, 4.02417128953e-07, 4.30861831546e-07, 8.16735621356e-08, 2.15510116419e-08, 7.77252111561e-08, 1.39525354825e-07, 2.91392780127e-07, 6.91784549645e-08, 1.5577422019e-08, 1.19151648548e-08, 1.3469485971e-08, 1.95457197094e-08, 4.81931561325e-09, 1.79081183216e-09, 7.29627580576e-10, 6.66838362307e-10, 4.5207113053e-10, 7.62034102486e-10, 7.56286977488e-10, 8.23196011357e-10, 5.69121083593e-10, 4.18191536955e-10, 6.4355121232e-10, 9.38218835955e-10, 1.27677801665e-09, 1.53841106521e-09, 7.9507295192e-10, 2.42748932067e-10, 9.59434823256e-11, 3.39188122034e-11, 1.72134442117e-11, 2.47586066232e-12, 6.40275864012e-13, 1.78088175717e-13, 8.9203756957e-14, 1.57293869227e-13, 9.85972235931e-14, 7.66532765538e-14]
    }
}
}