{
"metadata": {
    "version": {
        "essentia": "2.1-dev"
    }
},
"lowlevel": {
    "mfcc": {
        "mean": [-643.361572266, 91.565612793, -44.5647087097, 24.7878990173, -25.8688335419, -11.9289979935, -2.19142317772, -8.78513622284, -7.09828519821, -6.55696058273, -5.46610546112, -2.65278077126, -3.63738298416],
        "var": [5108.03027344, 867.209777832, 466.372772217, 271.160949707, 209.913757324, 328.939910889, 155.816238403, 125.536468506, 108.613418579, 116.687385559, 99.0684509277, 87.1481399536, 80.0793762207]
    },
    "mfcc_bands": {
        "mean": [3.98755437345e-05, 0.000127966122818, 0.000185959535884, 0.000205410047784, 0.000251871970249, 0.000321916129906, 0.000155495770741, 0.000119423020806, 0.000178451315151, 0.000195223925402, 9.10591697902e-05, 6.93664842402e-05, 6.56997290207e-05, 7.22244949429e-05, 5.48509706277e-05, 4.95858439535e-05, 3.31018818542e-05, 3.22302585118e-05, 4.03304220526e-05, 2.22506223508e-05, 2.40405133809e-05, 3.44139734807e-05, 2.86683862214e-05, 3.26389927068e-05, 3.53035320586e-05, 3.48673238477e-05, 3.2548323361e-05, 2.16629814531e-05, 2.07581069844e-05, 1.31933311422e-05, 7.50248455006e-06, 4.88207479066e-06, 2.63465335593e-06, 1.4915462998e-06, 9.40256597914e-07, 6.31800219253e-07, 4.3765211899e-07, 4.23763310664e-07, 3.85591988561e-07, 2.62671932205e-07],
        "var": [5.10101383355e-09, 1.65857471757e-07, 3.63431524875e-07, 2.77616265976e-07, 1.25786598915e-07, 2.48645164902e-07, 5.17747302808e-08, 4.63241818238e-08, 1.03794697282e-07, 1.36876749934e-07, 1.84632416023e-08, 7.4733002009e-09, 9.03945807096e-09, 9.41411926192e-09, 7.94361731948e-09, 7.02906621797e-09, 2.74939759848e-09, 2.82617707015e-09, 4.77801043175e-09, 8.68373095653e-10, 1.10253917107e-09, 1.83564075051e-09, 2.11784723092e-09, 2.33315566867e-09, 2.68732058828e-09, 1.70574876446e-09, 1.39306643998e-09, 7.45121353507e-10, 6.45692443957e-10, 2.75547362705e-10, 1.00007287174e-10, 5.44302797278e-11, 1.96070104597e-11, 5.94109570567e-12, 2.35459872086e-12, 8.75245026195e-13, 3.63529546092e-13, 4.42799009265e-13, 5.07029639628e-13, 3.40772142492e-13]
    }
}
}