{
"metadata": {
    "version": {
        "essentia": "2.1-dev"
    }
},
"lowlevel": {
    "mfcc": {
        "mean": [-696.030029297, 99.8198471069, -25.2285327911, 38.4661598206, -15.4667329788, -8.57774162292, -1.30098319054, -11.2307415009, -6.09360265732, -1.38674592972, 0.627174794674, -2.93292713165, -5.57084941864],
        "var": [6800.09375, 1231.33728027, 1333.28735352, 518.523254395, 377.757629395, 409.077392578, 184.657730103, 179.574371338, 195.994262695, 153.948608398, 120.043632507, 113.082061768, 81.1081924438]
    },
    "mfcc_bands": {
        "mean": [9.37028889894e-05, 0.000292650947813, 0.000388857268263, 0.000192407256691, 0.000150930543896, 0.000107978194137, 5.47655799892e-05, 7.09260275471e-05, 9.66761799646e-05, 6.77592906868e-05, 2.17351807805e-05, 2.67610066658e-05, 2.70474083663e-05, 1.79695744009e-05, 2.23711449507e-05, 2.55469421973e-05, 1.61635671247e-05, 3.12139200105e-05, 1.51930380525e-05, 1.16845722005e-05, 1.11545004984e-05, 1.14084705274e-05, 1.42089456858e-05, 1.3351553207e-05, 1.53308519657e-05, 1.95830125449e-05, 1.21143166325e-05, 1.1006763998e-05, 9.66681636783e-06, 5.68315908822e-06, 3.28042165165e-06, 2.35701622842e-06, 1.69355780599e-06, 8.16063391085e-07, 3.91995200744e-07, 2.31053221e-07, 1.98890518277e-07, 1.74822872623e-07, 1.82994199349e-07, 1.55189610496e-07],
        "var": [2.47793021657e-08, 3.17767586466e-07, 9.40405129768e-07, 1.29889556888e-07, 3.534793791e-08, 3.67707251314e-08, 4.34184599385e-09, 8.58357207534e-09, 2.65158899282e-08, 1.66197047236e-08, 1.73743774923e-09, 2.94932145373e-09, 4.63807214857e-09, 1.27583166254e-09, 1.68784852761e-09, 1.6444231532e-09, 1.39649325437e-09, 7.82255593634e-09, 1.4681521554e-09, 8.22529933053e-10, 8.07047206841e-10, 8.00504051934e-10, 7.71335439964e-10, 4.3833695007e-10, 6.32769336928e-10, 1.27955679385e-09, 3.69873881523e-10, 2.77100759005e-10, 4.71012340242e-10, 1.08516744202e-10, 2.03325863091e-11, 1.85696718419e-11, 2.06185762908e-11, 4.93728538956e-12, 5.26536225644e-13, 1.0801818153e-13, 6.39096726387e-14, 5.11011622828e-14, 8.87772318224e-14, 6.25546977499e-14]
    }
}
}