{
"metadata": {
    "version": {
        "essentia": "2.1-dev"
    }
},
"lowlevel": {
    "mfcc": {
        "mean": [-675.95135498, 96.29662323, -19.5771064758, 31.7851448059, -25.4388065338, -12.2967300415, -1.77339982986, -10.574461937, -3.56587219238, -5.54757928848, -6.93851470947, -5.56590270996, -4.28050613403],
        "var": [8441.14941406, 1276.70959473, 487.755249023, 268.137451172, 176.948547363, 179.029052734, 143.898712158, 128.86907959, 106.585029602, 95.0572128296, 104.680732727, 73.4491043091, 73.5319671631]
    },
    "mfcc_bands": {
        "mean": [5.35587205377e-05, 0.000105099883513, 0.000106473708001, 0.00022970259306, 0.000314278702717, 0.00028833799297, 0.000121053475596, 9.29211746552e-05, 0.00011185999756, 0.000127518913359, 7.2851209552e-05, 4.85325399495e-05, 4.22453158535e-05, 3.20183389704e-05, 1.76411285793e-05, 1.55159832502e-05, 1.72893705894e-05, 1.26913000713e-05, 1.12930301839e-05, 1.32865843625e-05, 1.20901031551e-05, 1.17650133689e-05, 1.47995533553e-05, 1.52810807776e-05, 1.56891110237e-05, 1.95959546545e-05, 2.01192378881e-05, 1.61159568961e-05, 1.35542368298e-05, 1.01376999737e-05, 5.3961548474e-06, 3.80948881684e-06, 1.94736253434e-06, 1.14254021355e-06, 7.86897601301e-07, 4.60584857365e-07, 3.45939724866e-07, 3.42104129913e-07, 3.25062217144e-07, 2.62032813225e-07],
        "var": [6.70015731785e-09, 4.04151059286e-08, 3.25329843065e-08, 1.41984529023e-07, 1.9653892025e-07, 2.29113453543e-07, 3.18548600831e-08, 2.60878323388e-08, 5.63484299221e-08, 7.32853422392e-08, 2.17515356837e-08, 1.07575726105e-08, 1.06279003376e-08, 7.53316431457e-09, 1.62138547033e-09, 9.37106836574e-10, 1.91729254695e-09, 5.95793414604e-10, 6.20035411902e-10, 6.03448790937e-10, 3.9083719594e-10, 3.3631553098e-10, 6.31393881623e-10, 7.34371286004e-10, 5.08446895697e-10, 6.36303509882e-10, 5.75318237495e-10, 3.54833190608e-10, 2.43485287488e-10, 1.31125998948e-10, 3.98048850825e-11, 2.14908282142e-11, 5.75858197932e-12, 2.01365530153e-12, 1.06590051455e-12, 3.24969516357e-13, 1.81904608021e-13, 2.11764863999e-13, 1.99672228621e-13, 1.47841767583e-13]
    }
}
}