{
"metadata": {
    "version": {
        "essentia": "2.1-dev"
    }
},
"lowlevel": {
    "mfcc": {
        "mean": [-677.231994629, 99.749961853, -30.7851753235, 45.7764434814, -16.0741863251, -5.33310651779, -0.270528674126, -7.71437120438, -4.2831363678, -5.41813325882, -7.042491436, -4.31249332428, -1.50009179115],
        "var": [5540.56787109, 1202.30554199, 827.801757812, 379.465057373, 298.239654541, 248.4193573, 199.416885376, 173.142440796, 139.279830933, 103.180541992, 107.37638092, 93.0875701904, 93.3674468994]
    },
    "mfcc_bands": {
        "mean": [0.000102814832644, 0.000248870812356, 0.000240711771767, 0.000247422460234, 0.000248956261203, 0.000266910210485, 0.000135795780807, 7.24021228962e-05, 7.054443995e-05, 6.59474535496e-05, 5.14932689839e-05, 4.53044121969e-05, 3.43622341461e-05, 3.48985413439e-05, 2.06815348065e-05, 1.85712578968e-05, 1.7813184968e-05, 1.80003153218e-05, 1.9328430426e-05, 1.94795138668e-05, 2.31487119891e-05, 1.9799117581e-05, 1.97518547793e-05, 1.98510479095e-05, 2.14169231185e-05, 2.47524130828e-05, 2.30119494518e-05, 1.80373990588e-05, 1.29246946017e-05, 8.63622153702e-06, 5.27953852725e-06, 3.15101056003e-06, 1.74910030637e-06, 8.82277731762e-07, 6.2323988459e-07, 3.5991229197e-07, 2.49112247275e-07, 2.16350613869e-07, 1.93159181094e-07, 1.65925897022e-07],
        "var": [3.28254472493e-08, 3.08206210775e-07, 2.62180236632e-07, 2.41733516759e-07, 1.93739595034e-07, 2.22086796953e-07, 5.19614999916e-08, 2.1595525368e-08, 3.18374553387e-08, 2.73619651381e-08, 1.19684200328e-08, 1.00017718552e-08, 1.02374846378e-08, 8.10316169719e-09, 1.87427073861e-09, 2.10474460083e-09, 1.87933402174e-09, 1.42854483798e-09, 2.44755815615e-09, 1.39214995087e-09, 4.01561184304e-09, 1.56497881321e-09, 1.10740827619e-09, 1.03548492003e-09, 1.0675617057e-09, 1.35371958088e-09, 8.81124617713e-10, 5.48221412711e-10, 3.08329223264e-10, 1.38139152894e-10, 5.33304893302e-11, 2.15806331139e-11, 7.44196371194e-12, 1.84684776153e-12, 1.3055415039e-12, 3.93895202913e-13, 1.83202208287e-13, 1.63164837544e-13, 1.38175942585e-13, 1.25405572428e-13]
    }
}
}