{
"metadata": {
    "version": {
        "essentia": "2.1-dev"
    }
},
"lowlevel": {
    "mfcc": {
        "mean": [-762.747497559, 120.585144043, -14.7879905701, 38.8846206665, -14.3752794266, -3.04661202431, 2.02240157127, -3.20206236839, -0.870514035225, -3.03943920135, -3.22694373131, -2.9663040638, -4.52690124512],
        "var": [9067.40136719, 1424.15917969, 642.578491211, 333.469024658, 236.714874268, 156.340667725, 133.899627686, 85.7866973877, 87.2304840088, 105.42653656, 109.210006714, 91.2546768188, 93.9887161255]
    },
    "mfcc_bands": {
        "mean": [3.69537774532e-05, 0.000112619134597, 0.000145270489156, 0.000102089747088, 6.32966621197e-05, 7.4200470408e-05, 5.34644968866e-05, 4.73328182125e-05, 3.25978653564e-05, 3.71899768652e-05, 2.75831844192e-05, 1.39063549796e-05, 1.47671744344e-05, 8.84734072315e-06, 5.29099997948e-06, 4.84356905872e-06, 6.4879063757e-06, 5.01596332469e-06, 3.29963722834e-06, 5.62361083212e-06, 3.01031968775e-06, 4.77810044686e-06, 4.03820240535e-06, 3.63977051165e-06, 4.70714485346e-06, 4.57360511064e-06, 3.81538666261e-06, 4.5666852202e-06, 3.24157690557e-06, 2.49164531851e-06, 1.93961523109e-06, 1.71573162788e-06, 6.88187867581e-07, 3.83791956438e-07, 2.09206859836e-07, 1.37233527653e-07, 9.52434859869e-08, 8.32963777953e-08, 6.72484219422e-08, 3.69229340436e-08],
        "var": [5.03263297702e-09, 6.10004207147e-08, 1.25211315094e-07, 5.19282039591e-08, 1.10434363876e-08, 2.12717292669e-08, 1.43392826502e-08, 1.24507399946e-08, 5.79814951607e-09, 6.25612006644e-09, 3.69242836307e-09, 8.50522707818e-10, 1.39369515928e-09, 2.41609399154e-10, 7.77759245896e-11, 1.00091504529e-10, 3.95680044285e-10, 1.89490922953e-10, 6.41216454933e-11, 1.73571546025e-10, 4.61443140642e-11, 1.41367112461e-10, 4.75077095718e-11, 3.92244153824e-11, 6.26746501919e-11, 9.58163340337e-11, 3.74634386013e-11, 6.84181530874e-11, 3.11248041229e-11, 1.90449305632e-11, 1.26158328576e-11, 1.03506075239e-11, 1.75565649258e-12, 5.40331126196e-13, 1.33846316734e-13, 5.32490684305e-14, 2.91153311584e-14, 2.36042146251e-14, 1.47997831709e-14, 4.92966822555e-15]
    }
}
}