{
"metadata": {
    "version": {
        "essentia": "2.1-dev"
    }
},
"lowlevel": {
    "mfcc": {
        "mean": [-707.989379883, 82.9460830688, -49.5809440613, 33.5689620972, -6.14410638809, 0.733227133751, 1.28437292576, -3.83034467697, -0.952804744244, 0.79020678997, -0.287787169218, 0.437610000372, -1.70758545399],
        "var": [12748.9541016, 1994.46691895, 909.938354492, 721.000793457, 236.337158203, 225.739715576, 170.734939575, 117.457801819, 92.2995758057, 91.0645980835, 72.6519470215, 79.7176055908, 65.9278869629]
    },
    "mfcc_bands": {
        "mean": [9.18695295695e-05, 0.000173470471054, 9.46610234678e-05, 8.47540359246e-05, 7.10744207026e-05, 7.49269165681e-05, 5.60811640753e-05, 3.65380255971e-05, 2.39370328927e-05, 3.40300503012e-05, 4.64387958345e-05, 2.82135115413e-05, 2.54047972703e-05, 1.9857825464e-05, 1.94320364244e-05, 1.62860287674e-05, 4.61908857687e-05, 2.73488658422e-05, 2.75696729659e-05, 2.67530340352e-05, 3.11571420752e-05, 2.91558171739e-05, 3.13982891385e-05, 2.72571578535e-05, 3.22574669553e-05, 2.69782340183e-05, 1.84310210898e-05, 1.43636016219e-05, 1.26626482597e-05, 8.03558668849e-06, 5.33651564183e-06, 2.31574995269e-06, 1.318715249e-06, 8.12951725493e-07, 4.11035330217e-07, 2.91453943646e-07, 2.27866607361e-07, 1.73605144482e-07, 1.67487058889e-07, 9.6817743156e-08],
        "var": [2.33687735829e-08, 1.83389403219e-07, 8.4798188027e-08, 6.20831457354e-08, 1.97891925069e-08, 1.81529120624e-08, 1.27215074031e-08, 9.09874930954e-09, 3.77119047101e-09, 5.51047207864e-09, 1.12184999068e-08, 4.39707159572e-09, 4.9895794163e-09, 1.64514668555e-09, 8.94785912031e-10, 8.42401703949e-10, 8.16617884425e-09, 2.26856289309e-09, 2.47963249933e-09, 2.29340701985e-09, 4.86576468006e-09, 4.05310540685e-09, 3.41863826137e-09, 1.5775483142e-09, 2.17552242887e-09, 1.23519050543e-09, 5.66959645898e-10, 3.39026973162e-10, 2.84493317793e-10, 9.30266905175e-11, 4.24306527413e-11, 9.5836914793e-12, 3.14607064358e-12, 1.04423772147e-12, 2.08483702307e-13, 1.41468379979e-13, 9.48520843575e-14, 6.21976767507e-14, 6.15080089725e-14, 1.64420733295e-14]
    }
}
}