{
"metadata": {
    "version": {
        "essentia": "2.1-dev"
    }
},
"lowlevel": {
    "mfcc": {
        "mean": [-674.029724121, 95.4249954224, -24.6312217712, 22.8247356415, -19.5275993347, -12.2004528046, -6.17110729218, -3.84784412384, 1.50537848473, 0.746370494366, 0.528254389763, -1.47036457062, 0.600124418736],
        "var": [8345.55371094, 1004.35882568, 770.032287598, 350.318054199, 243.614639282, 188.860580444, 220.233963013, 171.856994629, 130.966918945, 131.847900391, 97.6980819702, 101.257606506, 99.3426742554]
    },
    "mfcc_bands": {
        "mean": [9.42099941312e-05, 0.000214931889786, 0.000269095471594, 0.000211175298318, 0.000132743167342, 0.000129109990667, 0.000126122700749, 0.000224380957661, 0.000209595847991, 0.000119755633932, 0.000113258174679, 5.05094285472e-05, 4.98318804603e-05, 3.41069717251e-05, 2.82822402369e-05, 1.36563621709e-05, 2.53923899436e-05, 2.24753857765e-05, 3.28622227244e-05, 1.96029377548e-05, 1.86515371752e-05, 1.87298992387e-05, 1.60743220476e-05, 1.58392431331e-05, 1.68294445757e-05, 1.12142161015e-05, 1.36805574584e-05, 1.17578065328e-05, 6.21884692009e-06, 5.51875746169e-06, 4.305280072e-06, 3.07947766487e-06, 2.23620918405e-06, 1.08392703169e-06, 7.60782199904e-07, 5.28450925685e-07, 4.19518215722e-07, 3.10872735554e-07, 3.09460318704e-07, 2.57045996932e-07],
        "var": [1.27616139878e-08, 2.92835522941e-07, 6.02454349519e-07, 3.05087496599e-07, 4.21870893774e-08, 3.45168054139e-08, 3.30272591498e-08, 9.32833685852e-08, 9.8687351624e-08, 6.43361985908e-08, 7.87732545859e-08, 9.35453581263e-09, 6.37979624685e-09, 4.3725099097e-09, 3.23407745029e-09, 1.54875334779e-09, 2.33443908648e-09, 2.50634024646e-09, 3.94692811767e-09, 1.72512870655e-09, 1.0955277796e-09, 6.85190959526e-10, 5.64684077276e-10, 4.91384988255e-10, 4.81384654361e-10, 1.65737229496e-10, 2.06506797773e-10, 2.41928921341e-10, 4.74363881509e-11, 5.13286253778e-11, 5.53777197709e-11, 3.12380711576e-11, 1.27521751839e-11, 2.58851750798e-12, 1.40854743234e-12, 6.60717737033e-13, 5.00952523821e-13, 2.19172472055e-13, 1.43815216897e-13, 1.02899893467e-13]
    }
}
}