{
"metadata": {
    "version": {
        "essentia": "2.1-dev"
    }
},
"lowlevel": {
    "mfcc": {
        "mean": [-681.191101074, 84.8123931885, -38.1332817078, 47.3907051086, -14.9561872482, -14.7430305481, 0.523767232895, -10.4603586197, -2.74040484428, -5.10516119003, -3.69293689728, -5.60147333145, -3.98821926117],
        "var": [8131.02490234, 1145.9720459, 612.979431152, 294.884094238, 160.808898926, 170.242919922, 145.019989014, 93.693069458, 91.7440185547, 81.0313568115, 61.37241745, 67.1573638916, 60.9739532471]
    },
    "mfcc_bands": {
        "mean": [4.78488400404e-05, 0.00010708822083, 0.000151579151861, 0.000120691649499, 0.000133969762828, 0.00013763505558, 6.23491505394e-05, 4.4231343054e-05, 4.77138310089e-05, 5.08371813339e-05, 4.44055622211e-05, 1.87745554285e-05, 1.41518739838e-05, 1.73877488123e-05, 1.34744186653e-05, 1.13528576549e-05, 1.57883496286e-05, 1.23528416225e-05, 1.5146183614e-05, 1.7682894395e-05, 1.95360807993e-05, 2.00272661459e-05, 2.56455859926e-05, 3.0391067412e-05, 4.08991400036e-05, 3.88757325709e-05, 3.15176985168e-05, 2.78597799479e-05, 1.84494856512e-05, 1.08069471025e-05, 5.6197691265e-06, 3.27447082782e-06, 1.72755278527e-06, 7.45205738895e-07, 4.84865381623e-07, 2.67142752364e-07, 2.09188556255e-07, 3.03923968659e-07, 3.21910135881e-07, 2.409288129e-07],
        "var": [9.40925470871e-09, 6.92964903237e-08, 6.74296032344e-08, 6.16045170432e-08, 3.07097671737e-08, 4.76649084646e-08, 9.02546748449e-09, 3.86103682359e-09, 7.79671704976e-09, 6.7456582542e-09, 9.12070863279e-09, 9.35952537695e-10, 4.26853080659e-10, 1.90689508628e-09, 4.48586584545e-10, 3.63828689398e-10, 1.08971620616e-09, 4.98566854468e-10, 5.97773885946e-10, 6.57027543483e-10, 6.57120413639e-10, 5.03191099899e-10, 9.31545285354e-10, 1.3589361858e-09, 2.19316831362e-09, 2.12754258655e-09, 1.16868326128e-09, 1.51069901033e-09, 8.57733828408e-10, 4.84151552183e-10, 7.1769180876e-11, 1.6131394831e-11, 9.16734049783e-12, 1.07919608579e-12, 4.96799270559e-13, 2.60428316282e-13, 1.60043731197e-13, 5.74138772549e-13, 1.11758074583e-12, 5.11406130117e-13]
    }
}
}