{
"metadata": {
    "version": {
        "essentia": "2.1-dev"
    }
},
"lowlevel": {
    "mfcc": {
        "mean": [-772.60357666, 83.6243438721, 4.78062009811, 44.4663963318, -13.3038597107, 1.057549119, -5.45686197281, -7.04406738281, -3.87332415581, -7.82402086258, -5.05352449417, -6.33919477463, -4.07589483261],
        "var": [19722.0136719, 1902.70837402, 2443.38256836, 1113.12036133, 573.888244629, 383.631286621, 399.420806885, 229.386535645, 182.972259521, 211.084243774, 149.390701294, 166.785842896, 154.249008179]
    },
    "mfcc_bands": {
        "mean": [0.000102402955235, 0.00030045985477, 0.000224348259508, 0.000284332258161, 9.6785959613e-05, 6.14832388237e-05, 0.00011586479377, 5.70248776057e-05, 2.63652473222e-05, 2.22405033128e-05, 2.78227671515e-05, 3.32467716362e-05, 1.21480015878e-05, 8.33889407659e-06, 1.04395612652e-05, 7.22187678548e-06, 7.24553910914e-06, 8.04007959232e-06, 6.03066609983e-06, 9.26620305108e-06, 6.30574277238e-06, 6.70095050737e-06, 7.75258558861e-06, 9.38242374104e-06, 1.2862931726e-05, 1.35425534609e-05, 1.26664845084e-05, 1.06391353256e-05, 8.80584866536e-06, 7.41395660953e-06, 5.27576139575e-06, 3.47582931681e-06, 2.16330090552e-06, 9.95818595584e-07, 5.03123374074e-07, 3.20135796983e-07, 3.5746373328e-07, 2.60311935563e-07, 1.75176666062e-07, 1.49494013613e-07],
        "var": [5.28605319516e-08, 4.91488947318e-07, 3.10344887566e-07, 2.92409850999e-07, 4.23764632274e-08, 3.52550131311e-08, 1.03635620974e-07, 1.39653595355e-08, 4.66683225397e-09, 3.6839733486e-09, 4.99598229453e-09, 6.56494059115e-09, 6.31867891343e-10, 3.59766355595e-10, 7.0056238588e-10, 2.53910170667e-10, 2.27233912242e-10, 3.40498962359e-10, 1.63899616101e-10, 6.06321992613e-10, 2.28297269977e-10, 2.50047871297e-10, 2.56806048649e-10, 3.8853012474e-10, 7.74083686039e-10, 7.54949380788e-10, 6.69901800698e-10, 3.55897034066e-10, 2.29107927074e-10, 1.71431382978e-10, 8.58183663022e-11, 2.79120251218e-11, 1.16273978293e-11, 3.06265386316e-12, 9.3766498472e-13, 4.67696194273e-13, 7.9292280207e-13, 2.88749005175e-13, 1.47658781361e-13, 1.05256779584e-13]
    }
}
}