{
"metadata": {
    "version": {
        "essentia": "2.1-dev"
    }
},
"lowlevel": {
    "mfcc": {
        "mean": [-681.15246582, 73.3033065796, -28.9565906525, 56.4039382935, -12.9811096191, -5.98455476761, -3.19960021973, -5.72332334518, 1.49289691448, 0.0499679632485, -5.6895031929, -6.89862108231, 0.109032995999],
        "var": [10032.2734375, 1199.74890137, 536.424255371, 299.016326904, 251.825012207, 209.076019287, 116.767471313, 96.3938446045, 125.029823303, 125.411399841, 97.1129455566, 82.5575942993, 78.0064697266]
    },
    "mfcc_bands": {
        "mean": [5.93463773839e-05, 0.000199740927201, 0.000349277019268, 0.000418753741542, 0.000106752857391, 0.000103724909422, 0.000169710518094, 4.71117164125e-05, 6.05786080996e-05, 4.20378928538e-05, 6.63590908516e-05, 5.28344644408e-05, 1.16966330097e-05, 1.48893850564e-05, 1.2197822798e-05, 1.24394482555e-05, 2.15571108129e-05, 1.59380088007e-05, 1.75557415787e-05, 3.20676008414e-05, 3.2518801163e-05, 2.63270212599e-05, 2.40603876591e-05, 2.4300212317e-05, 3.49886613549e-05, 5.6110391597e-05, 5.61923079658e-05, 3.91447210859e-05, 2.63631354755e-05, 2.16138032556e-05, 1.28382671392e-05, 7.06437458575e-06, 4.22153470936e-06, 1.84649343282e-06, 1.08463757442e-06, 6.61499484522e-07, 3.90325993749e-07, 2.97525332371e-07, 2.70663520041e-07, 1.95471528741e-07],
        "var": [7.16287651414e-09, 1.52514502361e-07, 9.12256894026e-07, 1.39010671774e-06, 6.32925392097e-08, 4.17505496841e-08, 1.47659164895e-07, 8.07096078859e-09, 1.70477765238e-08, 1.19642589169e-08, 2.45912925578e-08, 2.29045724609e-08, 4.88893703299e-10, 6.57634058321e-10, 1.02668828994e-09, 5.92057458615e-10, 3.09988323899e-09, 1.29742927513e-09, 7.66361640814e-10, 2.34436203783e-09, 2.23166152225e-09, 2.58866728053e-09, 1.1098156838e-09, 1.34893918258e-09, 2.96028845881e-09, 5.99037131011e-09, 7.09342229399e-09, 3.48002515693e-09, 1.58253987692e-09, 1.33929278778e-09, 3.5700437051e-10, 9.11302977524e-11, 3.86369894412e-11, 6.88764366721e-12, 3.98261675374e-12, 1.15064967103e-12, 3.44303795544e-13, 2.46076217129e-13, 1.4385904577e-13, 6.92906154546e-14]
    }
}
}