{
"metadata": {
    "version": {
        "essentia": "2.1-dev"
    }
},
"lowlevel": {
    "mfcc": {
        "mean": [-685.444091797, 101.742469788, -38.7318878174, 35.9267158508, -16.4368991852, -12.1464195251, -0.0891980156302, -8.92793178558, -6.92727279663, -6.35437250137, -4.33737611771, -6.03471708298, -4.16119098663],
        "var": [8735.93652344, 1702.37011719, 849.082336426, 529.610107422, 417.843200684, 404.473327637, 233.365997314, 214.740249634, 142.777999878, 125.892463684, 121.419242859, 104.355369568, 88.4250106812]
    },
    "mfcc_bands": {
        "mean": [6.33980307612e-05, 0.000232400256209, 0.000281851302134, 0.000259394815657, 0.00024106586352, 0.000191190381884, 0.000206677199458, 0.000148106177221, 0.000134289395646, 9.52128102654e-05, 8.66014015628e-05, 6.59857469145e-05, 5.08988377987e-05, 3.90277891711e-05, 5.02088296344e-05, 2.42549176619e-05, 2.89193503704e-05, 4.28737548646e-05, 4.50659681519e-05, 3.93835871364e-05, 2.46184845309e-05, 4.22013144998e-05, 2.69572610705e-05, 4.47472375527e-05, 4.93379193358e-05, 2.85444966721e-05, 2.60605065705e-05, 1.49258639794e-05, 1.18889956866e-05, 6.24821268502e-06, 4.1518856051e-06, 2.63989886662e-06, 1.34700394483e-06, 7.78874948537e-07, 4.70660950214e-07, 2.95170195841e-07, 2.44967878871e-07, 2.06038208717e-07, 1.86324456308e-07, 1.67355992176e-07],
        "var": [1.41271661036e-08, 2.36735530734e-07, 6.58157432554e-07, 2.55969695218e-07, 3.51705551793e-07, 1.38974741049e-07, 2.65446971071e-07, 1.99992797434e-07, 1.20943198567e-07, 5.94851030655e-08, 5.15731848338e-08, 4.43748291445e-08, 1.69980012288e-08, 6.28758378696e-09, 1.10312203816e-08, 4.36612124233e-09, 3.62887275784e-09, 2.40005935126e-08, 2.70936126867e-08, 1.38652662685e-08, 5.64972912898e-09, 1.59567310476e-08, 4.05846289908e-09, 1.69846252618e-08, 1.61520130604e-08, 3.14084935837e-09, 1.46011891466e-09, 4.36509245416e-10, 3.39549055539e-10, 8.29199625629e-11, 3.010302424e-11, 1.31536370337e-11, 3.37777505618e-12, 1.34453689501e-12, 4.7401291876e-13, 2.540043642e-13, 4.32201448025e-13, 4.00063608543e-13, 1.21452883015e-13, 1.179828262e-13]
    }
}
}