{
"metadata": {
    "version": {
        "essentia": "2.1-dev"
    }
},
"lowlevel": {
    "mfcc": {
        "mean": [-669.236816406, 79.1544494629, -43.5595207214, 44.8111572266, -17.1946430206, -12.7899341583, -7.6043753624, -9.50419235229, -7.46377229691, -10.2992544174, -8.74044895172, -8.09790611267, -6.02854204178],
        "var": [6681.12011719, 1067.28344727, 573.153137207, 284.250488281, 174.24559021, 130.940536499, 113.077293396, 93.3871078491, 71.8105697632, 66.1955184937, 60.2452583313, 55.7214851379, 53.939289093]
    },
    "mfcc_bands": {
        "mean": [2.10337075259e-05, 0.00012595152657, 0.000180450966582, 0.000148239603732, 0.000235757281189, 0.000178580201464, 6.25829925411e-05, 5.86486748944e-05, 0.000102149890154, 7.9528799688e-05, 2.85293517663e-05, 4.98070221511e-05, 3.75568160962e-05, 1.82779785973e-05, 1.57052818395e-05, 1.64412576851e-05, 1.40763240779e-05, 1.33635776365e-05, 2.02814335353e-05, 2.42314854404e-05, 2.24520081247e-05, 3.19509708788e-05, 3.26965891873e-05, 3.61413985956e-05, 4.07756015193e-05, 2.74265148619e-05, 2.92164986604e-05, 2.18832210521e-05, 1.36603084684e-05, 8.96857818589e-06, 6.17110299572e-06, 3.41062764164e-06, 2.04175512408e-06, 8.95075800145e-07, 6.30838314919e-07, 3.62565913292e-07, 2.57847290186e-07, 1.86298976246e-07, 1.79902187369e-07, 1.65095428883e-07],
        "var": [3.80197473504e-09, 1.08437497204e-07, 2.46588456321e-07, 9.50916927422e-08, 1.20066388831e-07, 8.75748327189e-08, 2.88974781881e-08, 1.86702404648e-08, 4.68806184983e-08, 3.75419944021e-08, 1.06574340464e-08, 1.75103984645e-08, 6.42312558696e-09, 1.40239830859e-09, 6.38889441351e-10, 1.27704158359e-09, 2.43749465056e-10, 3.85502602063e-10, 5.08631470275e-10, 1.33753796927e-09, 5.31594268605e-10, 2.57726240349e-09, 1.7914387751e-09, 2.30552998914e-09, 1.74665037989e-09, 5.74688463484e-10, 7.60763119168e-10, 4.24279028577e-10, 1.2730377863e-10, 5.65072780234e-11, 3.4381032743e-11, 1.13940983384e-11, 5.95195897776e-12, 1.31027090219e-12, 1.38724936486e-12, 3.10257868659e-13, 1.1807925243e-13, 6.00464299051e-14, 6.85047586149e-14, 6.59791367591e-14]
    }
}
}