{
"metadata": {
    "version": {
        "essentia": "2.1-dev"
    }
},
"lowlevel": {
    "mfcc": {
        "mean": [-690.008361816, 65.6487045288, -40.2909622192, 35.0788917542, -24.1015415192, -6.76337146759, -4.11389160156, -8.37968730927, -4.73920059204, -5.20029449463, -4.93097543716, -2.59554648399, 2.24827122688],
        "var": [9022.39941406, 1191.18054199, 784.326843262, 578.427001953, 333.731933594, 216.666519165, 234.250778198, 143.981781006, 149.218353271, 127.879920959, 135.366500854, 115.514801025, 121.857635498]
    },
    "mfcc_bands": {
        "mean": [3.8854424929e-05, 0.000104325161374, 0.000191480896319, 0.000195414206246, 0.000105404498754, 0.000102849327959, 0.000118792748253, 4.22659213655e-05, 3.4881515603e-05, 2.57735646301e-05, 3.22014566336e-05, 5.38298299944e-05, 3.24613611156e-05, 2.42889509536e-05, 2.17636679736e-05, 1.45317653732e-05, 1.06209699879e-05, 1.83120464499e-05, 1.43670149555e-05, 1.51868371177e-05, 2.02952433028e-05, 2.58024701907e-05, 2.04113912332e-05, 2.39962519117e-05, 2.2726258976e-05, 2.83649096673e-05, 2.37610493059e-05, 2.38528900809e-05, 1.96442397282e-05, 1.05841590994e-05, 7.07524350219e-06, 4.08939695262e-06, 2.9098075629e-06, 1.47864705013e-06, 8.69081929977e-07, 4.64269447775e-07, 2.76138621302e-07, 2.6730612035e-07, 2.03032641366e-07, 1.63352723348e-07],
        "var": [3.84100484752e-09, 7.56533609092e-08, 3.79767584491e-07, 3.72843913965e-07, 4.67836684948e-08, 3.65360683929e-08, 4.53984441151e-08, 4.43179404286e-09, 5.18479748024e-09, 2.48351517129e-09, 3.02501801386e-09, 1.51869237186e-08, 8.15684675359e-09, 3.17897308477e-09, 2.11924522375e-09, 9.69412328189e-10, 4.55093629448e-10, 1.67105429494e-09, 5.72676295274e-10, 7.15958847763e-10, 2.22928409066e-09, 6.66177291109e-09, 1.57839974424e-09, 1.70753122752e-09, 9.67060653778e-10, 1.23121268736e-09, 6.5999672394e-10, 6.96995183791e-10, 5.8063076569e-10, 1.29902033574e-10, 5.09852125796e-11, 2.10449574434e-11, 1.27554026369e-11, 3.37410286343e-12, 1.17706679906e-12, 3.19590409909e-13, 8.65782529762e-14, 1.23417619982e-13, 5.29212294104e-14, 4.77050683841e-14]
    }
}
}