{
"metadata": {
    "version": {
        "essentia": "2.1-dev"
    }
},
"lowlevel": {
    "mfcc": {
        "mean": [-711.697387695, 99.4264297485, 5.56880187988, 49.394203186, -17.3671531677, -7.83034276962, -8.39121246338, -5.39905452728, -4.99158382416, -8.1063375473, -8.58846473694, -5.79989957809, -0.943231403828],
        "var": [5071.46679688, 1757.32495117, 1459.4206543, 712.185302734, 356.869750977, 284.319946289, 177.852005005, 149.398986816, 135.981781006, 114.621765137, 108.753562927, 113.962608337, 83.248046875]
    },
    "mfcc_bands": {
        "mean": [5.11631151312e-05, 0.00013213272905, 0.000280667823972, 0.000335688615451, 0.00032923874096, 0.000196955559659, 0.000104643397208, 8.92609095899e-05, 5.15452193213e-05, 3.89943670598e-05, 3.55029078491e-05, 2.43698705162e-05, 1.08530175567e-05, 7.32296575734e-06, 7.40686346035e-06, 6.28984798823e-06, 7.04457579559e-06, 6.29528040008e-06, 5.76315596845e-06, 5.63470575798e-06, 8.25173174235e-06, 1.88399026229e-05, 2.45742885454e-05, 1.2131139556e-05, 1.17097570183e-05, 1.10416722237e-05, 1.78219615918e-05, 1.63524673553e-05, 7.81710787123e-06, 2.37844460571e-06, 2.86766930913e-06, 2.25560893341e-06, 1.60236345437e-06, 1.7785378077e-06, 7.59542615469e-07, 4.19281406039e-07, 2.00050109811e-07, 2.37193361841e-07, 3.94605876863e-07, 9.20725682363e-08],
        "var": [2.77068012977e-09, 4.573454504e-08, 2.6385615115e-07, 1.6672343861e-07, 2.29100805882e-07, 1.12031997901e-07, 5.75192373731e-08, 5.38994875399e-08, 8.23223889057e-09, 7.63477192578e-09, 4.88013807143e-09, 2.50080467445e-09, 4.73354522246e-10, 2.41613007379e-10, 3.57757434788e-10, 6.47436770862e-10, 1.2065756172e-09, 7.7780620833e-10, 6.15906547985e-10, 4.65014221573e-10, 1.26067845052e-09, 3.06809089246e-09, 3.62231067363e-09, 1.65834623811e-09, 2.20472839985e-09, 1.87407667163e-09, 3.36723360306e-09, 8.63734861412e-10, 9.85538178844e-11, 2.2835684732e-11, 1.72542743981e-11, 6.21582819937e-12, 3.82087070316e-12, 4.85060082378e-12, 9.08751698024e-13, 6.98616782913e-13, 8.15203481976e-14, 6.18691160586e-14, 1.99290250643e-13, 1.2597959988e-14]
    }
}
}