{
"metadata": {
    "version": {
        "essentia": "2.1-dev"
    }
},
"lowlevel": {
    "mfcc": {
        "mean": [-716.835083008, 120.41065979, -29.9709682465, 38.0473403931, -9.48003578186, -12.6928577423, -22.8360652924, -7.66834211349, -9.16057014465, -11.8187932968, -4.1312789917, -7.17182779312, -6.89760065079],
        "var": [8337.67675781, 1757.77587891, 1046.52319336, 557.51373291, 333.06161499, 231.300933838, 295.910583496, 240.051483154, 171.038467407, 159.638946533, 165.686752319, 135.507400513, 176.808273315]
    },
    "mfcc_bands": {
        "mean": [3.24214961438e-05, 8.97959907888e-05, 0.000332076335326, 0.000294353347272, 0.000229318568017, 0.00026790422271, 0.00022412094404, 0.000185431839782, 0.00012188013352, 8.95250486792e-05, 4.86211829411e-05, 3.12258271151e-05, 2.17392953346e-05, 1.96601340576e-05, 1.56073201651e-05, 2.0292645786e-05, 2.22305261559e-05, 2.13829098357e-05, 2.62226913037e-05, 2.0221054001e-05, 2.02570299734e-05, 2.13777693716e-05, 1.93341893464e-05, 1.34346901177e-05, 1.22191249829e-05, 9.12193445401e-06, 5.57474459129e-06, 3.94317748942e-06, 3.43186388818e-06, 3.32611762133e-06, 3.11768599204e-06, 2.57120154856e-06, 1.06036372927e-06, 5.69445489873e-07, 3.34632971999e-07, 1.69530352423e-07, 1.2682617978e-07, 1.08568826818e-07, 6.51972129617e-08, 6.33908427972e-08],
        "var": [2.67266297982e-09, 1.9313810995e-08, 3.96275538606e-07, 2.55484565059e-07, 1.34641766181e-07, 1.9747947988e-07, 2.00879796353e-07, 1.29529922788e-07, 7.34404750347e-08, 4.07912850164e-08, 1.42920173474e-08, 5.09801001414e-09, 3.0349618374e-09, 2.46656184366e-09, 1.44343781372e-09, 2.68581157314e-09, 3.36553962477e-09, 1.97296334825e-09, 3.18998094606e-09, 1.12075571046e-09, 1.17033172042e-09, 8.15505940555e-10, 7.23067938857e-10, 3.73982789181e-10, 5.28935395483e-10, 2.89611418181e-10, 1.07261165228e-10, 6.17671053194e-11, 6.61420224146e-11, 8.93385643241e-11, 7.88703199972e-11, 3.16252996013e-11, 9.30450334835e-12, 3.86023201251e-12, 1.24122912469e-12, 2.01638890047e-13, 7.24224215212e-14, 5.94436270498e-14, 2.39995553948e-14, 1.62469033859e-14]
    }
}
}