{
"metadata": {
    "version": {
        "essentia": "2.1-dev"
    }
},
"lowlevel": {
    "mfcc": {
        "mean": [-841.547058105, 141.796218872, -4.94805812836, 49.6077308655, -17.0214881897, -10.4040622711, 2.96235704422, -4.2606215477, -7.55322504044, -6.4030585289, -6.51672840118, -6.32697248459, -5.60290813446],
        "var": [10545.7285156, 1583.89367676, 1509.22192383, 499.985443115, 384.191833496, 218.659866333, 177.252349854, 136.335800171, 135.406936646, 129.416168213, 109.331642151, 91.4063110352, 81.866645813]
    },
    "mfcc_bands": {
        "mean": [1.03970050986e-05, 7.18606388546e-05, 9.71947956714e-05, 6.25053507974e-05, 9.89161417237e-05, 8.27078183647e-05, 2.7974783734e-05, 3.84101258533e-05, 2.82934470306e-05, 2.70282944257e-05, 1.88704216271e-05, 1.62243468367e-05, 8.91645322554e-06, 5.4492070376e-06, 2.79318669527e-06, 2.66362758339e-06, 2.11583142118e-06, 3.08077483169e-06, 1.81416339728e-06, 2.43794647758e-06, 1.97472854779e-06, 1.75718707851e-06, 1.99262035494e-06, 2.36743653659e-06, 3.28187684318e-06, 3.91956336898e-06, 2.69109023066e-06, 1.88389390132e-06, 1.18196169296e-06, 6.3973612896e-07, 4.09735832818e-07, 2.06994556606e-07, 1.1966800173e-07, 6.23589997417e-08, 3.51112880992e-08, 1.56969193199e-08, 6.83018264169e-09, 4.05899935885e-09, 2.11600248434e-09, 8.48266124009e-10],
        "var": [5.66446389794e-10, 1.03446948785e-08, 2.84255783356e-08, 1.07940936189e-08, 4.32634159608e-08, 3.92336900745e-08, 1.18557945683e-08, 3.87992535877e-08, 9.57769330512e-09, 1.1461458449e-08, 3.77906106408e-09, 3.79187392596e-09, 1.4729171216e-09, 5.39889355444e-10, 1.03454668443e-10, 1.21838733547e-10, 6.83122447498e-11, 3.75068920366e-10, 5.76734458801e-11, 8.16106418555e-11, 3.20355339478e-11, 2.17480755627e-11, 2.95095926861e-11, 3.39904424052e-11, 8.0564832583e-11, 1.37667641176e-10, 4.84241223508e-11, 1.99125698569e-11, 8.46842908298e-12, 7.81251365684e-12, 3.83987720093e-12, 2.62349576742e-13, 1.47684924186e-13, 3.6102600808e-14, 1.41701209008e-14, 7.61985672449e-15, 1.23943917128e-15, 7.95482204447e-16, 5.87107851023e-17, 8.20960793373e-18]
    }
}
}