{
"metadata": {
    "version": {
        "essentia": "2.1-dev"
    }
},
"lowlevel": {
    "mfcc": {
        "mean": [-802.673583984, 142.020050049, -32.0653991699, 37.0413780212, -7.20551300049, -23.7403354645, 1.44891524315, -5.77528619766, -8.76972866058, -2.86321949959, -8.00501155853, -11.1857032776, -1.8197824955],
        "var": [12837.0107422, 1231.31958008, 1566.00439453, 757.328125, 354.958404541, 462.895812988, 384.551727295, 209.854568481, 162.560836792, 137.523590088, 122.754486084, 126.768043518, 107.563682556]
    },
    "mfcc_bands": {
        "mean": [2.38644206547e-05, 0.000109510059701, 0.000114907270472, 0.000151762273163, 9.45625724853e-05, 5.70345946471e-05, 6.85731138219e-05, 7.07933722879e-05, 4.43913741037e-05, 5.95663441345e-05, 6.04141314398e-05, 8.36432009237e-05, 7.82514835009e-05, 1.36404278237e-05, 9.91003980744e-06, 1.15368693514e-05, 9.31889644562e-06, 8.7999715106e-06, 1.46026577568e-05, 1.04030832517e-05, 1.25812448459e-05, 1.39043295349e-05, 9.68537824519e-06, 2.07784032682e-05, 1.80407387234e-05, 1.37587730933e-05, 7.80961818236e-06, 2.95374752568e-06, 1.10912844775e-06, 5.78798221795e-07, 3.21915138102e-07, 1.94875838133e-07, 1.0271910611e-07, 5.22658538671e-08, 2.89856885161e-08, 1.93199056753e-08, 1.27520012327e-08, 1.17048655213e-08, 1.31755024668e-08, 8.99388030717e-09],
        "var": [4.79001815989e-09, 1.12793038909e-07, 1.16736813993e-07, 2.04217087685e-07, 3.10190593211e-08, 1.22081225129e-08, 1.60592215082e-08, 2.34265904453e-08, 1.73312528773e-08, 4.66152698664e-08, 3.56584592964e-08, 9.99473570573e-08, 1.27746801581e-07, 3.17198112221e-09, 1.20730758724e-09, 1.48865919591e-09, 8.95817864333e-10, 1.43199774261e-09, 2.14448614422e-09, 1.15558052016e-09, 2.04075800703e-09, 2.47653031415e-09, 8.87756645973e-10, 4.11556966284e-09, 1.71984371189e-09, 1.03578901012e-09, 3.95129595709e-10, 6.04468697318e-11, 1.04978708018e-11, 4.05752471552e-12, 1.5140401953e-12, 7.08502646742e-13, 2.67838702606e-13, 5.7124728667e-14, 1.00216482926e-14, 4.95159790855e-15, 1.92649660567e-15, 2.00369010629e-15, 3.43967946133e-15, 1.15291909676e-15]
    }
}
}