{
"metadata": {
    "version": {
        "essentia": "2.1-dev"
    }
},
"lowlevel": {
    "mfcc": {
        "mean": [-752.149108887, 109.012390137, -65.2250671387, 35.2488899231, -27.2536754608, -21.5793933868, -0.176718428731, -12.5483646393, -15.0884876251, 0.242539733648, -5.92066526413, -8.25207614899, 2.18823838234],
        "var": [10658.6621094, 1211.81921387, 1054.37207031, 567.130737305, 326.687164307, 539.626708984, 347.765289307, 193.358078003, 174.615997314, 172.323883057, 162.639938354, 118.341682434, 141.564071655]
    },
    "mfcc_bands": {
        "mean": [2.01225630008e-05, 0.000100727003883, 7.73137871874e-05, 5.17438093084e-05, 6.66803607601e-05, 9.97790557449e-05, 5.56139020773e-05, 3.70813868358e-05, 5.52257952222e-05, 7.10895183147e-05, 6.02370382694e-05, 4.22221201006e-05, 3.95022216253e-05, 5.30874749529e-05, 4.05743921874e-05, 2.92168442684e-05, 2.7109777875e-05, 2.54501956078e-05, 2.52630125033e-05, 1.4457573343e-05, 1.94468539121e-05, 1.5225993593e-05, 1.24239668366e-05, 2.30540335906e-05, 4.35343863501e-05, 4.7750538215e-05, 4.13577108702e-05, 2.40943700192e-05, 5.62220293432e-06, 2.28796420743e-06, 1.19937010368e-06, 6.31893215086e-07, 3.42307600931e-07, 1.80704162744e-07, 8.46370014074e-08, 4.35794937914e-08, 2.54187924043e-08, 1.85489135163e-08, 1.91912992165e-08, 1.3174836333e-08],
        "var": [2.75136891048e-09, 1.97007864244e-07, 6.89645105467e-08, 2.11664108463e-08, 1.24331656082e-08, 3.49195516947e-08, 9.18840381559e-09, 3.97054567003e-09, 1.71885368161e-08, 3.92848988895e-08, 2.98084508188e-08, 2.14915480967e-08, 1.1980422876e-08, 2.80787357809e-08, 1.08583400049e-08, 6.61926824463e-09, 8.14050871156e-09, 6.65884103412e-09, 5.79395731393e-09, 2.7591302576e-09, 4.59701432476e-09, 2.67497002326e-09, 1.01068431402e-09, 3.52419027294e-09, 1.21782308682e-08, 1.31868649333e-08, 8.94277096819e-09, 3.98405308744e-09, 1.92244539732e-10, 2.48807502379e-11, 7.75298922284e-12, 1.83813598023e-12, 3.9014795626e-13, 1.083967646e-13, 1.8818835921e-14, 9.87288559012e-15, 6.42586171786e-15, 2.73142905084e-15, 3.28048554812e-15, 1.35041615748e-15]
    }
}
}