{
"metadata": {
    "version": {
        "essentia": "2.1-dev"
    }
},
"lowlevel": {
    "mfcc": {
        "mean": [-765.655334473, 123.965423584, -19.4547786713, 29.7032356262, -13.7913560867, -10.8883237839, -5.71646928787, -5.9783039093, -6.92568254471, -2.08030390739, -5.94675540924, -7.01631069183, -7.08347988129],
        "var": [9232.109375, 1209.73339844, 736.684082031, 450.015045166, 288.332763672, 195.130126953, 224.873352051, 158.396621704, 164.699447632, 139.901733398, 117.714187622, 96.3294830322, 100.108612061]
    },
    "mfcc_bands": {
        "mean": [1.19159039969e-05, 4.76323366456e-05, 7.50803228584e-05, 9.12063696887e-05, 6.43515741103e-05, 5.4164625908e-05, 4.29954088759e-05, 3.63527105947e-05, 6.57953423797e-05, 6.99468218954e-05, 4.7411165724e-05, 3.36608391081e-05, 1.67793696164e-05, 1.14221602416e-05, 1.0554781511e-05, 1.18167736218e-05, 1.20584772958e-05, 1.03472311821e-05, 6.26841938356e-06, 7.54585971663e-06, 5.48400157641e-06, 6.56829070067e-06, 7.44638919059e-06, 6.63840091875e-06, 4.16973853135e-06, 3.54831286131e-06, 4.67458676212e-06, 4.23287701778e-06, 1.84494695077e-06, 1.13442729344e-06, 7.5173619507e-07, 5.8574681816e-07, 4.14247296021e-07, 2.49150360787e-07, 1.71514187741e-07, 1.18025056395e-07, 8.39228775362e-08, 6.09742869528e-08, 5.62287354455e-08, 4.25511075264e-08],
        "var": [3.46301820553e-10, 3.72068109655e-09, 9.75520109137e-09, 1.50271635135e-08, 5.90949200685e-09, 6.00068839063e-09, 5.74632430528e-09, 5.67979840937e-09, 2.31320065325e-08, 2.90596116059e-08, 1.88337505591e-08, 8.97732110872e-09, 2.88225110445e-09, 1.02707009564e-09, 8.40684633019e-10, 1.31410926585e-09, 1.32927491237e-09, 7.15271009089e-10, 2.20053433808e-10, 3.9113373651e-10, 3.02620539738e-10, 6.88776313762e-10, 4.59244392514e-10, 2.57930066194e-10, 7.80467079853e-11, 4.96131399852e-11, 9.10253886155e-11, 6.46302594776e-11, 1.66716328243e-11, 7.34839532973e-12, 3.13798054381e-12, 1.34170831997e-12, 9.16667566506e-13, 3.69419393079e-13, 2.09852141632e-13, 8.65729471618e-14, 4.98168672113e-14, 3.15907680061e-14, 3.01418029533e-14, 1.84767108433e-14]
    }
}
}