{
"metadata": {
    "version": {
        "essentia": "2.1-dev"
    }
},
"lowlevel": {
    "mfcc": {
        "mean": [-832.889282227, 100.904640198, -9.74771976471, 49.2841072083, -10.5346345901, -11.90229702, -1.78241574764, -9.36956882477, -7.23417663574, -10.0620136261, -10.751490593, -9.28500747681, -3.02058386803],
        "var": [10949.5839844, 1360.44055176, 1764.02209473, 1190.5625, 561.555053711, 561.402160645, 490.465148926, 341.4921875, 281.459320068, 204.13609314, 178.335144043, 174.773651123, 139.83644104]
    },
    "mfcc_bands": {
        "mean": [4.30985892308e-05, 0.000136712129461, 8.03548100521e-05, 3.18174606946e-05, 4.71765961265e-05, 5.36322950211e-05, 3.76983698516e-05, 1.32638897412e-05, 1.57537197083e-05, 1.75479981408e-05, 8.04770934337e-06, 1.3283917724e-05, 1.93115429283e-05, 1.05370299934e-05, 4.74751777801e-06, 4.81197594127e-06, 3.81198628929e-06, 5.82544453209e-06, 8.43854377308e-06, 6.519139788e-06, 1.15449574878e-05, 9.01364455785e-06, 1.17469380712e-05, 1.48385697685e-05, 1.52892444021e-05, 7.72857401898e-06, 7.78747380537e-06, 6.43399016553e-06, 3.40371661878e-06, 2.01135230782e-06, 1.48906235609e-06, 6.08473158081e-07, 2.90588872076e-07, 1.18261063164e-07, 5.82735850685e-08, 3.71163331181e-08, 2.80675997999e-08, 3.04893461589e-08, 3.12236068112e-08, 2.21558540403e-08],
        "var": [6.29350749293e-09, 1.64719551776e-07, 3.58223104513e-08, 2.40752129343e-09, 6.06118488733e-09, 1.19979510771e-08, 1.34635076421e-08, 2.1920436577e-09, 2.29463092971e-09, 3.4401987925e-09, 8.92350915382e-10, 1.80794101912e-09, 4.51164883231e-09, 3.49950846079e-09, 7.09166947388e-10, 4.90219531635e-10, 2.12173612013e-10, 4.92331453383e-10, 1.65490854354e-09, 7.47375605847e-10, 2.74729283767e-09, 1.2505186886e-09, 2.19124451917e-09, 4.64803795452e-09, 5.85635673289e-09, 7.69041663684e-10, 8.4925755317e-10, 7.61294915996e-10, 1.66856958805e-10, 6.26158291883e-11, 4.5477555749e-11, 6.08122276494e-12, 1.09799073045e-12, 1.23566087917e-13, 3.16597537574e-14, 1.47417139802e-14, 1.09274356802e-14, 1.72930110986e-14, 2.44814764842e-14, 7.93306917959e-15]
    }
}
}