{
"metadata": {
    "version": {
        "essentia": "2.1-dev"
    }
},
"lowlevel": {
    "mfcc": {
        "mean": [-805.405883789, 108.88848114, -14.1028423309, 44.5950431824, -11.0914897919, -4.56310033798, -1.03245222569, -3.31441116333, -2.66439890862, -6.7104139328, -5.83926486969, -7.95083618164, -5.21617794037],
        "var": [12933.2792969, 2101.51245117, 1311.05773926, 524.569824219, 335.536712646, 237.820007324, 228.723358154, 147.336685181, 154.620498657, 125.90675354, 91.8013763428, 98.3700790405, 83.901763916]
    },
    "mfcc_bands": {
        "mean": [1.07731320895e-05, 3.761624248e-05, 5.48485695617e-05, 6.1516839196e-05, 5.72598910367e-05, 3.56701202691e-05, 1.78032951226e-05, 2.09339723369e-05, 2.19001158257e-05, 2.51708370342e-05, 2.4742235837e-05, 1.69988725247e-05, 8.94658933248e-06, 9.1417123258e-06, 5.12982296641e-06, 3.55930069418e-06, 4.36135223936e-06, 4.12911913372e-06, 3.39492771673e-06, 5.1248644013e-06, 3.48954245055e-06, 4.08996220358e-06, 4.67611289423e-06, 3.85577641282e-06, 2.77240019386e-06, 5.37071491635e-06, 4.73477757623e-06, 4.72097462989e-06, 3.80588380722e-06, 2.36561118072e-06, 1.87670548257e-06, 1.14767613013e-06, 6.45537454602e-07, 4.25210544108e-07, 2.03916513897e-07, 1.05706114084e-07, 7.6603889454e-08, 5.98171325805e-08, 4.5947047056e-08, 2.87294383838e-08],
        "var": [3.68709951459e-10, 5.66519720024e-09, 1.36555105001e-08, 3.05424379121e-08, 9.79745617968e-09, 7.87185872042e-09, 3.39638384084e-09, 6.24720275511e-09, 3.70368802294e-09, 5.88209747576e-09, 4.74581307586e-09, 2.53915288795e-09, 9.67237290261e-10, 8.26291257638e-10, 1.78350834101e-10, 7.70586441878e-11, 1.60220892109e-10, 1.01495749305e-10, 6.98743771177e-11, 1.75564326965e-10, 8.09216998965e-11, 7.61792712245e-11, 6.68263985815e-11, 4.53818302382e-11, 3.48863195276e-11, 1.36000335993e-10, 1.00783943691e-10, 1.93154311989e-10, 7.28328994337e-11, 2.38594977109e-11, 1.85577993944e-11, 6.72336492036e-12, 2.19674929289e-12, 1.07304247952e-12, 2.2458250537e-13, 6.64663772154e-14, 3.55407469134e-14, 2.02197386303e-14, 1.10720987432e-14, 3.89751876877e-15]
    }
}
}