{
"metadata": {
    "version": {
        "essentia": "2.1-dev"
    }
},
"lowlevel": {
    "mfcc": {
        "mean": [-803.257751465, 122.65801239, -45.3073120117, 44.3128013611, -8.57599067688, -9.87418746948, 4.81763839722, -9.18057918549, -7.08533143997, 2.20331978798, -5.50553035736, -6.35574054718, -4.57856082916],
        "var": [8337.00488281, 1088.74450684, 1219.84362793, 271.497772217, 187.402633667, 287.460235596, 202.992294312, 151.151351929, 130.584945679, 128.643737793, 113.495140076, 115.545829773, 111.824417114]
    },
    "mfcc_bands": {
        "mean": [3.75574632017e-06, 3.25622822857e-05, 3.56333075615e-05, 3.87082909583e-05, 1.45745543705e-05, 1.77522924787e-05, 2.20618221647e-05, 2.16758962779e-05, 1.84736218216e-05, 1.91432118299e-05, 1.70663352037e-05, 2.51820601989e-05, 3.12951669912e-05, 1.95099200937e-05, 1.1448024452e-05, 9.68461881712e-06, 1.04645123429e-05, 1.49795496327e-05, 9.29267389438e-06, 9.2193713499e-06, 7.91605543782e-06, 4.69555106974e-06, 5.00636360812e-06, 7.46153682485e-06, 8.65704350872e-06, 8.24448397907e-06, 5.13574923389e-06, 3.60782451025e-06, 1.631383725e-06, 6.37072218979e-07, 2.28916007927e-07, 1.12016529386e-07, 7.33834752964e-08, 3.93210157767e-08, 2.22916227699e-08, 1.11688196469e-08, 7.41104999591e-09, 7.04005342911e-09, 6.00806160378e-09, 3.86795129259e-09],
        "var": [2.50067206525e-11, 2.37008368487e-09, 2.72419975467e-09, 4.32048041787e-09, 4.99337404758e-10, 1.58086210789e-09, 3.08653724801e-09, 2.92292900994e-09, 1.83825765721e-09, 2.71139621866e-09, 2.81330359009e-09, 6.09098282922e-09, 1.31737438736e-08, 4.39887326564e-09, 2.19786322475e-09, 1.44178569084e-09, 9.73267244575e-10, 1.53018031579e-09, 7.62336971327e-10, 1.05395381311e-09, 7.53172801904e-10, 3.43028050409e-10, 2.73578409926e-10, 2.59656851576e-10, 5.56205914659e-10, 4.01189970134e-10, 1.5458800906e-10, 6.14235537433e-11, 1.3069883717e-11, 1.62733856338e-12, 1.71997588698e-13, 5.45780732891e-14, 2.19547500975e-14, 5.16545382246e-15, 1.50129919516e-15, 3.76896362545e-16, 1.66075380923e-16, 2.06958604027e-16, 2.1372289003e-16, 1.02537619752e-16]
    }
}
}