{
"metadata": {
    "version": {
        "essentia": "2.1-dev"
    }
},
"lowlevel": {
    "mfcc": {
        "mean": [-855.133422852, 120.525550842, -27.7495727539, 27.8384895325, -22.7035732269, -28.0014972687, -15.0322856903, -14.8076372147, -11.6079721451, -8.51902198792, -5.78190755844, -9.28261089325, -8.22135639191],
        "var": [8887.69140625, 2901.4934082, 1328.98657227, 1198.25854492, 701.021606445, 476.455749512, 424.099945068, 286.855133057, 251.31111145, 212.397567749, 194.271713257, 179.260772705, 153.783416748]
    },
    "mfcc_bands": {
        "mean": [5.10408972332e-05, 0.000119260716019, 0.000102518148196, 0.000128423343995, 7.40465693525e-05, 4.95704407513e-05, 5.78956896788e-05, 3.88301778003e-05, 2.30266396102e-05, 2.07149896596e-05, 1.14983595267e-05, 7.71526993049e-06, 4.6165519052e-06, 3.24786265082e-06, 2.17672754843e-06, 2.18999048229e-06, 2.05195465242e-06, 2.07518473871e-06, 1.7812792521e-06, 1.35254038014e-06, 2.06799836633e-06, 1.78167579179e-06, 1.86723707429e-06, 1.85268129371e-06, 2.31848343901e-06, 3.04910122395e-06, 3.82867165172e-06, 3.02302692035e-06, 1.72202760496e-06, 1.51252913838e-06, 9.18425257623e-07, 4.4770712293e-07, 2.58512187656e-07, 7.85649376667e-08, 4.6385029151e-08, 2.28702976557e-08, 1.4308034757e-08, 1.13042686323e-08, 8.66831495472e-09, 4.93473040208e-09],
        "var": [2.12758450857e-08, 1.55814547043e-07, 1.55305883709e-07, 1.20315988283e-07, 2.97944602323e-08, 1.18962217854e-08, 1.54059218715e-08, 9.49824841001e-09, 4.18375911693e-09, 3.08065284393e-09, 9.59092028019e-10, 4.47438391893e-10, 2.52827481173e-10, 1.52924492514e-10, 6.06901265354e-11, 4.48130178798e-11, 3.17582904419e-11, 4.47136910831e-11, 2.09861121536e-11, 1.15567945838e-11, 3.78130235457e-11, 1.64054360374e-11, 2.17783100581e-11, 1.69724304055e-11, 3.31440361268e-11, 1.02893700504e-10, 2.62507460214e-10, 1.82647327818e-10, 5.74898531558e-11, 3.72579710139e-11, 1.4853488231e-11, 3.84356565672e-12, 1.22424444714e-12, 8.91769771634e-14, 3.51607442163e-14, 6.96647753183e-15, 2.54776287348e-15, 1.84877519178e-15, 9.17689894615e-16, 2.91060346541e-16]
    }
}
}