{
"metadata": {
    "version": {
        "essentia": "2.1-dev"
    }
},
"lowlevel": {
    "mfcc": {
        "mean": [-767.617553711, 96.4379882812, -13.4735555649, 37.2118415833, 2.02093577385, -22.9107341766, 0.663923919201, -11.6610746384, -18.860124588, -5.68864107132, -14.3430728912, -13.8283443451, -12.8047170639],
        "var": [10595.3398438, 1379.91833496, 917.411865234, 600.211730957, 394.412200928, 432.184692383, 270.791687012, 251.28326416, 323.223236084, 201.161422729, 172.32824707, 176.283889771, 170.287460327]
    },
    "mfcc_bands": {
        "mean": [3.39533762599e-05, 0.000107254491013, 0.000149297848111, 0.000211465827306, 0.000173167718458, 5.77641185373e-05, 2.58730324276e-05, 2.4781544198e-05, 4.0883616748e-05, 2.11865681194e-05, 1.8429947886e-05, 1.68659462361e-05, 7.50084245738e-06, 8.32782461657e-06, 7.30426700102e-06, 8.77303955349e-06, 8.52218181535e-06, 7.79450783739e-06, 1.02481553768e-05, 7.62839408708e-06, 6.62876709612e-06, 9.16901808523e-06, 2.23850202019e-05, 2.45592709689e-05, 1.45566718857e-05, 1.31563992909e-05, 1.32781524371e-05, 6.69538667353e-06, 3.57575868293e-06, 2.29936290452e-06, 1.06815457457e-06, 6.51909317639e-07, 4.21899699177e-07, 2.78653345731e-07, 3.02986791212e-07, 1.93506920709e-07, 1.54723181822e-07, 1.4680048821e-07, 1.44805113678e-07, 1.33973443894e-07],
        "var": [1.14874456614e-08, 1.59749518502e-07, 2.4215916028e-07, 1.11599078423e-07, 5.11090760824e-08, 1.16140954631e-08, 5.26747179208e-09, 3.33282512699e-09, 1.02963131354e-08, 4.68679317578e-09, 4.60329863117e-09, 3.55638252181e-09, 7.74177888463e-10, 8.26538559817e-10, 8.93409901614e-10, 1.09053310826e-09, 9.30137300514e-10, 6.66287303108e-10, 2.48611509157e-09, 1.00212471654e-09, 4.54569215602e-10, 8.79084638417e-10, 5.61624613482e-09, 3.75820485843e-09, 1.21684506915e-09, 5.81512504816e-10, 7.07572667125e-10, 2.15037751494e-10, 1.11545821191e-10, 4.12061669508e-11, 1.37710199147e-11, 5.8490590843e-12, 2.38695521682e-12, 3.60845251249e-13, 3.8721855041e-13, 1.31962447697e-13, 6.69420370373e-14, 7.19114234848e-14, 8.10760895811e-14, 5.61779423436e-14]
    }
}
}