{
"metadata": {
    "version": {
        "essentia": "2.1-dev"
    }
},
"lowlevel": {
    "mfcc": {
        "mean": [-766.38885498, 133.006118774, -75.1635894775, 59.1893692017, -23.9841918945, -15.8543453217, -2.27905511856, -16.0481319427, -0.836641669273, -8.42061042786, -7.52887439728, -5.157143116, -0.954856514931],
        "var": [8109.29785156, 1086.33215332, 815.554504395, 542.862792969, 305.784088135, 177.348968506, 129.881591797, 121.219467163, 81.13621521, 92.5362472534, 83.6455917358, 76.8933639526, 61.2612342834]
    },
    "mfcc_bands": {
        "mean": [2.24086488743e-06, 1.3560978914e-05, 5.66775088373e-05, 8.04595838417e-05, 4.71196144645e-05, 3.83332771889e-05, 5.03261107951e-05, 7.52510022721e-05, 7.50072940718e-05, 3.15364413837e-05, 2.36863015743e-05, 2.44841594395e-05, 2.088074325e-05, 2.80276981357e-05, 2.42024307227e-05, 2.22452963499e-05, 1.71309529833e-05, 1.45676549437e-05, 1.96944820345e-05, 2.09633963095e-05, 2.82819655695e-05, 1.58379334607e-05, 1.11594981718e-05, 1.31302795126e-05, 1.39341445902e-05, 2.77685703622e-05, 2.04284096981e-05, 1.073124713e-05, 5.73876513954e-06, 2.73139880846e-06, 1.15283160085e-06, 3.62382422736e-07, 1.51648521296e-07, 4.14120968628e-08, 1.34313866695e-08, 4.508237339e-09, 2.21045626247e-09, 1.42297507111e-09, 9.23827847554e-10, 4.33739821837e-10],
        "var": [7.68426208081e-12, 2.42851072585e-10, 7.54800666414e-09, 1.306917774e-08, 8.57731929926e-09, 5.28293453428e-09, 1.17538325739e-08, 2.7851553952e-08, 3.69533594835e-08, 1.19178560354e-08, 4.91535123714e-09, 6.27042950896e-09, 8.50669490404e-09, 1.35374804699e-08, 7.90036569498e-09, 5.31656940694e-09, 5.5110747077e-09, 3.46804851503e-09, 4.67176919372e-09, 3.23283133596e-09, 6.10451822425e-09, 1.97270066948e-09, 2.83081419417e-10, 4.34092151114e-10, 1.43087441895e-09, 6.78531586473e-09, 3.02457858758e-09, 3.52773560364e-10, 1.21225099403e-10, 4.42778938514e-11, 6.08222716983e-12, 7.53927248322e-13, 1.80932729194e-13, 1.08335590187e-14, 1.23126583273e-15, 1.69825513418e-16, 5.08786684857e-17, 2.7354381438e-17, 1.4691245494e-17, 4.63888801861e-18]
    }
}
}