{
"metadata": {
    "version": {
        "essentia": "2.1-dev"
    }
},
"lowlevel": {
    "mfcc": {
        "mean": [-770.995849609, 117.341255188, -20.0569801331, 55.2267036438, -14.90711689, -15.2460279465, 1.09191703796, -7.77697515488, -0.155671566725, -2.67027378082, -13.8916378021, -6.89415121078, -4.63505029678],
        "var": [11421.3701172, 1787.48742676, 2174.60400391, 454.191833496, 361.859161377, 206.606536865, 232.402801514, 151.749847412, 130.449279785, 225.771072388, 220.825302124, 129.899887085, 142.778274536]
    },
    "mfcc_bands": {
        "mean": [1.82202784345e-05, 6.70713488944e-05, 9.88171668723e-05, 0.000197390167159, 0.000131789813167, 8.9707049483e-05, 5.03149422002e-05, 3.54048752342e-05, 4.4772408728e-05, 7.78525645728e-05, 3.84534650948e-05, 3.01329509966e-05, 2.1019612177e-05, 1.93485720956e-05, 1.1560105122e-05, 9.69218399405e-06, 6.95972858011e-06, 8.64927187649e-06, 5.84169629292e-06, 1.00454262792e-05, 2.02181036002e-05, 9.14991869649e-06, 1.79957369255e-05, 1.24932512335e-05, 9.41252619668e-06, 1.46360152939e-05, 1.05511144284e-05, 1.25001879496e-05, 8.07500418887e-06, 2.45567525781e-06, 2.14862529901e-06, 1.35311915983e-06, 6.79656636748e-07, 2.73427730235e-07, 2.27335178238e-07, 1.65960841514e-07, 7.44710462186e-08, 1.8066384655e-07, 1.71474567878e-07, 2.91811428355e-08],
        "var": [7.42014449884e-10, 4.53029036507e-09, 2.70472391151e-08, 1.32327699021e-07, 1.1884673512e-07, 4.03641422508e-08, 1.05058184374e-08, 1.67574700782e-08, 2.12025366153e-08, 7.7188026637e-08, 1.24967138859e-08, 4.99962293787e-09, 3.90282206553e-09, 6.39412878201e-09, 2.83277201696e-09, 1.18919607495e-09, 6.88071488675e-10, 7.36980976246e-10, 2.44683356909e-10, 6.70062727526e-10, 5.42433298278e-09, 5.75750780385e-10, 2.36157493561e-09, 8.97371454922e-10, 4.22546858614e-10, 1.31080601928e-09, 7.93944687771e-10, 4.8039083822e-10, 1.68185312899e-10, 5.31482462207e-11, 4.11615255769e-11, 1.39122810494e-11, 3.77128753573e-12, 9.19240486681e-13, 6.42005112267e-13, 3.24888634875e-13, 1.39849029167e-13, 3.47116730975e-13, 3.103782151e-13, 1.2562814897e-14]
    }
}
}