{
"metadata": {
    "version": {
        "essentia": "2.1-dev"
    }
},
"lowlevel": {
    "mfcc": {
        "mean": [-808.940124512, 111.341003418, -44.7248535156, 44.5470657349, -19.1188373566, -8.09298229218, -3.77407169342, -9.6724729538, -8.80750465393, -8.13031101227, -8.8939447403, -10.121304512, -6.59917545319],
        "var": [8726.75195312, 1261.26989746, 1030.64916992, 444.841369629, 311.543121338, 232.275909424, 196.224899292, 164.439834595, 145.722259521, 123.448577881, 109.47833252, 97.2096099854, 86.8351516724]
    },
    "mfcc_bands": {
        "mean": [1.84848113349e-06, 1.78367317858e-05, 4.14591377194e-05, 3.40698024957e-05, 2.49922177318e-05, 1.87414971151e-05, 1.45681487993e-05, 1.32829136419e-05, 2.17005581362e-05, 1.60760391736e-05, 1.32953155116e-05, 9.22389153857e-06, 8.27923577162e-06, 7.11293023414e-06, 9.33236788114e-06, 6.07055335422e-06, 8.03043167252e-06, 6.3136785684e-06, 4.9590225899e-06, 5.03076716996e-06, 4.4482476369e-06, 5.94180710323e-06, 5.70984866499e-06, 6.1752266447e-06, 8.59375450091e-06, 7.49720811655e-06, 6.24301947028e-06, 5.73266788706e-06, 2.88705473395e-06, 1.38482607781e-06, 7.37504194603e-07, 4.42345964302e-07, 2.15805172843e-07, 8.60854072471e-08, 4.21166959086e-08, 2.08412558322e-08, 1.04587316585e-08, 6.72897781939e-09, 5.85649750917e-09, 5.03248109851e-09],
        "var": [1.80470603739e-11, 1.19065601822e-09, 7.61870477817e-09, 2.52006016055e-09, 1.37500899555e-09, 1.20928622671e-09, 2.04241068502e-09, 1.86838122751e-09, 4.85137974238e-09, 2.66639443858e-09, 1.55716795014e-09, 1.10069231507e-09, 8.81803352559e-10, 5.78281589281e-10, 1.01527952712e-09, 4.42364894715e-10, 8.19754930603e-10, 5.5534621346e-10, 2.34574859537e-10, 2.02555500151e-10, 1.86359483401e-10, 5.14497389137e-10, 2.81557555049e-10, 3.89904081244e-10, 6.11949435569e-10, 5.59808088774e-10, 2.5192853359e-10, 1.70158248602e-10, 6.78782724473e-11, 1.95516242085e-11, 6.56924861731e-12, 1.99223515289e-12, 6.41250832815e-13, 7.34917294663e-14, 1.43108215436e-14, 3.33779982074e-15, 1.04454207819e-15, 5.42549643128e-16, 5.00662011002e-16, 3.5474936265e-16]
    }
}
}