{
"metadata": {
    "version": {
        "essentia": "2.1-dev"
    }
},
"lowlevel": {
    "mfcc": {
        "mean": [-779.95703125, 112.551269531, -35.1052246094, 58.1132774353, -15.9772472382, -4.14465522766, -1.27598774433, -6.4522895813, -3.74359107018, -5.49040603638, -8.59398937225, -9.52462291718, -8.75898456573],
        "var": [9350.94628906, 1202.76452637, 748.078491211, 515.057434082, 402.012115479, 196.947463989, 199.524139404, 124.961555481, 128.166519165, 153.857666016, 94.9630203247, 85.849609375, 91.8028411865]
    },
    "mfcc_bands": {
        "mean": [1.12770558189e-05, 4.32475280832e-05, 7.99362969701e-05, 0.000116660354252, 7.44697535993e-05, 5.56337799935e-05, 3.20066938002e-05, 4.0067385271e-05, 4.05223581765e-05, 3.70047418983e-05, 2.17624437937e-05, 2.22969556489e-05, 1.42269673233e-05, 7.46469231672e-06, 9.39327310334e-06, 4.90333650305e-06, 8.23318714538e-06, 6.33675017525e-06, 7.31071258997e-06, 5.3106514315e-06, 4.98770214108e-06, 6.84753013047e-06, 6.96717825122e-06, 8.09854645922e-06, 6.26148130323e-06, 7.21709966456e-06, 9.94980837277e-06, 5.43086753169e-06, 3.47787295141e-06, 2.90761840915e-06, 1.79225480679e-06, 8.65214417445e-07, 3.40371030916e-07, 1.5974582368e-07, 8.34090556623e-08, 4.85623701252e-08, 2.49693208332e-08, 1.91075102407e-08, 1.35947271218e-08, 9.7738723781e-09],
        "var": [2.44495673707e-10, 3.63550234361e-09, 1.45081457958e-08, 4.42438441439e-08, 1.50411132438e-08, 1.57871795636e-08, 7.84002285315e-09, 1.66116205236e-08, 1.33655566614e-08, 1.82755446332e-08, 4.70915928474e-09, 4.15758805161e-09, 1.56253987527e-09, 5.83882442395e-10, 1.26486998653e-09, 3.06229930302e-10, 4.96859331456e-10, 3.57086221703e-10, 2.6829355404e-10, 1.36583980237e-10, 9.00157171024e-11, 1.4892997946e-10, 1.5433895828e-10, 1.99805894052e-10, 1.28616478579e-10, 2.64536031969e-10, 3.49772877328e-10, 7.90791876426e-11, 6.23551904555e-11, 8.33214122697e-11, 5.99561858494e-11, 1.4450920495e-11, 1.84160217458e-12, 2.68564115174e-13, 5.98808790097e-14, 2.58376185844e-14, 4.58480511382e-15, 1.88859759876e-15, 1.01750319833e-15, 6.17207603555e-16]
    }
}
}