{
"metadata": {
    "version": {
        "essentia": "2.1-dev"
    }
},
"lowlevel": {
    "mfcc": {
        "mean": [-787.413024902, 110.314804077, -21.407535553, 22.9171524048, -30.815908432, -26.2375621796, -10.1665353775, -8.41604709625, -14.3823232651, -1.49746155739, -5.21718072891, -9.03694725037, -3.20616078377],
        "var": [11373.4775391, 1969.8182373, 1492.18835449, 738.476745605, 525.611694336, 526.197998047, 338.622192383, 279.785919189, 270.860412598, 167.020843506, 149.696533203, 130.101593018, 124.855049133]
    },
    "mfcc_bands": {
        "mean": [2.16526441363e-05, 7.20478201401e-05, 6.85291088303e-05, 6.6709901148e-05, 8.90334340511e-05, 6.91544555593e-05, 6.52924718452e-05, 6.23176674708e-05, 7.5574767834e-05, 4.60131122964e-05, 2.44710354309e-05, 2.67792838713e-05, 1.85867302207e-05, 1.37613442348e-05, 7.23044331608e-06, 8.59560623212e-06, 5.66611743125e-06, 6.0741872403e-06, 5.20591220265e-06, 5.40486053069e-06, 5.4043171076e-06, 4.0725872168e-06, 5.30301986146e-06, 1.06473344204e-05, 8.38773939904e-06, 8.48693252919e-06, 6.42946179141e-06, 4.56654424852e-06, 2.79916753243e-06, 2.03825720746e-06, 1.37681058732e-06, 7.71549139245e-07, 5.48120738131e-07, 4.71325989793e-07, 2.618451731e-07, 1.71699468865e-07, 7.45009529624e-08, 6.09121926232e-08, 6.82883722902e-08, 5.47226903791e-08],
        "var": [2.35422681349e-09, 5.13335258745e-08, 5.17946396883e-08, 2.2450024062e-08, 3.24533573348e-08, 2.38126194319e-08, 2.87242762909e-08, 2.34415491462e-08, 2.28753496145e-08, 2.08744577179e-08, 5.33893507182e-09, 4.88793983067e-09, 3.40337757976e-09, 1.80435388852e-09, 5.34727206958e-10, 6.42227715453e-10, 2.72017408598e-10, 3.88701404397e-10, 2.80150264098e-10, 2.99786667712e-10, 3.29376637076e-10, 2.41332093198e-10, 2.53868231992e-10, 7.31013916067e-10, 3.53951951082e-10, 4.28170526812e-10, 1.65446670253e-10, 7.97768517913e-11, 9.49273437634e-11, 6.33724739352e-11, 2.12139177752e-11, 4.08213783956e-12, 1.42924257499e-12, 1.12588616815e-12, 3.51316903086e-13, 2.0541326886e-13, 3.24145210998e-14, 2.18399771331e-14, 3.47564045686e-14, 2.67512808373e-14]
    }
}
}