{
"metadata": {
    "version": {
        "essentia": "2.1-dev"
    }
},
"lowlevel": {
    "mfcc": {
        "mean": [-805.798950195, 109.259529114, -48.5795059204, 52.7501068115, -15.1492595673, -7.81280088425, -10.0457143784, -14.0012769699, -2.10513591766, -6.79292535782, -3.34526729584, -3.36430001259, -4.61215257645],
        "var": [6728.92529297, 1270.69897461, 1137.77307129, 687.133483887, 506.626037598, 346.340759277, 264.935516357, 177.87461853, 146.575531006, 120.685897827, 112.133460999, 102.132072449, 110.911178589]
    },
    "mfcc_bands": {
        "mean": [8.74379747984e-06, 2.66606712103e-05, 3.38458085025e-05, 2.90467105515e-05, 2.07102330023e-05, 1.78237969521e-05, 1.66450536199e-05, 1.41311111292e-05, 2.15717936953e-05, 8.32400473882e-06, 5.16375757798e-06, 4.23144592787e-06, 2.79996197605e-06, 5.31253272129e-06, 3.78843878934e-06, 3.111749038e-06, 4.57412352262e-06, 7.29487510398e-06, 7.81496328273e-06, 9.53340986598e-06, 1.24181151477e-05, 1.00578818092e-05, 6.05748027738e-06, 4.20659989686e-06, 7.6328879004e-06, 9.19721969694e-06, 6.81471556163e-06, 6.38755136606e-06, 4.40468693341e-06, 3.22169466926e-06, 2.24757513934e-06, 9.63031652645e-07, 3.85555495086e-07, 1.56227713433e-07, 6.86446384179e-08, 2.91929254104e-08, 1.28980790493e-08, 1.17530047916e-08, 7.56855733641e-09, 3.98454780282e-09],
        "var": [6.31659613504e-10, 5.02542985004e-09, 2.94608337725e-09, 1.78610737311e-09, 1.19211074345e-09, 7.61408103234e-10, 1.28289801005e-09, 1.10946363208e-09, 4.96472774003e-09, 1.03094643933e-09, 1.36126498962e-10, 2.41071135276e-10, 1.30446542457e-10, 3.27289140234e-10, 1.34621883086e-10, 2.19098877929e-10, 2.64310739961e-10, 7.86887999205e-10, 1.24083188169e-09, 1.98646210592e-09, 1.94292359978e-09, 1.21161103372e-09, 4.4542680655e-10, 1.67088759495e-10, 7.39130201488e-10, 2.38428476962e-09, 1.61923452424e-09, 1.05035047326e-09, 4.93625917919e-10, 9.132836154e-11, 4.92026072663e-11, 8.68835905998e-12, 1.52091674758e-12, 3.68794811313e-13, 9.71275197856e-14, 1.43132355875e-14, 2.72857687914e-15, 3.07938891502e-15, 1.34805357083e-15, 4.48257723681e-16]
    }
}
}