{
"metadata": {
    "version": {
        "essentia": "2.1-dev"
    }
},
"lowlevel": {
    "mfcc": {
        "mean": [-828.983398438, 129.563476562, -13.9502210617, 29.6670761108, -13.0937891006, -37.9839515686, -2.27451491356, -18.5373630524, -12.1528434753, -9.32689380646, -18.652671814, -10.0160140991, -7.68646430969],
        "var": [11564.3378906, 1347.97412109, 1054.2298584, 849.583068848, 373.184783936, 477.206085205, 282.565979004, 210.77583313, 229.144180298, 241.574127197, 180.849594116, 205.606643677, 113.765190125]
    },
    "mfcc_bands": {
        "mean": [8.3810346041e-06, 3.20801918861e-05, 5.68797004235e-05, 0.000123717734823, 0.000214493440581, 0.00014827355335, 7.92408900452e-05, 4.30526524724e-05, 3.92340443796e-05, 3.1805371691e-05, 3.74090705009e-05, 3.13560667564e-05, 1.36405415105e-05, 3.96736777475e-06, 3.03763113152e-06, 3.09678443955e-06, 2.91397532237e-06, 3.05711432702e-06, 3.56353439201e-06, 4.18886384068e-06, 5.87076419833e-06, 7.1173667493e-06, 5.2996560953e-06, 7.5002972153e-06, 8.9887980721e-06, 5.4933057072e-06, 4.31059515904e-06, 6.74950706525e-06, 4.30854424849e-06, 1.10517180474e-06, 2.94990002203e-07, 1.66818750813e-07, 9.10399222676e-08, 6.32405630085e-08, 4.6138875831e-08, 4.42177743309e-08, 3.95032166978e-08, 4.14451157837e-08, 5.475192566e-08, 4.16612309095e-08],
        "var": [4.46472026017e-10, 5.34575939071e-09, 1.57062807205e-08, 5.99118692435e-08, 1.0048925958e-07, 6.15274586835e-08, 3.19440367491e-08, 1.4768218648e-08, 1.01888737447e-08, 1.17399379107e-08, 1.94943705623e-08, 1.63753348659e-08, 4.41703473797e-09, 2.65159671997e-10, 1.49374596026e-10, 2.33941616079e-10, 2.00949104578e-10, 1.97014723979e-10, 1.98762145631e-10, 2.91619756121e-10, 7.91197996008e-10, 7.12016501314e-10, 3.32174926454e-10, 6.24360674273e-10, 8.84572803894e-10, 3.12602166375e-10, 1.40008893368e-10, 4.0717204608e-10, 2.22352497525e-10, 1.92126349552e-11, 2.07387167335e-12, 1.17929787029e-12, 3.44404843186e-13, 2.74762092418e-13, 1.07992241993e-13, 9.95895870653e-14, 7.93576223615e-14, 1.09321446752e-13, 1.43782663727e-13, 5.96363846435e-14]
    }
}
}