{
"metadata": {
    "version": {
        "essentia": "2.1-dev"
    }
},
"lowlevel": {
    "mfcc": {
        "mean": [-776.76373291, 165.702529907, -0.961256980896, 45.5831184387, -9.6434135437, -14.2330818176, -2.57648205757, -13.3347330093, -15.795167923, -7.67912483215, -11.1122665405, -11.7240304947, -10.3401784897],
        "var": [7708.52050781, 1897.66723633, 1145.94836426, 426.667388916, 312.862487793, 280.818969727, 182.678833008, 148.189331055, 175.157348633, 125.092071533, 114.597564697, 119.581130981, 102.363052368]
    },
    "mfcc_bands": {
        "mean": [2.5961033316e-05, 0.000158085807925, 0.000460565963294, 0.000621161249001, 0.000460773415398, 0.000237202169956, 9.51015463215e-05, 0.000107307292637, 7.18779774616e-05, 4.90093116241e-05, 1.88503745449e-05, 2.63024794549e-05, 2.14479969145e-05, 1.37358847496e-05, 9.42467158893e-06, 2.77554063359e-05, 1.10863866212e-05, 7.35346884539e-06, 6.04814567851e-06, 5.91644084125e-06, 4.66257506559e-06, 4.82825862491e-06, 8.90970841283e-06, 1.1255249774e-05, 1.9715342205e-05, 1.51630229084e-05, 1.1267780792e-05, 1.51883796207e-05, 6.09535936746e-06, 1.65079154613e-06, 7.73323449721e-07, 3.01552489645e-07, 2.72177146599e-07, 2.64201901246e-07, 1.52461964831e-07, 7.17264185823e-08, 5.37495203901e-08, 5.83682471245e-08, 6.34200318927e-08, 4.32700737463e-08],
        "var": [1.55926305201e-09, 5.48839906855e-08, 2.14528768083e-07, 3.57891053682e-07, 2.3684485484e-07, 1.14209768753e-07, 3.56439215921e-08, 6.24112175274e-08, 6.00062577405e-08, 1.2047616238e-08, 2.44463937982e-09, 7.21593540476e-09, 5.46058531725e-09, 2.84093082392e-09, 1.31277066995e-09, 1.04291162373e-08, 2.10615480611e-09, 8.49126324809e-10, 8.36912650293e-10, 1.07814368544e-09, 5.26836130277e-10, 6.60230758953e-10, 2.12472550665e-09, 3.56600082796e-09, 7.95188359604e-09, 4.58652449353e-09, 2.75158673624e-09, 4.12002520989e-09, 6.92018609083e-10, 3.42738858128e-11, 8.890049287e-12, 1.92691153832e-12, 1.99237176236e-12, 1.25624272269e-12, 2.85198622531e-13, 1.36634139333e-13, 1.3543501173e-13, 2.58383158619e-13, 3.05477214704e-13, 9.47531915668e-14]
    }
}
}