{
"metadata": {
    "version": {
        "essentia": "2.1-dev"
    }
},
"lowlevel": {
    "mfcc": {
        "mean": [-734.056640625, 80.8912277222, -33.3759307861, 65.3623886108, -10.680973053, -9.12739467621, 3.03950023651, 2.16452932358, -1.55263864994, -3.6594619751, -5.90781116486, -8.65412807465, -6.50554990768],
        "var": [11445.4707031, 1189.37658691, 1034.79455566, 734.032836914, 349.377349854, 377.880828857, 259.587890625, 215.212402344, 192.703231812, 146.251846313, 137.870254517, 129.987167358, 108.321975708]
    },
    "mfcc_bands": {
        "mean": [2.30251571338e-05, 0.000105678293039, 0.000212779777939, 0.000126792045194, 9.88309402601e-05, 4.29150859418e-05, 2.95860445476e-05, 3.26679983118e-05, 4.66352030344e-05, 4.75676060887e-05, 3.98049596697e-05, 3.87285326724e-05, 2.02475894184e-05, 1.25503484014e-05, 9.5955310826e-06, 1.01999085018e-05, 8.1280413724e-06, 1.0349315744e-05, 1.37646084113e-05, 1.40004904097e-05, 1.89805141417e-05, 2.66726347036e-05, 3.18047968904e-05, 2.30626628763e-05, 3.57048847945e-05, 3.48861030943e-05, 2.53826547123e-05, 1.91748404177e-05, 1.30702828756e-05, 8.10422261566e-06, 4.10569373344e-06, 2.53344364864e-06, 2.14019587474e-06, 7.61476428579e-07, 2.57917946556e-07, 1.51760389144e-07, 1.29451748876e-07, 1.01627463778e-07, 7.04238942717e-08, 5.50060867965e-08],
        "var": [7.59967033748e-10, 2.30611743035e-08, 1.86329444318e-07, 5.18261380478e-08, 2.57876351384e-08, 7.31042337776e-09, 5.12885378612e-09, 5.7367297579e-09, 1.34842332855e-08, 1.70193690252e-08, 1.15771721099e-08, 1.05859703226e-08, 2.77199374565e-09, 1.90905780073e-09, 9.73295666284e-10, 1.69596647837e-09, 5.6374693802e-10, 6.5021360518e-10, 1.6439138939e-09, 1.50006884692e-09, 3.087726963e-09, 2.87870505211e-09, 3.07635827923e-09, 1.86289450532e-09, 4.3222163626e-09, 3.32203220488e-09, 1.60215185563e-09, 1.07737341271e-09, 6.51574294519e-10, 2.80504369732e-10, 7.56093312959e-11, 2.88318483671e-11, 1.53810211095e-11, 1.56079901607e-12, 3.23902390369e-13, 1.32245681962e-13, 4.97363211542e-14, 3.15419145338e-14, 4.00205008835e-14, 2.84039623961e-14]
    }
}
}