{
"metadata": {
    "version": {
        "essentia": "2.1-dev"
    }
},
"lowlevel": {
    "mfcc": {
        "mean": [-819.760498047, 142.651550293, -22.1173744202, 45.9287910461, -4.62673950195, -17.3004703522, 0.0219709035009, -7.01772499084, -10.0756797791, -4.30899143219, 4.56185531616, -5.22856998444, -2.96481585503],
        "var": [9319.50292969, 1463.80004883, 2054.98388672, 513.352294922, 305.676208496, 249.666351318, 190.629623413, 132.406570435, 157.401870728, 125.086143494, 120.417388916, 114.861717224, 105.89264679]
    },
    "mfcc_bands": {
        "mean": [9.49062268774e-06, 3.74446972273e-05, 5.31137593498e-05, 5.45189977856e-05, 4.83382937091e-05, 4.59700058855e-05, 2.68753628916e-05, 4.96291286254e-05, 4.28325038229e-05, 2.91815831588e-05, 1.24221132864e-05, 7.98757992015e-06, 8.84143173607e-06, 1.02661188066e-05, 1.29464742713e-05, 8.7598709797e-06, 1.25239475892e-05, 1.04100581666e-05, 7.41600160836e-06, 7.23876610209e-06, 5.69850180909e-06, 9.13173789741e-06, 1.41002983582e-05, 1.73085936694e-05, 1.56577389134e-05, 9.6429776022e-06, 7.73741703597e-06, 4.95802623846e-06, 1.64551056514e-06, 4.39145139808e-07, 4.40834099891e-07, 2.46333883069e-07, 1.37798508604e-07, 5.96141589426e-08, 1.78311090338e-08, 8.72403926877e-09, 6.64950805529e-09, 6.20422202502e-09, 7.24526927343e-09, 6.85019596602e-09],
        "var": [2.81593776075e-10, 2.73942468709e-09, 5.65560176469e-09, 1.22213927867e-08, 4.96905183667e-09, 6.0099414334e-09, 3.53005180642e-09, 2.56461554216e-08, 1.95008329484e-08, 9.36774657845e-09, 3.56952356562e-09, 1.47955359076e-09, 8.64190830008e-10, 1.45782896865e-09, 1.63083080373e-09, 9.36595578871e-10, 1.79892667429e-09, 1.80095394153e-09, 6.07710826106e-10, 5.46885148278e-10, 3.40892009065e-10, 7.52876261334e-10, 2.40991715472e-09, 2.93994384393e-09, 1.79570647241e-09, 6.83558820658e-10, 3.42851691482e-10, 1.72790379227e-10, 2.43002961503e-11, 2.36642324659e-12, 1.57830758012e-12, 4.52941368223e-13, 2.25275039508e-13, 3.75935414255e-14, 3.20645253919e-15, 1.54593137286e-15, 1.45333267227e-15, 8.12711595748e-16, 8.53713919626e-16, 4.3868707194e-16]
    }
}
}