{
"metadata": {
    "version": {
        "essentia": "2.1-dev"
    }
},
"lowlevel": {
    "mfcc": {
        "mean": [-794.952758789, 110.472251892, -8.79511928558, 47.1781082153, -20.3834075928, -2.71717596054, -0.391407251358, -6.02244234085, -7.95281362534, -12.0343866348, -7.37600231171, -12.9815664291, -10.2534942627],
        "var": [10044.0253906, 1207.32653809, 1098.95874023, 504.714569092, 373.907745361, 191.658309937, 169.416564941, 166.384048462, 134.04510498, 142.825256348, 117.793792725, 113.171966553, 102.446708679]
    },
    "mfcc_bands": {
        "mean": [6.64435583531e-06, 3.14316894219e-05, 7.00853561284e-05, 0.000100076889794, 0.000110071079689, 8.33493540995e-05, 2.65419112111e-05, 1.83782085514e-05, 2.81129196082e-05, 7.48056627344e-05, 6.8192865001e-05, 3.33738571499e-05, 1.78622594831e-05, 2.12008017115e-05, 2.73173427559e-05, 2.48278283834e-05, 1.03171896626e-05, 7.81916423875e-06, 3.59528371519e-06, 2.80214089798e-06, 2.57888405031e-06, 2.99628550238e-06, 3.14671819979e-06, 4.06537355957e-06, 5.65007849218e-06, 6.16721263214e-06, 3.71097803509e-06, 2.34212325267e-06, 2.24825339501e-06, 2.39223732024e-06, 1.77808362878e-06, 1.25427675357e-06, 6.17202204012e-07, 2.54979454439e-07, 1.51468654508e-07, 8.55765307506e-08, 6.25759213335e-08, 4.9454083495e-08, 5.25955670128e-08, 5.51865042553e-08],
        "var": [4.94788321426e-10, 3.83343223831e-09, 8.21464141154e-09, 3.5801654974e-08, 5.43523910324e-08, 7.98568748905e-08, 9.43149380817e-09, 5.7445990187e-09, 1.18046710185e-08, 9.83104087027e-08, 9.98375426775e-08, 2.46486564492e-08, 4.80291806326e-09, 8.2369213672e-09, 1.87681710173e-08, 1.4852546748e-08, 2.50353493492e-09, 1.51929324677e-09, 2.71786010364e-10, 9.94685236955e-11, 5.42701543427e-11, 6.72304503735e-11, 1.09450393193e-10, 1.71709937935e-10, 2.73189137978e-10, 3.32146643522e-10, 9.43371492035e-11, 3.33373190164e-11, 3.22936434538e-11, 3.30258910497e-11, 2.00672239242e-11, 1.07661024193e-11, 3.58391181315e-12, 5.59388039362e-13, 2.73129148421e-13, 7.73937798614e-14, 5.75355599752e-14, 4.44656112061e-14, 5.48416597779e-14, 6.38519117679e-14]
    }
}
}