{
"metadata": {
    "version": {
        "essentia": "2.1-dev"
    }
},
"lowlevel": {
    "mfcc": {
        "mean": [-730.358398438, 113.144340515, -28.4278182983, 52.7722587585, -11.5186338425, -3.74914383888, -6.65936231613, -4.20653629303, -3.22692656517, -0.189280599356, -0.258007317781, -4.11268854141, -5.95388364792],
        "var": [7706.4140625, 1291.77880859, 886.66784668, 418.538330078, 285.97076416, 175.513778687, 209.607925415, 135.567550659, 110.975326538, 105.500839233, 108.542785645, 109.74546814, 94.9056930542]
    },
    "mfcc_bands": {
        "mean": [2.48648211709e-05, 0.000114566537377, 0.000155354413437, 0.000116835428344, 0.000105262050056, 0.000105138620711, 8.26996038086e-05, 6.73622780596e-05, 6.77550779073e-05, 6.50922374916e-05, 9.41556645557e-05, 6.61532903905e-05, 2.63193742285e-05, 2.16941170947e-05, 2.25055864576e-05, 2.12372233364e-05, 2.80945623672e-05, 3.83799742849e-05, 1.43929564729e-05, 1.80794013431e-05, 1.48538711073e-05, 1.36719500006e-05, 1.94558924704e-05, 2.07197899726e-05, 1.47988084791e-05, 1.1920939869e-05, 9.96021844912e-06, 5.61423621548e-06, 5.27810334461e-06, 3.43849160345e-06, 2.28232261179e-06, 1.40360180012e-06, 9.80204617917e-07, 6.02525517479e-07, 3.21988068208e-07, 1.83086683592e-07, 1.06974688663e-07, 8.20875740715e-08, 7.11963892286e-08, 3.97383956852e-08],
        "var": [5.06195252381e-10, 1.58265542893e-08, 8.23652683835e-08, 3.73550825827e-08, 4.24204600336e-08, 6.85398333644e-08, 5.30770911666e-08, 3.43865202979e-08, 5.29149417616e-08, 7.99113024641e-08, 1.058274961e-07, 6.22014511009e-08, 1.49441774511e-08, 9.55077883447e-09, 1.08137436783e-08, 1.04660262679e-08, 1.27765522606e-08, 2.30666383771e-08, 2.58478594084e-09, 6.04402838889e-09, 3.80980003101e-09, 1.9153827413e-09, 3.43462458474e-09, 3.42538553078e-09, 2.8650313233e-09, 1.04352548824e-09, 7.59884488666e-10, 2.68980449025e-10, 2.56242055352e-10, 7.21452828034e-11, 3.30046892594e-11, 1.73683741e-11, 1.43998094698e-11, 6.24732557353e-12, 1.68816740101e-12, 6.67366444225e-13, 2.22807869702e-13, 1.6332365961e-13, 1.36333056389e-13, 4.62371670628e-14]
    }
}
}