{
"metadata": {
    "version": {
        "essentia": "2.1-dev"
    }
},
"lowlevel": {
    "mfcc": {
        "mean": [-764.694030762, 106.67855835, -44.8721160889, 46.1471595764, -33.9165077209, -14.6083993912, -9.891913414, -11.1705760956, -9.31821346283, -9.69023132324, -8.75840473175, -6.94518518448, -5.65912151337],
        "var": [7465.87304688, 654.179138184, 536.568847656, 451.660308838, 299.40045166, 147.229690552, 154.075241089, 122.34337616, 90.4769058228, 87.4658508301, 74.6785354614, 73.9886627197, 77.5192260742]
    },
    "mfcc_bands": {
        "mean": [2.24815562433e-06, 9.88154897641e-06, 4.10400789406e-05, 4.96000902785e-05, 7.28448285372e-05, 7.73441934143e-05, 3.83000333386e-05, 2.83183126157e-05, 2.99834846373e-05, 4.00107564928e-05, 4.6136599849e-05, 2.29722882068e-05, 1.05296221591e-05, 1.50720352394e-05, 9.12699943001e-06, 8.72264809004e-06, 1.02638532553e-05, 5.50945787836e-06, 4.87069110022e-06, 4.30807904195e-06, 5.62655532121e-06, 5.50234881302e-06, 6.04045089858e-06, 6.1674340941e-06, 6.35240712654e-06, 7.44519093132e-06, 7.00378404872e-06, 4.05663877245e-06, 3.59158116225e-06, 2.23816391554e-06, 1.30921375785e-06, 7.68763015913e-07, 4.61944381414e-07, 1.86464362173e-07, 7.40470866845e-08, 3.87493273024e-08, 2.53858534194e-08, 1.86210336039e-08, 9.34373645123e-09, 5.29552846018e-09],
        "var": [1.32959181859e-11, 9.30402421773e-10, 1.47203591538e-08, 5.85235149231e-09, 1.24502168575e-08, 1.55056056883e-08, 3.75005981823e-09, 2.50004572599e-09, 4.67011362915e-09, 9.89669768359e-09, 1.70053073845e-08, 4.29031343785e-09, 5.38699751473e-10, 1.66627389664e-09, 7.3107336851e-10, 6.52726483974e-10, 1.01997832402e-09, 4.05764144507e-10, 2.25689425482e-10, 1.61060803583e-10, 1.84053688956e-10, 1.22753626708e-10, 1.87276236185e-10, 1.11334892694e-10, 1.1740140804e-10, 1.96722527157e-10, 1.28922192366e-10, 5.90967066949e-11, 4.55772988794e-11, 1.55611860203e-11, 8.94984693994e-12, 2.47784496914e-12, 8.33449574546e-13, 1.32332025112e-13, 2.48105216791e-14, 1.13629334349e-14, 3.22450831701e-15, 1.26717706508e-15, 4.24647183202e-16, 1.17003387392e-16]
    }
}
}