{
"metadata": {
    "version": {
        "essentia": "2.1-dev"
    }
},
"lowlevel": {
    "mfcc": {
        "mean": [-714.448669434, 76.1855239868, -21.1874637604, 35.9978065491, -20.8464870453, -16.3783073425, -3.77068352699, -14.1822462082, -6.89754247665, -10.5148019791, -11.2829046249, -8.51008415222, -4.56523799896],
        "var": [12535.1728516, 1472.57409668, 814.329223633, 672.451049805, 426.493377686, 482, 337.344665527, 252.257476807, 210.542922974, 177.107528687, 162.542053223, 152.642791748, 122.00592804]
    },
    "mfcc_bands": {
        "mean": [7.96578387963e-05, 0.000137325099786, 0.000252857222222, 0.000257601495832, 0.000192396895727, 0.000116989889648, 0.000119870659546, 0.000129580308567, 8.4369101387e-05, 4.51418345619e-05, 7.02389443177e-05, 5.97566940996e-05, 4.20998949267e-05, 2.30682962865e-05, 1.60160434461e-05, 1.304865782e-05, 1.52759748744e-05, 1.81117447937e-05, 1.31887190946e-05, 1.6721247448e-05, 1.56333680934e-05, 1.65100009326e-05, 2.26868214668e-05, 2.34439976339e-05, 1.85407025128e-05, 2.16892785829e-05, 2.27219534281e-05, 1.78563368536e-05, 1.41154696394e-05, 9.82224992185e-06, 5.72599037696e-06, 3.31592218572e-06, 1.93491155187e-06, 1.10911753382e-06, 8.33177125514e-07, 4.61035114085e-07, 3.93751491856e-07, 3.89335383488e-07, 4.11984871107e-07, 3.1270789691e-07],
        "var": [2.00688763385e-08, 1.36891088687e-07, 6.85479164986e-07, 4.25909860269e-07, 9.33962240879e-08, 3.76106648048e-08, 4.81371884575e-08, 9.52711189939e-08, 5.14112841188e-08, 1.41936613574e-08, 3.19171071794e-08, 2.1448215648e-08, 1.48679770717e-08, 5.19543608135e-09, 1.87933024698e-09, 1.83003945331e-09, 1.92203963856e-09, 5.00572028272e-09, 1.21515664198e-09, 2.90917356871e-09, 3.02379654649e-09, 2.23196705562e-09, 4.00366362285e-09, 4.08903266802e-09, 2.94022628466e-09, 2.21325535676e-09, 1.48474366135e-09, 1.13327736084e-09, 7.79018904939e-10, 4.63095395364e-10, 1.38104513936e-10, 3.87591035655e-11, 1.2262636219e-11, 3.34147575061e-12, 3.66112955924e-12, 1.73026881451e-12, 1.33161298828e-12, 1.24888977198e-12, 1.09876474239e-12, 7.41418103127e-13]
    }
}
}