{
"metadata": {
    "version": {
        "essentia": "2.1-dev"
    }
},
"lowlevel": {
    "mfcc": {
        "mean": [-768.703430176, 109.678062439, -39.6798591614, 28.04296875, -20.8800811768, -27.1919765472, -2.35494160652, -11.2951793671, -16.0116558075, -5.66508245468, -6.76665782928, -10.3476791382, -6.13067483902],
        "var": [9964.04492188, 1381.95898438, 1535.98864746, 657.586242676, 527.812805176, 537.080078125, 445.059692383, 296.892242432, 255.18548584, 208.570144653, 148.962692261, 136.837890625, 112.98323822]
    },
    "mfcc_bands": {
        "mean": [6.80411540088e-05, 0.000115654620458, 5.59642612643e-05, 8.80165171111e-05, 0.000100289056718, 7.62792187743e-05, 5.95396413701e-05, 7.73071224103e-05, 6.32096707704e-05, 6.28639827482e-05, 4.79396003357e-05, 3.94617345592e-05, 3.91769608541e-05, 3.09713359457e-05, 2.00704616873e-05, 2.18388231588e-05, 2.08113397093e-05, 1.19647529573e-05, 1.92594925466e-05, 1.03301345007e-05, 1.14626081995e-05, 1.15420407383e-05, 1.62115484272e-05, 2.21626905841e-05, 3.44227264577e-05, 2.41640482272e-05, 1.57999747898e-05, 6.68671009407e-06, 2.3127527129e-06, 1.59517730935e-06, 9.93498360913e-07, 5.45132081697e-07, 3.11264329866e-07, 1.66215286868e-07, 9.86419763649e-08, 7.0209850378e-08, 4.75032422287e-08, 4.40540084412e-08, 4.67652725433e-08, 3.04037932608e-08],
        "var": [4.97716783343e-08, 1.00520800572e-07, 1.34582096578e-08, 2.48307401307e-08, 3.18957518175e-08, 1.799791427e-08, 1.39461127091e-08, 3.65150398807e-08, 3.12531689417e-08, 2.1198179212e-08, 1.72860534775e-08, 2.1501595171e-08, 1.4825411121e-08, 1.00023473948e-08, 5.47872458512e-09, 5.40262101723e-09, 3.25346061203e-09, 1.62170676887e-09, 4.73899230968e-09, 1.12770648375e-09, 1.55601609375e-09, 1.44358491827e-09, 2.57657362113e-09, 3.96623800469e-09, 9.06101060849e-09, 3.84675402643e-09, 1.75265035818e-09, 3.27115029508e-10, 3.99979840915e-11, 3.33052405099e-11, 1.95840947625e-11, 8.43699936304e-12, 1.99358671932e-12, 4.12899857534e-13, 1.27036375126e-13, 5.26821052331e-14, 2.46769987934e-14, 2.93136588408e-14, 6.35767480328e-14, 2.22152584685e-14]
    }
}
}