{
"metadata": {
    "version": {
        "essentia": "2.1-dev"
    }
},
"lowlevel": {
    "mfcc": {
        "mean": [-753.140686035, 126.194229126, -30.3945274353, 26.2762489319, -16.5125522614, -10.7920122147, 8.89801597595, -10.4417142868, -5.780189991, -1.28660023212, -2.89102530479, -5.23266744614, 1.43888735771],
        "var": [9101.9140625, 1380.70288086, 1063.14196777, 425.72555542, 305.258636475, 260.618011475, 163.825714111, 162.004669189, 129.331253052, 103.289901733, 119.225410461, 100.940368652, 110.316238403]
    },
    "mfcc_bands": {
        "mean": [2.64603695541e-05, 6.94958653185e-05, 4.83497533423e-05, 6.84717233526e-05, 0.000154221095727, 0.000136732967803, 9.01128660189e-05, 7.66770608607e-05, 5.0423976063e-05, 5.81394378969e-05, 8.34133097669e-05, 8.05445743026e-05, 7.8587414464e-05, 5.93407530687e-05, 2.68446310656e-05, 1.19724963952e-05, 1.55952693603e-05, 1.31637179948e-05, 9.71421923168e-06, 6.56794418319e-06, 5.04683430336e-06, 5.72657063458e-06, 7.81196013122e-06, 1.02264621091e-05, 1.17866702567e-05, 1.28455731101e-05, 1.03861630123e-05, 6.37249740976e-06, 2.5380779789e-06, 1.16047067422e-06, 6.34234368135e-07, 4.75301760616e-07, 3.56105630317e-07, 2.30497192888e-07, 1.4244038482e-07, 1.24689748304e-07, 8.86999913519e-08, 6.27449665558e-08, 6.398146013e-08, 4.39291873988e-08],
        "var": [1.39414357836e-09, 1.55210617692e-08, 1.13360636433e-08, 2.27975043288e-08, 7.93665932974e-08, 7.09860117354e-08, 3.67206602903e-08, 2.64354067525e-08, 1.27532810978e-08, 3.94689720906e-08, 8.01481974122e-08, 7.22495769878e-08, 6.42588418032e-08, 3.27382991827e-08, 8.4659266264e-09, 1.16206400058e-09, 1.7289401022e-09, 1.59017066181e-09, 1.12353726323e-09, 3.1302263559e-10, 1.52229479022e-10, 1.6105128342e-10, 4.69773331346e-10, 9.091020714e-10, 8.32075575108e-10, 1.04064734607e-09, 5.26219456898e-10, 1.29398713966e-10, 2.09063062001e-11, 4.29484095857e-12, 2.2170548817e-12, 1.56254924364e-12, 1.17151579236e-12, 8.17163014772e-13, 5.48031346866e-13, 5.1391296817e-13, 2.14842656469e-13, 4.76885952873e-14, 3.22512978509e-14, 1.53022566677e-14]
    }
}
}