{
"metadata": {
    "version": {
        "essentia": "2.1-dev"
    }
},
"lowlevel": {
    "mfcc": {
        "mean": [-770.35369873, 137.413513184, -15.0280790329, 53.3663825989, -18.7934455872, -18.0702438354, -8.63838577271, -15.4216156006, -4.44983434677, -1.46619033813, -2.50411725044, -4.48614788055, -4.78884649277],
        "var": [9116.78027344, 1320.43139648, 711.917480469, 373.835479736, 289.489105225, 288.233612061, 172.554321289, 164.00994873, 115.718482971, 114.529624939, 118.352638245, 106.743255615, 121.737770081]
    },
    "mfcc_bands": {
        "mean": [3.86713836633e-05, 0.000217698339839, 0.00024067715276, 0.000376689102268, 0.000267378258286, 0.000173059786903, 0.000118988558825, 8.29767086543e-05, 9.03699619812e-05, 2.92923559755e-05, 2.4040491553e-05, 1.40589181683e-05, 8.6436230049e-06, 5.35948402103e-06, 4.82247878608e-06, 5.11224652655e-06, 6.10828510617e-06, 6.61038666294e-06, 6.2109997998e-06, 7.90583362686e-06, 6.64521667204e-06, 6.65423158352e-06, 8.85846930032e-06, 9.3995977295e-06, 7.79882611823e-06, 7.95744108473e-06, 7.97148641141e-06, 6.04639353696e-06, 3.43784950019e-06, 2.49026129495e-06, 1.27654061544e-06, 7.33804995434e-07, 3.15452894029e-07, 1.66217589026e-07, 7.55562226118e-08, 4.38032152772e-08, 2.64365134228e-08, 1.89979569853e-08, 1.71691709738e-08, 1.04663362421e-08],
        "var": [5.17919973575e-09, 3.63468103615e-07, 2.38909620975e-07, 4.38419448301e-07, 1.99559977432e-07, 7.1749241215e-08, 3.06840952646e-08, 2.84134209494e-08, 4.37302283274e-08, 5.9330274027e-09, 5.07894881707e-09, 1.43413603215e-09, 1.16462472999e-09, 2.78928352637e-10, 2.67397853859e-10, 2.82667389495e-10, 5.73453784458e-10, 5.33854627172e-10, 4.58590609931e-10, 8.93370655231e-10, 3.82862047621e-10, 6.65633270724e-10, 8.53146664426e-10, 7.58206997187e-10, 5.91455107113e-10, 3.15650117155e-10, 3.72617520172e-10, 2.3941909566e-10, 7.30701332774e-11, 3.75113967666e-11, 1.57894912423e-11, 4.119069235e-12, 8.6694339858e-13, 3.12282616216e-13, 3.99057889055e-14, 1.4642395979e-14, 5.67158141943e-15, 2.88289611774e-15, 1.28484299599e-15, 4.67242802524e-16]
    }
}
}