{
"metadata": {
    "version": {
        "essentia": "2.1-dev"
    }
},
"lowlevel": {
    "mfcc": {
        "mean": [-773.753723145, 110.031524658, -28.0195159912, 29.4163246155, -24.5544452667, -28.5848388672, -5.73602104187, -12.8119659424, -7.43817424774, 1.21201205254, -5.07703781128, -3.8718931675, -3.78924798965],
        "var": [9297.92382812, 1776.00195312, 1511.59301758, 591.915405273, 449.217590332, 504.061309814, 354.724517822, 223.233581543, 233.159057617, 208.316757202, 193.096542358, 176.370895386, 118.146408081]
    },
    "mfcc_bands": {
        "mean": [2.14383835555e-05, 7.61025876272e-05, 0.000157507078256, 8.28795818961e-05, 3.91610010411e-05, 7.7454969869e-05, 8.20847853902e-05, 5.83075961913e-05, 5.33426064067e-05, 4.51616324426e-05, 4.55731387774e-05, 3.29861395585e-05, 1.49642919496e-05, 1.48072795128e-05, 1.55741581693e-05, 9.63421825873e-06, 6.10680854152e-06, 8.03160492069e-06, 7.4357953963e-06, 6.56129168419e-06, 9.39556139201e-06, 8.62751130626e-06, 7.78906087362e-06, 6.65366042085e-06, 8.59401825437e-06, 8.41316614242e-06, 9.45188730839e-06, 5.69225494473e-06, 3.07607660943e-06, 1.36604023737e-06, 1.05327944766e-06, 7.30913541247e-07, 3.73974302192e-07, 1.78571781362e-07, 9.08744866024e-08, 8.14458687159e-08, 6.36412877952e-08, 4.88241020946e-08, 4.31769962006e-08, 3.77629163495e-08],
        "var": [4.80995598906e-09, 6.54429470615e-08, 3.05898623765e-07, 6.17505904188e-08, 5.04695663039e-09, 1.81389339104e-08, 1.60593511822e-08, 7.56971729743e-09, 6.93319490708e-09, 6.90717172347e-09, 9.3751157948e-09, 6.10605077611e-09, 2.15854822905e-09, 1.78836523368e-09, 2.27324337132e-09, 1.08381958963e-09, 2.16982279366e-10, 5.02346331199e-10, 3.82952947131e-10, 3.67178620841e-10, 8.31732460682e-10, 5.45875344926e-10, 4.32991670296e-10, 1.7623466575e-10, 3.0414507024e-10, 2.03710215363e-10, 3.38161748603e-10, 1.39430120227e-10, 3.84529595665e-11, 1.39107475539e-11, 9.69710423071e-12, 4.04564012499e-12, 1.24727344338e-12, 2.62344589412e-13, 3.97049031836e-14, 1.71872675055e-14, 1.32456301786e-14, 1.16430235136e-14, 1.02142051395e-14, 7.96421203997e-15]
    }
}
}