{
"metadata": {
    "version": {
        "essentia": "2.1-dev"
    }
},
"lowlevel": {
    "mfcc": {
        "mean": [-697.688110352, 83.8285903931, -23.9409484863, 39.4434089661, -21.2031421661, -26.5979652405, -11.8003168106, -14.0327720642, -7.39440584183, -8.2060842514, -11.0651712418, -12.7252759933, -5.6163187027],
        "var": [9019.5078125, 1396.10229492, 1170.89953613, 418.543334961, 355.900939941, 311.995483398, 262.430450439, 189.081375122, 186.646591187, 162.375564575, 134.316864014, 130.787246704, 124.150619507]
    },
    "mfcc_bands": {
        "mean": [2.35566549236e-05, 7.18218361726e-05, 0.000201227871003, 0.00025984577951, 0.000409252854297, 0.000274599704426, 0.000125558697619, 0.000150434265379, 0.000126658385852, 0.000112001871457, 5.45306429558e-05, 4.13665511587e-05, 3.22552441503e-05, 1.70808543771e-05, 1.42360186146e-05, 1.11908384497e-05, 1.11034223664e-05, 2.05017404369e-05, 2.17951328523e-05, 2.09285208257e-05, 2.5579603971e-05, 3.58408069587e-05, 3.00898464047e-05, 1.90586160898e-05, 3.49143774656e-05, 4.57916212326e-05, 4.45351979579e-05, 3.09816605295e-05, 1.37119723149e-05, 6.99072143107e-06, 4.18806939706e-06, 3.09423626277e-06, 1.8517071112e-06, 1.17250431231e-06, 5.96974189193e-07, 4.06936379704e-07, 3.37831124853e-07, 3.44695337162e-07, 4.41483280156e-07, 2.75312686426e-07],
        "var": [2.20054596767e-09, 3.34859251439e-08, 3.52735270326e-07, 2.45817091127e-07, 4.67454270847e-07, 2.27707744216e-07, 1.24035778981e-07, 7.16388370847e-08, 6.64395898298e-08, 8.37603124637e-08, 1.6266525904e-08, 1.13379012845e-08, 5.70186298177e-09, 2.23908580566e-09, 1.78547576724e-09, 9.97983917728e-10, 1.52515033935e-09, 3.14553405545e-09, 3.16895487629e-09, 2.738582916e-09, 4.74634553882e-09, 9.49066336631e-09, 5.04018737857e-09, 1.49852563691e-09, 5.29816768235e-09, 1.20213350385e-08, 1.0574781939e-08, 4.40108349764e-09, 8.18036860473e-10, 1.42172273954e-10, 5.61326922444e-11, 2.7426236629e-11, 1.46315251581e-11, 7.96639924167e-12, 1.72496262066e-12, 6.54407951439e-13, 4.65642281677e-13, 5.6453257867e-13, 1.02200138543e-12, 3.84427244812e-13]
    }
}
}