{
"metadata": {
    "version": {
        "essentia": "2.1-dev"
    }
},
"lowlevel": {
    "mfcc": {
        "mean": [-754.951049805, 108.732383728, -46.7468795776, 35.8375205994, -18.7350921631, -13.1876268387, -9.0306968689, -9.83676719666, -7.33258199692, -7.56689119339, -7.4508895874, -9.20186328888, -10.507314682],
        "var": [10972.4960938, 1323.29284668, 889.940917969, 456.682067871, 461.696807861, 249.082015991, 290.666137695, 201.28213501, 189.908843994, 160.377868652, 124.823928833, 98.3114776611, 125.504188538]
    },
    "mfcc_bands": {
        "mean": [1.46159491123e-05, 0.00010906811076, 0.000212352533708, 0.000140536998515, 0.000121402845252, 5.06915494043e-05, 3.73965594918e-05, 4.77166140627e-05, 7.63275529607e-05, 6.37343982817e-05, 2.77901981462e-05, 3.46671949956e-05, 1.97264271264e-05, 1.87992736755e-05, 1.58571765496e-05, 1.89507572941e-05, 1.73980261025e-05, 1.46565744217e-05, 9.7248930615e-06, 7.13643203198e-06, 1.55000343511e-05, 1.53387081809e-05, 1.00689794635e-05, 7.87610497355e-06, 1.00310935522e-05, 1.44524046846e-05, 9.2285717983e-06, 5.27765951119e-06, 2.50197945206e-06, 3.02103194372e-06, 2.81198231278e-06, 1.07506446057e-06, 4.3095533897e-07, 3.25838840354e-07, 2.04504601697e-07, 1.1923454224e-07, 8.9309850182e-08, 6.42878887902e-08, 4.23573496278e-08, 3.36015482105e-08],
        "var": [1.14531095718e-09, 8.36688371919e-08, 3.28461936761e-07, 7.51916786612e-08, 4.89220788324e-08, 7.53250883889e-09, 4.8586676904e-09, 1.10562998756e-08, 2.61834767201e-08, 3.2536600969e-08, 5.74774139395e-09, 1.13111360278e-08, 2.53512255632e-09, 5.01239050266e-09, 2.07507722116e-09, 3.80624110008e-09, 2.65687871703e-09, 2.12779349695e-09, 7.85707443551e-10, 2.31678939921e-10, 1.41356515382e-09, 1.02591579676e-09, 3.52455731267e-10, 2.0213751506e-10, 3.87835874527e-10, 9.25488519155e-10, 4.60588844842e-10, 1.30824281963e-10, 2.41567113535e-11, 4.30631676152e-11, 4.04651208374e-11, 4.73539480197e-12, 1.06405314247e-12, 1.01111469458e-12, 5.52932320156e-13, 1.15793822014e-13, 6.20310823107e-14, 2.87002714617e-14, 1.03486504441e-14, 5.85733955641e-15]
    }
}
}