{
"metadata": {
    "version": {
        "essentia": "2.1-dev"
    }
},
"lowlevel": {
    "mfcc": {
        "mean": [-783.993225098, 96.4206542969, -14.2484045029, 10.4517068863, -26.7653427124, -30.7657222748, -10.3219137192, -22.8621902466, -5.35779428482, -4.81986141205, -17.2123298645, -11.508764267, -2.39084005356],
        "var": [6830.10449219, 1663.21569824, 1051.14160156, 915.692138672, 464.895812988, 627.972961426, 311.246002197, 342.28314209, 352.543273926, 294.301330566, 261.215301514, 223.000976562, 194.082183838]
    },
    "mfcc_bands": {
        "mean": [2.85037494905e-05, 0.000115510636533, 0.000108860789624, 0.000107243664388, 0.000168920640135, 0.000107450694486, 9.89134132396e-05, 9.67389860307e-05, 5.35315230081e-05, 1.96726577997e-05, 1.71896917891e-05, 1.53985783982e-05, 2.17735814658e-05, 1.79173330253e-05, 7.02850093148e-06, 4.61127638118e-06, 5.24427787241e-06, 3.6207170524e-06, 6.48538525638e-06, 6.30686781733e-06, 3.13727014145e-06, 2.61254763245e-06, 2.24154609896e-06, 1.95323173102e-06, 2.29768215831e-06, 3.30133366333e-06, 2.89762692773e-06, 2.74943204204e-06, 2.32502520703e-06, 1.26255815758e-06, 8.55207019868e-07, 5.53025756744e-07, 2.75458518217e-07, 1.72234507545e-07, 1.11646521361e-07, 9.38275235285e-08, 1.06734965755e-07, 1.48219541529e-07, 1.59293890079e-07, 9.75717284746e-08],
        "var": [9.65016599963e-09, 2.0335642148e-07, 1.72099390738e-07, 5.53212871068e-08, 1.00129348368e-07, 4.96660774729e-08, 3.9479079561e-08, 4.17140917364e-08, 2.24726139919e-08, 3.22818194398e-09, 1.14025389131e-09, 8.40105041089e-10, 2.75065126232e-09, 4.37298774969e-09, 7.51602557969e-10, 4.81494177862e-10, 2.24787036207e-10, 1.21103571615e-10, 2.36604624781e-10, 1.99177063731e-10, 1.06106054498e-10, 8.06643501994e-11, 6.07443817469e-11, 3.29927404841e-11, 3.53788075225e-11, 7.23039406125e-11, 3.59969068442e-11, 6.96179711102e-11, 2.71638076615e-11, 6.68648122981e-12, 3.688797965e-12, 1.86016848626e-12, 4.65719910553e-13, 1.86160399704e-13, 8.43798501123e-14, 7.50275831588e-14, 5.8347180169e-14, 9.82522507906e-14, 1.57289898337e-13, 6.38999758055e-14]
    }
}
}