{
"metadata": {
    "version": {
        "essentia": "2.1-dev"
    }
},
"lowlevel": {
    "mfcc": {
        "mean": [-777.492431641, 86.7961807251, -6.33901453018, 14.5780849457, -7.51158428192, -31.6354007721, -4.24632072449, -20.0288181305, -22.9221839905, -4.10088729858, -17.9019870758, -8.39051818848, -0.267036169767],
        "var": [6094.35302734, 1262.9074707, 1266.17614746, 778.974304199, 535.453186035, 599.227966309, 450.32208252, 385.551544189, 320.69821167, 320.736297607, 308.809509277, 260.46661377, 203.18069458]
    },
    "mfcc_bands": {
        "mean": [2.83726512862e-05, 8.20080167614e-05, 6.99413430993e-05, 5.70335032535e-05, 9.96802700683e-05, 0.000131038861582, 0.000106502629933, 5.18963752256e-05, 1.8571570763e-05, 1.31093647724e-05, 2.25725671044e-05, 1.87499535969e-05, 1.22737874335e-05, 1.05600074676e-05, 7.13325562174e-06, 5.9436652009e-06, 6.29027226751e-06, 6.2079793679e-06, 6.32370711173e-06, 4.33090417573e-06, 3.85962630389e-06, 3.07603090732e-06, 2.24980567509e-06, 3.4352253806e-06, 3.70855332221e-06, 5.97573171035e-06, 4.46620197181e-06, 3.12818428938e-06, 1.66535187418e-06, 6.90989452323e-07, 5.27847362264e-07, 4.40356984654e-07, 2.57690317085e-07, 1.94585069835e-07, 1.86595201512e-07, 1.84735554853e-07, 2.3836801688e-07, 3.62918797236e-07, 3.10487251909e-07, 1.26528959754e-07],
        "var": [3.87433329863e-09, 9.53431822381e-08, 6.23754630169e-08, 1.64062914365e-08, 3.80052256332e-08, 3.4819525041e-08, 1.96943474862e-08, 1.49165337859e-08, 2.64042676612e-09, 7.91163079494e-10, 1.97891747433e-09, 2.2186268378e-09, 1.49061285537e-09, 1.65575197997e-09, 1.11682951776e-09, 4.96148955254e-10, 6.56821042e-10, 6.87724488468e-10, 6.71311950473e-10, 5.30264998577e-10, 4.58839022333e-10, 2.22406440487e-10, 5.69874945844e-11, 9.13342457221e-11, 6.66990490616e-11, 1.68003347345e-10, 9.44691824767e-11, 6.14412826172e-11, 3.23188038831e-11, 6.06791049698e-12, 5.58413515081e-12, 3.49688377213e-12, 5.00816131187e-13, 1.98197334196e-13, 9.95946218291e-14, 7.95891605117e-14, 9.38558719675e-14, 2.44833558809e-13, 2.20293388024e-13, 5.51992330425e-14]
    }
}
}