{
"metadata": {
    "version": {
        "essentia": "2.1-dev"
    }
},
"lowlevel": {
    "mfcc": {
        "mean": [-788.120178223, 98.682144165, -5.30813646317, 39.5918540955, -10.9445524216, -18.4698181152, -5.54156684875, -13.7463979721, -7.62692642212, -9.94226837158, -9.35752296448, -8.63875961304, -5.94091939926],
        "var": [11524.1708984, 1574.1003418, 994.291992188, 684.855407715, 383.800445557, 384.145294189, 238.965820312, 151.869750977, 140.715942383, 129.457305908, 112.973052979, 98.7712020874, 91.9500045776]
    },
    "mfcc_bands": {
        "mean": [1.02487729237e-05, 5.40741057193e-05, 0.000115137030662, 0.000228989229072, 0.000120845281344, 6.1181242927e-05, 4.53939283034e-05, 4.69479637104e-05, 2.86948325083e-05, 1.97550907615e-05, 1.39508347274e-05, 7.12800465408e-06, 6.01077181273e-06, 4.72388683193e-06, 4.79799155073e-06, 3.26601002598e-06, 2.60594470092e-06, 3.70470502276e-06, 3.77343894797e-06, 3.9626211219e-06, 4.35474021288e-06, 4.5632173169e-06, 5.44245312994e-06, 4.01376473746e-06, 3.97890198656e-06, 5.28407736056e-06, 4.8659831009e-06, 4.54883456769e-06, 3.96341783926e-06, 1.79267635758e-06, 1.20813740523e-06, 8.37442996726e-07, 4.21193504963e-07, 2.16269242514e-07, 1.36634227488e-07, 7.64542207321e-08, 6.45594724347e-08, 7.03820361991e-08, 7.98372070676e-08, 6.4847114345e-08],
        "var": [7.94915411273e-10, 2.02898302604e-08, 3.62370755624e-08, 2.66578922492e-07, 6.45757367579e-08, 1.9540401297e-08, 1.10051887603e-08, 1.16164127206e-08, 6.83273215785e-09, 2.61276800195e-09, 1.66044489269e-09, 4.01218280821e-10, 4.14203144006e-10, 2.08279310465e-10, 1.68904057407e-10, 9.22120504954e-11, 4.92057575241e-11, 1.10081041504e-10, 9.93993082288e-11, 1.26192542527e-10, 1.30880944971e-10, 1.03455577438e-10, 1.56720234012e-10, 7.51220613493e-11, 8.25950835504e-11, 1.58568394526e-10, 8.39879971126e-11, 1.50664286602e-10, 2.06513375844e-10, 1.47944365092e-11, 5.37426223315e-12, 2.26768018426e-12, 6.16054950109e-13, 1.60180178041e-13, 5.91058032053e-14, 2.04321677172e-14, 1.08623945613e-14, 1.0508634639e-14, 1.39568752741e-14, 8.78688177856e-15]
    }
}
}