{
"metadata": {
    "version": {
        "essentia": "2.1-dev"
    }
},
"lowlevel": {
    "mfcc": {
        "mean": [-749.626953125, 97.8047409058, 6.5939874649, 39.6854896545, -7.91219139099, -9.77435970306, -2.70199894905, -5.94099521637, -1.44620013237, -8.03852176666, 0.0977311953902, -8.33228397369, -5.98400115967],
        "var": [11185.1650391, 941.50604248, 848.90423584, 614.246276855, 313.306610107, 269.176727295, 229.658477783, 125.59185791, 156.13381958, 145.058273315, 127.667938232, 103.262413025, 103.098144531]
    },
    "mfcc_bands": {
        "mean": [5.14476778335e-05, 0.000115666553029, 7.92050923337e-05, 0.000190195642062, 0.000218121800572, 0.000133808483952, 6.03084627073e-05, 5.82551583648e-05, 6.8089706474e-05, 6.54683899484e-05, 5.87187023484e-05, 2.43754275289e-05, 1.98611287487e-05, 1.24575608424e-05, 1.15686361823e-05, 1.00875568023e-05, 1.62225624081e-05, 9.73981423158e-06, 7.29035400582e-06, 5.45769307791e-06, 5.88995817452e-06, 6.76064382787e-06, 1.05249755507e-05, 1.07257947093e-05, 5.98438509769e-06, 5.1369229368e-06, 7.28105669623e-06, 6.81961819282e-06, 3.80091796615e-06, 1.9883227651e-06, 1.89174761545e-06, 1.47809157625e-06, 9.71207782641e-07, 5.52950780275e-07, 2.37542892023e-07, 1.39525511145e-07, 1.32679474518e-07, 1.7933257368e-07, 1.81857814141e-07, 1.37467154104e-07],
        "var": [4.02546884715e-09, 1.05695789898e-07, 2.55117953429e-08, 7.95816603727e-08, 1.1262338262e-07, 8.14408522842e-08, 1.97285974224e-08, 1.43791787366e-08, 2.6446071999e-08, 2.47662228503e-08, 3.54002942515e-08, 5.32853006163e-09, 3.98090538312e-09, 1.51944357096e-09, 1.36980560228e-09, 1.03173836141e-09, 3.34828764714e-09, 1.35136624113e-09, 5.19224385709e-10, 3.24122756412e-10, 7.83016318451e-10, 4.31955526903e-10, 7.11872283343e-10, 8.12958589336e-10, 2.99111957425e-10, 1.80344530976e-10, 5.59458979144e-10, 3.88803989004e-10, 1.45395945284e-10, 1.80134119426e-11, 1.46635360104e-11, 9.04846510219e-12, 3.13685926193e-12, 1.22779163138e-12, 2.33751223672e-13, 1.01385269808e-13, 6.09028954113e-14, 9.836674254e-14, 8.51592220678e-14, 4.0639939466e-14]
    }
}
}