{
"metadata": {
    "version": {
        "essentia": "2.1-dev"
    }
},
"lowlevel": {
    "mfcc": {
        "mean": [-743.320800781, 88.5191040039, -16.5041637421, 39.7179985046, -20.3929519653, -15.1941862106, -12.8870124817, -10.6061792374, -11.8579950333, -5.26745414734, -4.64536190033, -10.1897602081, -3.52851104736],
        "var": [9860.69921875, 1681.94299316, 1195.71948242, 875.582092285, 564.362609863, 453.624786377, 433.096832275, 260.673919678, 252.076034546, 220.319900513, 184.513031006, 149.102676392, 122.493148804]
    },
    "mfcc_bands": {
        "mean": [4.32900269516e-05, 0.000134835150675, 0.000277634884696, 0.000242500274908, 7.77009845478e-05, 8.65631081979e-05, 8.61733424244e-05, 8.06802127045e-05, 0.000134727859404, 0.000124014157336, 4.0552826249e-05, 2.58830641542e-05, 1.94241965801e-05, 2.34233521041e-05, 1.38327577588e-05, 1.50087198563e-05, 1.16352402983e-05, 1.10364171633e-05, 1.0023845789e-05, 1.16302153401e-05, 1.18064144772e-05, 1.0056111023e-05, 9.89145883068e-06, 7.22777122064e-06, 2.29682445934e-05, 3.20890394505e-05, 1.6728634364e-05, 8.26355608297e-06, 4.03691637985e-06, 2.7562662126e-06, 2.20543256546e-06, 1.60940760452e-06, 1.43233205563e-06, 7.38409369205e-07, 4.49903239996e-07, 2.73557390074e-07, 1.53558886495e-07, 1.42680534054e-07, 1.1756765872e-07, 1.17949781497e-07],
        "var": [9.36497901449e-09, 1.19348868566e-07, 7.63358116274e-07, 2.67191552439e-07, 1.94120062247e-08, 3.63656802449e-08, 3.06314369425e-08, 6.42395150408e-08, 2.76167583024e-07, 2.08681598224e-07, 2.1564014574e-08, 1.19986944824e-08, 9.12750675042e-09, 1.08274873512e-08, 2.40406317076e-09, 3.70933550542e-09, 1.81123405163e-09, 1.36730005096e-09, 1.52132073605e-09, 1.10880904458e-09, 1.08880160443e-09, 5.42540012916e-10, 5.5741289362e-10, 2.35607922061e-10, 4.65691840645e-09, 6.73176137056e-09, 2.25506124885e-09, 5.58544710483e-10, 6.19520060252e-11, 2.6557112412e-11, 1.54931345531e-11, 9.03066944141e-12, 4.73551016109e-12, 2.04003263934e-12, 1.66463088973e-12, 4.19989320015e-13, 6.52770548661e-14, 5.07722831063e-14, 3.71558049627e-14, 3.60642031104e-14]
    }
}
}