{
"metadata": {
    "version": {
        "essentia": "2.1-dev"
    }
},
"lowlevel": {
    "mfcc": {
        "mean": [-754.635009766, 138.964569092, -47.6002883911, 47.6920394897, -19.3079814911, -12.8136768341, -3.8292798996, -11.303776741, -4.24483060837, -8.75517559052, -6.67589139938, -6.44188976288, -9.73425674438],
        "var": [9245.85351562, 1182.51025391, 856.07232666, 461.425598145, 284.11932373, 186.709487915, 162.997634888, 127.501792908, 95.9911651611, 105.19418335, 87.1374664307, 74.5140838623, 64.5471725464]
    },
    "mfcc_bands": {
        "mean": [1.19937403724e-05, 7.81697963248e-05, 0.000124359095935, 0.000254395388765, 0.000163703472936, 0.000115789960546, 5.87076356169e-05, 8.42884692247e-05, 0.000135220849188, 5.33518323209e-05, 6.9762012572e-05, 5.11893922521e-05, 2.30504028877e-05, 3.3334523323e-05, 2.02087667276e-05, 1.57596714416e-05, 1.43081242641e-05, 1.28810243041e-05, 1.28716656036e-05, 1.0346642739e-05, 1.28145838971e-05, 1.35061472974e-05, 1.21095426948e-05, 1.38744044307e-05, 1.46295906234e-05, 1.06218130895e-05, 7.86394684837e-06, 5.13707891514e-06, 3.77627497983e-06, 2.08499068322e-06, 9.3571850357e-07, 4.09478019492e-07, 1.48546021705e-07, 5.33829584981e-08, 3.21753290677e-08, 1.61655417941e-08, 1.23995160806e-08, 1.18566765295e-08, 9.44001854464e-09, 6.18992102019e-09],
        "var": [3.84446752211e-10, 1.76584382672e-08, 4.79949626708e-08, 2.57895891309e-07, 4.82184638884e-08, 3.66766919058e-08, 9.24784249179e-09, 5.24338936714e-08, 2.35433219586e-07, 2.16655635654e-08, 6.75990463606e-08, 4.03537718796e-08, 7.98525068291e-09, 1.92578326619e-08, 6.5982508346e-09, 4.64061233885e-09, 4.20724566297e-09, 2.18912776795e-09, 2.79732703667e-09, 1.24092058851e-09, 1.2130629834e-09, 1.0861626043e-09, 1.01164843169e-09, 1.43234812899e-09, 7.85138121184e-10, 4.17161000188e-10, 2.65582028591e-10, 1.12171799627e-10, 9.73875147192e-11, 1.93866624143e-11, 3.26065823647e-12, 8.78993655206e-13, 1.09412113159e-13, 1.04394650815e-14, 4.55998662495e-15, 1.6838277014e-15, 9.85375238639e-16, 1.21201605609e-15, 1.27231474342e-15, 5.51605219427e-16]
    }
}
}