{
"metadata": {
    "version": {
        "essentia": "2.1-dev"
    }
},
"lowlevel": {
    "mfcc": {
        "mean": [-823.903686523, 149.172302246, -40.6172904968, 34.3965492249, -9.84401226044, -18.1007614136, -2.7794907093, -12.8886451721, -5.35154104233, -6.33176326752, -6.8143620491, -4.32343769073, -8.1530790329],
        "var": [8679.98242188, 1125.83349609, 1951.48510742, 611.033752441, 431.263458252, 186.783096313, 185.113937378, 171.136779785, 143.68850708, 108.54510498, 103.241333008, 95.694770813, 89.8786773682]
    },
    "mfcc_bands": {
        "mean": [8.36871458887e-06, 3.75312556571e-05, 6.86866696924e-05, 7.03839832568e-05, 4.11694491049e-05, 4.62064308522e-05, 3.80672317988e-05, 3.78988152079e-05, 4.02293480875e-05, 4.42635791842e-05, 4.53934553661e-05, 1.85886528925e-05, 1.43816296259e-05, 1.75779932761e-05, 1.19021196952e-05, 1.02791591416e-05, 1.34397378133e-05, 7.91675211076e-06, 1.04326381916e-05, 5.79308971282e-06, 8.29778673506e-06, 6.46942180538e-06, 9.87424118648e-06, 1.08472568172e-05, 7.50640856495e-06, 5.46690807823e-06, 3.72510635316e-06, 3.16311411552e-06, 2.31675494433e-06, 1.09590064312e-06, 3.52351293031e-07, 1.19334544024e-07, 4.25125072923e-08, 1.94804314901e-08, 1.1035259817e-08, 6.55757359525e-09, 3.36022165648e-09, 2.52810927748e-09, 1.85374138262e-09, 1.73556036209e-09],
        "var": [4.09297123971e-10, 9.12357478455e-09, 3.1507383369e-08, 2.77189311504e-08, 3.37095462655e-09, 9.61421875445e-09, 2.19741700391e-08, 2.10793071886e-08, 1.32947457487e-08, 2.70811195691e-08, 5.32768957839e-08, 1.09169224771e-08, 4.2189083338e-09, 4.96447594145e-09, 2.91726087731e-09, 1.6869857733e-09, 4.00012378776e-09, 7.42302663781e-10, 1.50760026685e-09, 3.91518428788e-10, 5.73220804156e-10, 2.78001094367e-10, 9.95050597474e-10, 9.86163817274e-10, 5.76138470265e-10, 2.46796721948e-10, 9.97475504971e-11, 7.17681331031e-11, 5.26175769622e-11, 1.02201823393e-11, 1.03814103581e-12, 1.26113908813e-13, 1.43888146434e-14, 3.15645493717e-15, 1.23923736568e-15, 6.76450781952e-16, 1.2996536053e-16, 8.72379283235e-17, 4.70582322562e-17, 3.13916531389e-17]
    }
}
}