{
"metadata": {
    "version": {
        "essentia": "2.1-dev"
    }
},
"lowlevel": {
    "mfcc": {
        "mean": [-720.352233887, 108.197494507, -37.2984313965, 53.5493469238, -24.2383346558, -7.50389146805, -5.14071130753, -11.0468187332, -11.2504577637, -2.11621642113, -5.63008928299, -5.13780879974, -3.83274245262],
        "var": [9872.38476562, 1366.07568359, 1140.71496582, 517.14440918, 447.31048584, 359.801116943, 279.416564941, 208.165130615, 237.653030396, 158.702255249, 138.070800781, 142.821990967, 138.677352905]
    },
    "mfcc_bands": {
        "mean": [2.59169828496e-05, 9.1972098744e-05, 0.000150052233948, 0.00013778275752, 0.000134967762278, 0.000149236759171, 0.000217437263927, 0.000142177668749, 7.95865853433e-05, 6.13134834566e-05, 7.73731662775e-05, 9.9993259937e-05, 8.0178353528e-05, 3.88191365346e-05, 5.7096593082e-05, 4.81545321236e-05, 4.72526990052e-05, 3.85550301871e-05, 3.74323426513e-05, 3.68017390429e-05, 1.96529035748e-05, 2.03940417123e-05, 2.03464460355e-05, 2.37150688918e-05, 3.53335381078e-05, 4.37537091784e-05, 3.47225504811e-05, 2.33239625231e-05, 2.43752856477e-05, 1.2081530258e-05, 4.51282494396e-06, 2.03361651074e-06, 1.20437198348e-06, 6.44917520276e-07, 3.89030532233e-07, 1.87973341781e-07, 7.95404844212e-08, 4.04147471045e-08, 3.75500093241e-08, 2.87836048329e-08],
        "var": [4.42913394849e-09, 3.49552564671e-08, 2.58466261727e-08, 2.5194630382e-08, 5.67912934457e-08, 9.69053743916e-08, 2.17783465928e-07, 1.57985638793e-07, 5.21357534922e-08, 4.15970760059e-08, 7.63432126405e-08, 1.12000506647e-07, 8.67089369194e-08, 2.13284376827e-08, 2.99624218769e-08, 2.6350956972e-08, 2.05595025449e-08, 1.45906220439e-08, 1.89878743839e-08, 1.80618560108e-08, 4.73433070525e-09, 2.43424436164e-09, 2.61911980992e-09, 3.08346881361e-09, 4.94582286237e-09, 7.17748793733e-09, 6.24365847912e-09, 2.67203947857e-09, 3.50083340095e-09, 9.13933428937e-10, 1.27030441721e-10, 2.374294511e-11, 7.49204257661e-12, 1.54982331222e-12, 5.86758343735e-13, 1.79284281106e-13, 2.71437298365e-14, 1.42259505364e-14, 1.59429981288e-14, 9.17459755764e-15]
    }
}
}