{
"metadata": {
    "version": {
        "essentia": "2.1-dev"
    }
},
"lowlevel": {
    "mfcc": {
        "mean": [-850.46484375, 157.527709961, -9.13460445404, 47.9415206909, -11.2953138351, -32.4189300537, -7.57618284225, -12.4135532379, -12.6114149094, -5.79791545868, -7.24945640564, -9.54670333862, -4.71563005447],
        "var": [7396.04052734, 1083.03283691, 1950.40661621, 486.891448975, 311.345458984, 409.015106201, 252.113952637, 224.157119751, 178.304931641, 161.490158081, 150.15927124, 136.766220093, 134.237960815]
    },
    "mfcc_bands": {
        "mean": [5.31236810275e-06, 3.91203502659e-05, 6.71723610139e-05, 8.5160630988e-05, 0.000113702008093, 9.69654211076e-05, 5.97295656917e-05, 4.71476560051e-05, 2.41912493948e-05, 2.77746312349e-05, 1.74470806087e-05, 1.57458125614e-05, 2.70394466497e-05, 1.32663399199e-05, 1.17787958516e-05, 9.51425408857e-06, 8.0482714111e-06, 4.86050475956e-06, 6.0059869611e-06, 4.92126810059e-06, 4.40318854089e-06, 1.09539905679e-05, 4.96147913509e-06, 7.94836614659e-06, 7.22476352166e-06, 6.26307155471e-06, 2.51001574725e-06, 1.47484365698e-06, 4.16953128024e-07, 1.89978536014e-07, 1.03116988726e-07, 7.54699485128e-08, 4.86116960019e-08, 1.31153594651e-08, 6.42614272905e-09, 3.64827235089e-09, 2.38090547278e-09, 2.02030703278e-09, 1.79228631936e-09, 1.02553876502e-09],
        "var": [2.16412845977e-10, 6.95988644495e-09, 2.02681977868e-08, 2.52266136869e-08, 5.01684596088e-08, 3.60010083966e-08, 1.78197350209e-08, 1.36620137425e-08, 5.3182298565e-09, 2.1247247517e-08, 8.35517877107e-09, 8.81381900797e-09, 2.3145878103e-08, 7.36245997501e-09, 3.81567888397e-09, 2.39599873275e-09, 1.62205271437e-09, 7.96526788971e-10, 8.11812783663e-10, 4.80094908273e-10, 4.75056993743e-10, 2.85658496857e-09, 6.04988059649e-10, 1.16049458931e-09, 5.63282920307e-10, 8.35284674761e-10, 8.27891852295e-11, 3.84663238762e-11, 1.69160995975e-12, 4.99346928824e-13, 1.89287957053e-13, 2.1835891385e-13, 1.04320760743e-13, 2.2208945532e-15, 1.03062649154e-15, 7.68359574201e-16, 6.165319889e-16, 5.92028966863e-16, 4.35796572008e-16, 9.66251246394e-17]
    }
}
}