{
"metadata": {
    "version": {
        "essentia": "2.1-dev"
    }
},
"lowlevel": {
    "mfcc": {
        "mean": [-777.427001953, 169.171676636, -63.8447608948, 18.548242569, -5.97506284714, -12.5736951828, -18.9848918915, -8.86970615387, 0.028115555644, -13.7727222443, -10.7705440521, -6.28021097183, -5.36554336548],
        "var": [5634.36083984, 1070.63439941, 1646.93579102, 636.75189209, 379.157501221, 193.188812256, 301.565002441, 145.990097046, 184.734359741, 127.031799316, 125.486816406, 173.934112549, 105.676689148]
    },
    "mfcc_bands": {
        "mean": [3.35643812832e-06, 2.0692268663e-05, 9.41998514463e-05, 8.35148020997e-05, 9.25828790059e-05, 8.80653315107e-05, 6.54370596749e-05, 6.81368765072e-05, 6.72227542964e-05, 4.54423752672e-05, 0.000183641517651, 0.000198954934604, 3.85899584217e-05, 6.164455408e-05, 5.25089017174e-05, 1.97460176423e-05, 3.24169195665e-05, 5.13709164807e-05, 3.99312848458e-05, 4.75139313494e-05, 5.76912607357e-05, 4.40091935161e-05, 2.85337628156e-05, 5.8223358792e-06, 3.5802486309e-06, 1.59462217653e-06, 1.6367345097e-06, 1.05852859633e-06, 7.22162212696e-07, 4.35684995637e-07, 1.76286050646e-07, 1.04182753091e-07, 6.40345518832e-08, 2.22690932361e-08, 6.0853286854e-09, 2.95380764292e-09, 2.03193639692e-09, 1.32365585159e-09, 1.06232045383e-09, 5.94543192456e-10],
        "var": [2.08222449699e-11, 7.8884015986e-10, 1.37099888775e-07, 5.58028965258e-08, 7.94724197561e-09, 8.76808581296e-09, 1.70604348426e-08, 3.10713765828e-08, 7.42319414826e-08, 2.82608070279e-08, 3.21573367046e-07, 3.18168645208e-07, 2.00607583878e-08, 4.75633079589e-08, 2.66566662077e-08, 3.42583006407e-09, 5.88293591619e-09, 1.97910843269e-08, 1.26778401111e-08, 2.0148760882e-08, 2.00594456601e-08, 9.82686909623e-09, 5.62954394212e-09, 2.18180876144e-10, 1.00922249724e-10, 1.59718627213e-11, 1.26680983412e-11, 5.20952855507e-12, 2.78821475456e-12, 1.41534093473e-12, 2.57644681414e-13, 4.36398116808e-14, 1.37886189554e-14, 1.401953136e-15, 7.88957853761e-17, 1.63799975803e-17, 7.42567315078e-18, 5.34176241025e-18, 3.50415090096e-18, 1.3516051593e-18]
    }
}
}