{
"metadata": {
    "version": {
        "essentia": "2.1-dev"
    }
},
"lowlevel": {
    "mfcc": {
        "mean": [-908.282470703, 119.787261963, -11.6037969589, 21.2942638397, -8.53236579895, -20.2802848816, -13.0392065048, -13.7687826157, -13.1649103165, -4.63418006897, -6.80362415314, -6.02087783813, -1.86012530327],
        "var": [12336.1318359, 2189.71020508, 2552.2121582, 714.886901855, 450.8309021, 356.163848877, 271.903442383, 199.560806274, 242.845001221, 209.349746704, 183.946563721, 146.64730835, 179.379760742]
    },
    "mfcc_bands": {
        "mean": [8.74803049555e-07, 4.58864769826e-06, 2.28365570365e-05, 1.97835452127e-05, 3.05809626298e-05, 2.60489377979e-05, 2.84821726382e-05, 2.45557403105e-05, 3.12325028062e-05, 2.18506520469e-05, 1.25450396808e-05, 1.03083475551e-05, 1.17169765872e-05, 1.25326960188e-05, 1.00183897302e-05, 7.80091795605e-06, 1.15247748909e-05, 8.01283295004e-06, 8.10142500995e-06, 1.10717364805e-05, 1.16325027193e-05, 9.07542289497e-06, 6.64045228405e-06, 5.06101514475e-06, 5.73367060497e-06, 6.98083886164e-06, 1.43348197525e-05, 4.84311340188e-06, 1.23539075503e-06, 2.53555100471e-07, 1.52898309125e-07, 1.36163038178e-07, 1.00555617166e-07, 5.91538835693e-08, 2.48223965826e-08, 1.16424043739e-08, 6.6715801772e-09, 5.61849233804e-09, 4.55207782579e-09, 3.27464078076e-09],
        "var": [6.65865149477e-12, 3.17655679538e-10, 1.52183368129e-08, 5.10051512137e-09, 7.03801017465e-09, 5.70938452071e-09, 8.56259330106e-09, 5.12534903407e-09, 1.68300928749e-08, 1.20260343905e-08, 4.57011806176e-09, 3.43485706544e-09, 3.39191541521e-09, 3.60719365489e-09, 2.80885026349e-09, 3.06071967771e-09, 4.34201385957e-09, 2.06814987358e-09, 2.82585865818e-09, 5.60368906832e-09, 5.42267697412e-09, 2.89799051423e-09, 1.1943271927e-09, 6.65347332784e-10, 7.9738454728e-10, 1.56933110951e-09, 6.01590599558e-09, 7.86089693339e-10, 5.21138826537e-11, 3.27914822032e-12, 8.95857227377e-13, 7.38745870033e-13, 2.1112369394e-13, 6.90691536083e-14, 1.17512565366e-14, 2.711534788e-15, 1.07041226435e-15, 9.00271085572e-16, 7.38633958769e-16, 4.51327106384e-16]
    }
}
}