{
"metadata": {
    "version": {
        "essentia": "2.1-dev"
    }
},
"lowlevel": {
    "mfcc": {
        "mean": [-768.380126953, 122.736671448, -0.280561327934, 27.2560939789, -11.868270874, -3.72944498062, 2.94652724266, 2.13811779022, -9.065325737, 2.90836143494, -4.53291511536, -3.47199630737, -7.33510732651],
        "var": [6165.99707031, 1285.39782715, 850.46661377, 499.989593506, 284.142944336, 224.808532715, 236.660614014, 170.4740448, 165.879135132, 125.729629517, 130.087799072, 123.08303833, 130.870513916]
    },
    "mfcc_bands": {
        "mean": [7.82333954703e-05, 0.000155615489348, 0.00010315579857, 4.77249159303e-05, 6.25938773737e-05, 8.41803921503e-05, 7.37138907425e-05, 3.99414893764e-05, 3.70018206013e-05, 3.11300282192e-05, 4.67809804832e-05, 2.27433210966e-05, 1.6175539713e-05, 2.29571614909e-05, 8.89167768037e-06, 8.43511315907e-06, 6.02352838541e-06, 4.47003412773e-06, 3.28692271978e-06, 2.63714173343e-06, 2.23866459237e-06, 1.7593067696e-06, 2.33082118939e-06, 3.52930624103e-06, 4.20098194809e-06, 4.44260331278e-06, 3.12330030283e-06, 2.1842949991e-06, 1.3198346096e-06, 1.07828134333e-06, 9.1221789944e-07, 7.5053759474e-07, 5.09264850734e-07, 2.32500326547e-07, 1.44661285617e-07, 1.42348866916e-07, 1.33306144789e-07, 8.16532121917e-08, 4.80906656719e-08, 3.178414687e-08],
        "var": [1.45818823682e-08, 4.47421726335e-08, 2.3707539043e-08, 4.89458384934e-09, 8.44758041296e-09, 1.29290205209e-08, 2.59768029309e-08, 2.53125786998e-08, 3.17852233422e-08, 6.76224320983e-09, 1.57370330101e-08, 5.84305759332e-09, 4.72420635944e-09, 2.24395666493e-08, 1.44524603396e-09, 1.4111233293e-09, 3.76750686204e-10, 1.58606960898e-10, 1.06113264009e-10, 8.37051816749e-11, 5.7641082879e-11, 1.54756502752e-11, 7.47303469106e-11, 8.02331201477e-10, 8.30838065013e-10, 5.18894871515e-10, 1.91496818402e-10, 6.81254566648e-11, 3.67778689447e-11, 2.20560045922e-11, 2.14351297129e-11, 1.36508001083e-11, 5.62593634873e-12, 5.99165573927e-13, 1.95736059739e-13, 1.69696084983e-13, 1.64214114854e-13, 8.7756353833e-14, 2.26349615998e-14, 9.02276859591e-15]
    }
}
}