{
"metadata": {
    "version": {
        "essentia": "2.1-dev"
    }
},
"lowlevel": {
    "mfcc": {
        "mean": [-859.433044434, 141.398147583, -29.2338485718, 37.050163269, -5.65168714523, -15.411901474, 1.90593695641, -8.39482116699, -7.15376424789, -3.64288163185, -3.66551876068, -6.2904086113, -2.82681107521],
        "var": [8107.57373047, 1070.28515625, 1632.6953125, 525.256469727, 622.432189941, 227.520812988, 337.337646484, 214.336486816, 165.738739014, 150.149490356, 174.682266235, 187.825790405, 152.773681641]
    },
    "mfcc_bands": {
        "mean": [8.1431471699e-06, 3.02236185235e-05, 2.59041862591e-05, 2.60940269072e-05, 2.41878169618e-05, 3.53443974745e-05, 2.37858112087e-05, 1.08038266262e-05, 2.5255161745e-05, 5.07473159814e-05, 2.33601604123e-05, 1.28289648273e-05, 7.10277618055e-06, 4.10182428823e-06, 5.31360774403e-06, 4.5079946176e-06, 2.82706218968e-06, 3.1703152672e-06, 2.60937372332e-06, 2.89355602945e-06, 2.03031004276e-06, 2.06039567274e-06, 1.95027496375e-06, 2.20957872443e-06, 3.91511457565e-06, 5.55757651455e-06, 4.18105628341e-06, 1.15410557555e-06, 6.05123602782e-07, 4.01169160114e-07, 1.54858838641e-07, 7.02579825429e-08, 3.85037424167e-08, 1.34747866198e-08, 4.91757479182e-09, 2.26663487979e-09, 1.42947220727e-09, 1.01344721504e-09, 9.40437394625e-10, 6.0216970299e-10],
        "var": [2.20556350961e-10, 3.39598082988e-09, 6.23865581417e-09, 3.71148556333e-09, 1.29205068866e-09, 5.25256371731e-09, 3.18581472314e-09, 2.31647367954e-09, 1.30186892378e-08, 4.97224483809e-08, 1.25148664765e-08, 4.3087289292e-09, 1.61648527897e-09, 2.41764858133e-10, 4.85957440954e-10, 2.78424783229e-10, 7.47019113234e-11, 7.98109564548e-11, 1.42898221034e-10, 6.06291683525e-11, 2.17350443199e-11, 2.30059166162e-11, 2.3288856954e-11, 3.68670025064e-11, 1.88598525686e-10, 3.35801941809e-10, 2.11972078779e-10, 1.606117149e-11, 3.34228044546e-12, 2.9192351661e-12, 2.59667612933e-13, 4.10730477407e-14, 2.01427484176e-14, 2.34793784858e-15, 4.94974767096e-16, 8.82651609129e-17, 3.83717505635e-17, 1.54416869068e-17, 9.62805972968e-18, 4.25044483014e-18]
    }
}
}