{
"metadata": {
    "version": {
        "essentia": "2.1-dev"
    }
},
"lowlevel": {
    "mfcc": {
        "mean": [-773.323303223, 112.600273132, -12.5383577347, 60.6712188721, -29.1799869537, 0.900460481644, -22.6965694427, -15.5188837051, 2.4442949295, -11.4398021698, -17.1019287109, -9.59537315369, -8.78753757477],
        "var": [6813.99951172, 1234.27270508, 736.222961426, 510.136169434, 495.72354126, 202.557312012, 242.163253784, 143.075393677, 137.473449707, 108.083488464, 113.758750916, 143.927337646, 83.7690124512]
    },
    "mfcc_bands": {
        "mean": [7.75664466346e-06, 5.72844110138e-05, 0.000113952439278, 0.000225407769904, 0.000159074144904, 8.72393720783e-05, 4.46493504569e-05, 7.11881875759e-05, 0.000105236853415, 4.03884187108e-05, 2.24925915973e-05, 1.5837191313e-05, 9.28671215661e-06, 6.45288946544e-06, 3.07913683173e-06, 3.00173815049e-06, 3.15423721986e-06, 5.52777464691e-06, 8.06708612799e-06, 3.49910033037e-06, 3.27943689626e-06, 3.34702372129e-06, 2.64541245087e-06, 1.9831904865e-06, 1.38114262427e-06, 1.98974453269e-06, 3.17766102853e-06, 6.06331241215e-06, 5.78009758101e-06, 3.70018346985e-06, 2.93180642075e-06, 2.05354353966e-06, 8.44631017571e-07, 3.81559686957e-07, 1.47749872781e-07, 6.63669297296e-08, 3.2083331547e-08, 2.29525376483e-08, 1.47780028215e-08, 8.09167133298e-09],
        "var": [2.56707682889e-10, 8.58128856862e-09, 2.08406270019e-08, 6.99011053484e-08, 5.27410044526e-08, 1.63397491093e-08, 8.15673306676e-09, 3.83352585231e-08, 8.86947759682e-08, 1.08041069424e-08, 4.43624070812e-09, 2.38461561608e-09, 8.08222100357e-10, 6.2452831795e-10, 9.62048357644e-11, 1.07368294811e-10, 1.17247239695e-10, 4.78591610786e-10, 1.28116506293e-09, 9.23094170546e-11, 3.99597126222e-11, 3.10372560985e-11, 2.13078252959e-11, 1.12482878914e-11, 1.03454918243e-11, 3.16817544421e-11, 4.7462440228e-11, 1.34305899735e-10, 1.62345289989e-10, 1.28233451635e-10, 7.37432892528e-11, 3.52928727909e-11, 6.49470017697e-12, 1.35337617849e-12, 2.18820323189e-13, 5.07759490649e-14, 1.14341621295e-14, 7.34241362372e-15, 2.39526517923e-15, 6.92784065334e-16]
    }
}
}