{
"metadata": {
    "version": {
        "essentia": "2.1-dev"
    }
},
"lowlevel": {
    "mfcc": {
        "mean": [-742.637512207, 109.566932678, -13.5566234589, 55.4004707336, -4.46806144714, -1.94471621513, 5.35251951218, -1.2268217802, -1.07987177372, 2.99308156967, -1.95615839958, -0.874423325062, -2.63906431198],
        "var": [7990.75488281, 1068.47277832, 565.859069824, 460.839904785, 225.560928345, 208.503265381, 140.12979126, 98.2149353027, 152.494796753, 134.480285645, 88.233505249, 78.1361465454, 96.9655609131]
    },
    "mfcc_bands": {
        "mean": [7.18776791473e-05, 0.000247563119046, 0.000166203870322, 0.000133425506647, 4.84605843667e-05, 4.02136683988e-05, 3.94788112317e-05, 3.64983607142e-05, 3.11583025905e-05, 2.78603838524e-05, 1.64221382875e-05, 9.22852541407e-06, 8.16501597001e-06, 6.46238868285e-06, 6.64043727738e-06, 5.49815968043e-06, 5.70418933421e-06, 4.92882190883e-06, 5.13259146828e-06, 5.25368841409e-06, 4.99316229252e-06, 5.7403599385e-06, 8.68763072503e-06, 8.72739474289e-06, 6.21075514573e-06, 7.62214904171e-06, 1.0338753782e-05, 7.54838492867e-06, 3.6134772472e-06, 2.19765547627e-06, 1.82564951956e-06, 1.26556176383e-06, 5.95082610744e-07, 2.45947177291e-07, 1.690802236e-07, 1.05436868125e-07, 7.9773833761e-08, 6.29765182225e-08, 4.85272728667e-08, 3.24794200424e-08],
        "var": [4.46600978421e-09, 4.97592758109e-08, 2.2734399252e-08, 3.2566678243e-08, 4.16732337527e-09, 4.17542711517e-09, 4.95349405938e-09, 6.3699698849e-09, 4.9963788662e-09, 4.54531612348e-09, 2.26262653058e-09, 6.46201758769e-10, 3.78632930564e-10, 3.9824554765e-10, 2.60746285674e-10, 1.50555318212e-10, 1.83049839175e-10, 1.23891050197e-10, 1.16968573716e-10, 1.5569619205e-10, 1.30352895145e-10, 1.070007416e-10, 4.33542535205e-10, 3.46729311929e-10, 1.11060660668e-10, 1.45610939972e-10, 3.03631397802e-10, 1.72670905352e-10, 5.22394592861e-11, 3.14721478045e-11, 3.87825258019e-11, 1.92014685402e-11, 3.11628891095e-12, 2.56736391044e-13, 1.76668873758e-13, 3.63757587691e-14, 1.96788555774e-14, 1.34349132432e-14, 1.16197783885e-14, 3.7596819443e-15]
    }
}
}