{
"metadata": {
    "version": {
        "essentia": "2.1-dev"
    }
},
"lowlevel": {
    "mfcc": {
        "mean": [-753.575683594, 117.014411926, -8.63704586029, 37.9789505005, -5.52371454239, -14.6821174622, 1.35774683952, -9.95713043213, -10.1108007431, -2.1369934082, -7.51008701324, -6.39509820938, -0.948764562607],
        "var": [8208.45507812, 1549.39672852, 914.80657959, 513.815429688, 357.215820312, 313.948608398, 236.662094116, 153.836624146, 133.331893921, 133.029388428, 93.7475585938, 87.7185745239, 91.9086074829]
    },
    "mfcc_bands": {
        "mean": [5.70245065319e-05, 0.000185362499906, 0.000173023378011, 0.000213296909351, 0.000236150270212, 0.000136332571856, 6.95696289768e-05, 4.06025574193e-05, 3.2999792893e-05, 3.05668254441e-05, 2.24941031775e-05, 1.59106930369e-05, 1.17290483104e-05, 1.09346774479e-05, 8.42660392664e-06, 5.62507602808e-06, 4.8933711696e-06, 5.80432424613e-06, 4.87304896524e-06, 5.57504290555e-06, 5.77348555453e-06, 5.06956848767e-06, 6.57209238852e-06, 7.49660102883e-06, 8.1822863649e-06, 7.58555825087e-06, 7.7449649325e-06, 5.32573767487e-06, 4.04124375564e-06, 2.88501541945e-06, 2.07998868973e-06, 1.01697776245e-06, 6.92575213179e-07, 5.5203025795e-07, 2.53956329743e-07, 1.66137667179e-07, 1.53142494241e-07, 1.3041947966e-07, 1.13013413738e-07, 9.0828109478e-08],
        "var": [1.47865089062e-08, 1.92309812519e-07, 2.00951959073e-07, 1.76802615215e-07, 1.16725772159e-07, 5.2913684101e-08, 1.79129280298e-08, 4.71420547044e-09, 4.64966598557e-09, 3.77740017043e-09, 2.25513385743e-09, 1.84094195443e-09, 1.02350394826e-09, 6.99407753935e-10, 2.8128252505e-10, 1.16406564943e-10, 9.42141920035e-11, 2.27214372317e-10, 1.40326555931e-10, 1.66498842491e-10, 1.43342060444e-10, 2.27304466915e-10, 4.06240679984e-10, 4.6480333471e-10, 4.69937477821e-10, 2.87956908318e-10, 5.38533662109e-10, 2.0881295304e-10, 1.5005083287e-10, 1.14208906221e-10, 7.61475743571e-11, 1.22937727706e-11, 4.15090184447e-12, 3.16465647091e-12, 4.92225780534e-13, 1.45700630922e-13, 1.14823162914e-13, 9.04865849675e-14, 4.95905569484e-14, 3.83780023548e-14]
    }
}
}