{
"metadata": {
    "version": {
        "essentia": "2.1-dev"
    }
},
"lowlevel": {
    "mfcc": {
        "mean": [-801.00390625, 127.073295593, 4.81412553787, 60.5178527832, -30.5222377777, -22.0466499329, -7.65013408661, -7.14716768265, -2.56677222252, -6.44021892548, -8.29580307007, -2.41098308563, -0.911170959473],
        "var": [10030.3535156, 2132.89990234, 1080.9942627, 495.324584961, 463.938659668, 287.884857178, 233.356277466, 179.038024902, 130.534378052, 129.913146973, 99.7528839111, 80.2324905396, 75.5677642822]
    },
    "mfcc_bands": {
        "mean": [2.76880473393e-05, 8.88494396349e-05, 0.000105619888927, 0.000114980961371, 0.000110089902591, 8.69346986292e-05, 8.06770767667e-05, 7.80661794124e-05, 6.03748594585e-05, 3.95243769162e-05, 2.30464302149e-05, 1.06131938082e-05, 7.71102895669e-06, 3.89985643778e-06, 2.57607939602e-06, 2.32483353102e-06, 1.59028229518e-06, 1.27404177874e-06, 1.01564876331e-06, 2.0609954845e-06, 4.11270684708e-06, 3.94272956328e-06, 2.89390845865e-06, 4.07856578022e-06, 1.22047822515e-05, 1.31356337079e-05, 9.2264954219e-06, 6.54141649647e-06, 5.67035249333e-06, 3.71193482351e-06, 2.26919678425e-06, 1.11055351226e-06, 6.66327650833e-07, 3.32580583517e-07, 2.48741429232e-07, 7.99833941301e-08, 4.60542075587e-08, 3.02297351595e-08, 1.98516829641e-08, 1.30746169447e-08],
        "var": [1.90529414468e-09, 3.71936472732e-08, 3.090460865e-08, 2.91851947054e-08, 2.17409610315e-08, 2.4885320471e-08, 1.69860232546e-08, 3.7404699782e-08, 4.01311694986e-08, 1.74631455963e-08, 7.24703452804e-09, 1.59242274922e-09, 8.0662426738e-10, 2.86843299113e-10, 7.01226160471e-11, 8.5505297287e-11, 3.83213460964e-11, 2.40628645481e-11, 2.83011114544e-11, 8.20914586308e-11, 2.4598556525e-10, 1.54641299766e-10, 1.06869048333e-10, 3.32711774798e-10, 4.06197075975e-09, 3.39823569284e-09, 1.1699303748e-09, 4.95156748936e-10, 2.9648522526e-10, 1.40401551496e-10, 8.49981335316e-11, 1.54423730747e-11, 4.4125354412e-12, 1.08457296963e-12, 1.07984845024e-12, 5.42157600281e-14, 1.80163823178e-14, 7.8760164284e-15, 3.17988005685e-15, 1.63331849148e-15]
    }
}
}