{
"metadata": {
    "version": {
        "essentia": "2.1-dev"
    }
},
"lowlevel": {
    "mfcc": {
        "mean": [-797.023681641, 95.5663299561, -22.7729701996, 33.2927398682, -31.0487365723, -11.6292486191, -10.5457859039, -10.4507761002, -8.07960224152, -4.77258872986, -6.33382892609, -10.1430749893, -1.97932636738],
        "var": [9808.06542969, 1484.9954834, 868.322570801, 543.720153809, 356.439910889, 224.467346191, 276.606964111, 201.701797485, 182.931350708, 142.593017578, 149.925872803, 116.41645813, 121.77645874]
    },
    "mfcc_bands": {
        "mean": [6.15277258476e-06, 2.55205359281e-05, 2.51629207924e-05, 5.35972394573e-05, 6.61397789372e-05, 4.66701349069e-05, 4.08914202126e-05, 3.4088971006e-05, 2.45265982812e-05, 2.84609941446e-05, 2.41564121097e-05, 1.43889528772e-05, 8.18595071905e-06, 7.60187049309e-06, 3.66852168554e-06, 4.9106752158e-06, 3.89313663618e-06, 2.9107438877e-06, 2.5282633942e-06, 2.2131212063e-06, 2.71595649792e-06, 1.94632934836e-06, 2.50994071394e-06, 3.84330996894e-06, 2.8794715945e-06, 3.62306832358e-06, 5.72930366616e-06, 4.8128290473e-06, 2.23657434617e-06, 1.5785466303e-06, 1.40648035085e-06, 7.19637739621e-07, 6.61096294152e-07, 3.23315617834e-07, 1.69277384998e-07, 7.49193915794e-08, 4.49924151269e-08, 3.31460334735e-08, 2.91717050516e-08, 2.25406875387e-08],
        "var": [1.48317511051e-10, 3.28266169802e-09, 2.7462236929e-09, 6.66916610825e-09, 1.15826868097e-08, 9.06983554927e-09, 5.16593168243e-09, 5.94683857713e-09, 3.46742545787e-09, 4.95222396424e-09, 3.58814289392e-09, 1.2586771625e-09, 4.48240694562e-10, 5.07485997669e-10, 9.87099083027e-11, 1.871886951e-10, 1.11615001963e-10, 5.68493065123e-11, 4.71875281904e-11, 2.29362605297e-11, 4.70738378833e-11, 1.37209878875e-11, 2.19880658819e-11, 9.03081220915e-11, 4.92883234227e-11, 5.99067948026e-11, 1.34237024274e-10, 1.0703869735e-10, 2.54577244702e-11, 1.26857664998e-11, 1.45639039023e-11, 2.72059393243e-12, 1.99768240144e-12, 4.88483656736e-13, 1.83104521671e-13, 3.51541407475e-14, 8.02655535895e-15, 4.7581766645e-15, 3.50685404449e-15, 2.21366703282e-15]
    }
}
}