{
"metadata": {
    "version": {
        "essentia": "2.1-dev"
    }
},
"lowlevel": {
    "mfcc": {
        "mean": [-822.256896973, 94.7285461426, -3.31116962433, 28.7712936401, -18.6091079712, -12.2735671997, 4.7625374794, -7.60753297806, -2.7937951088, -2.07554292679, -12.7298631668, -9.1926240921, -7.31984138489],
        "var": [10173.1054688, 1654.50292969, 839.760620117, 547.687866211, 312.081878662, 215.661804199, 215.546218872, 172.178741455, 174.92930603, 147.824462891, 146.421356201, 118.687515259, 107.530677795]
    },
    "mfcc_bands": {
        "mean": [1.72714881046e-05, 8.11694553704e-05, 4.89362646476e-05, 4.93483821629e-05, 4.20635078626e-05, 1.43293591464e-05, 7.47099466025e-06, 1.14665381261e-05, 1.28844803839e-05, 1.79313428816e-05, 9.25811309571e-06, 8.75669775269e-06, 5.54279267817e-06, 4.08011510444e-06, 2.8286599445e-06, 2.61538707491e-06, 2.8386421036e-06, 2.62762591774e-06, 2.51882033808e-06, 1.50162020418e-06, 1.8807604647e-06, 1.75764785126e-06, 1.99798478207e-06, 2.29197485169e-06, 3.47778814103e-06, 3.33353568749e-06, 2.52432596426e-06, 2.82564928966e-06, 2.59165381067e-06, 1.94567496692e-06, 9.65073695625e-07, 5.91342143252e-07, 5.01497936511e-07, 2.54944950484e-07, 2.11558415231e-07, 1.52656255636e-07, 1.27979348008e-07, 1.01825882837e-07, 1.14694444164e-07, 8.50343226944e-08],
        "var": [1.56004520413e-09, 9.59378141374e-08, 2.77425282746e-08, 7.16743642215e-09, 3.94328836251e-09, 6.33104735304e-10, 2.52202009277e-10, 5.8712490425e-10, 7.55388862572e-10, 3.37888428348e-09, 3.55017515385e-10, 4.15529388675e-10, 1.42898679001e-10, 2.767087115e-10, 8.87709419861e-11, 1.20486357003e-10, 1.09194257802e-10, 9.04860561479e-11, 8.76841238506e-11, 2.46373546564e-11, 5.44118118617e-11, 3.34078355257e-11, 6.3670652084e-11, 7.26199447798e-11, 1.53368456823e-10, 1.5680186316e-10, 6.71248820416e-11, 8.42909630983e-11, 6.23625873164e-11, 5.68914949872e-11, 1.2333339211e-11, 3.89097391459e-12, 2.95775643561e-12, 5.03583340392e-13, 7.61559164255e-13, 2.51699079331e-13, 9.01212969268e-14, 8.0180084577e-14, 1.05099136588e-13, 4.7007767145e-14]
    }
}
}