{
"metadata": {
    "version": {
        "essentia": "2.1-dev"
    }
},
"lowlevel": {
    "mfcc": {
        "mean": [-770.955688477, 133.341323853, 12.6324806213, 35.8398017883, -16.5060939789, -16.0643520355, -5.76272773743, -5.3476266861, -12.6503744125, -5.65991640091, -6.63259410858, -4.16823816299, -5.58592510223],
        "var": [5928.32421875, 1283.65441895, 651.057312012, 401.143280029, 312.214935303, 277.012420654, 256.878265381, 206.736053467, 227.430145264, 156.789489746, 122.154144287, 107.626792908, 105.926742554]
    },
    "mfcc_bands": {
        "mean": [2.70868968073e-05, 5.25650066265e-05, 0.000109911023173, 0.000234137827647, 0.00015893568343, 0.000139232390211, 0.000141894153785, 0.00013578630751, 7.68053359934e-05, 4.26982187491e-05, 3.04885979858e-05, 1.79523831321e-05, 1.38375371534e-05, 9.96733615466e-06, 5.9197527662e-06, 5.88386319578e-06, 4.53341999673e-06, 2.62898652181e-06, 1.90541959455e-06, 1.8592215838e-06, 1.67023665654e-06, 2.05076548809e-06, 3.62186710845e-06, 4.28584235124e-06, 3.92743731936e-06, 5.3790840866e-06, 3.06633774017e-06, 1.46980391946e-06, 1.21258790386e-06, 9.42224403389e-07, 7.00923465047e-07, 9.17050613225e-07, 3.49456911408e-07, 2.20484494662e-07, 1.47059623146e-07, 1.99577996796e-07, 8.03213708878e-08, 6.92288892878e-08, 6.38197406033e-08, 3.98903736709e-08],
        "var": [4.43994591093e-10, 4.34856639586e-09, 2.80173590994e-08, 1.23282930531e-07, 4.37260005981e-08, 4.45878534094e-08, 8.34430835539e-08, 1.02431123139e-07, 5.4676583261e-08, 1.75486949416e-08, 9.69580593591e-09, 3.59921137338e-09, 2.21662577182e-09, 1.309181763e-09, 4.0918929356e-10, 4.18153178749e-10, 2.8960872589e-10, 7.68935817796e-11, 3.1587617938e-11, 3.15077547386e-11, 3.35015001851e-11, 3.14692369385e-11, 6.17720527507e-11, 8.26747489913e-11, 5.78473970114e-11, 1.36885280888e-10, 4.94440911825e-11, 1.32957967552e-11, 6.42762449168e-12, 3.25397434692e-12, 5.23889742352e-12, 1.35704867482e-11, 8.12779585389e-13, 1.94140263219e-13, 8.20164655592e-14, 3.33890575778e-13, 1.50636983085e-14, 1.23205236635e-14, 1.34854717928e-14, 5.37739628894e-15]
    }
}
}