{
"metadata": {
    "version": {
        "essentia": "2.1-dev"
    }
},
"lowlevel": {
    "mfcc": {
        "mean": [-822.642883301, 112.051147461, -11.9671754837, 35.8907546997, -15.6408014297, -13.4696531296, -4.51024484634, -9.45685958862, -11.4664850235, -6.90612792969, -8.56436634064, -9.04473400116, -7.34726953506],
        "var": [11395.7236328, 1455.11914062, 1168.54650879, 584.96081543, 300.828033447, 337.886749268, 232.177108765, 180.043960571, 220.427993774, 178.042480469, 132.488876343, 140.692077637, 138.871444702]
    },
    "mfcc_bands": {
        "mean": [9.1259371402e-06, 3.0162413168e-05, 3.06474248646e-05, 6.51375157759e-05, 8.03914226708e-05, 6.89702428645e-05, 2.54556216532e-05, 1.83318843483e-05, 1.3659599972e-05, 2.22217204282e-05, 2.14539868466e-05, 2.02321734832e-05, 1.2689547475e-05, 6.65955212753e-06, 5.93016375205e-06, 7.53893618821e-06, 5.25006771568e-06, 6.0236252466e-06, 4.85640566694e-06, 5.29769022251e-06, 2.73785667559e-06, 3.0624100873e-06, 5.96060772295e-06, 3.91776484321e-06, 6.12598751104e-06, 6.3672550823e-06, 5.32502144779e-06, 4.07175548389e-06, 1.96973837774e-06, 1.06267634692e-06, 9.02392798707e-07, 5.31704472451e-07, 2.11293240682e-07, 1.28414512801e-07, 7.77696627097e-08, 4.31347260132e-08, 3.14209707142e-08, 3.22363504779e-08, 2.70359272747e-08, 1.77421366487e-08],
        "var": [3.91982946102e-10, 3.82257869802e-09, 2.94944557666e-09, 1.79052257465e-08, 2.84053616184e-08, 2.13809858707e-08, 3.81453846288e-09, 2.44416864525e-09, 2.00502703329e-09, 3.69377373133e-09, 6.54109966192e-09, 9.73538050175e-09, 1.88862969708e-09, 4.60922827683e-10, 7.08119840542e-10, 8.49105785683e-10, 5.62212665312e-10, 4.36702007889e-10, 4.59530219432e-10, 6.6874655813e-10, 8.13561371049e-11, 1.07804758176e-10, 4.32454350108e-10, 1.159088589e-10, 3.9944644814e-10, 4.95822216617e-10, 2.8888860748e-10, 1.64903868338e-10, 2.2852804718e-11, 8.12554537544e-12, 5.78921242542e-12, 1.96164634016e-12, 4.04728469705e-13, 1.11948312762e-13, 4.4654001498e-14, 9.69204744402e-15, 4.89369219518e-15, 5.60272145247e-15, 5.13205827797e-15, 3.6471625111e-15]
    }
}
}