{
"metadata": {
    "version": {
        "essentia": "2.1-dev"
    }
},
"lowlevel": {
    "mfcc": {
        "mean": [-841.123413086, 104.161056519, -14.3972072601, 47.9515457153, -14.6546487808, -3.76066875458, -1.32344615459, -13.0907716751, -6.92569684982, -9.81287670135, -2.523427248, -0.728088855743, 1.49577307701],
        "var": [10108.4775391, 1420.87719727, 1849.1809082, 831.17578125, 511.611846924, 321.401794434, 309.855316162, 189.838897705, 216.324462891, 199.853256226, 166.038909912, 144.221633911, 158.673660278]
    },
    "mfcc_bands": {
        "mean": [2.24862997129e-05, 3.49462970917e-05, 4.63743599539e-05, 5.85030829825e-05, 8.44830719871e-05, 8.15298189991e-05, 4.9380632845e-05, 3.59217519872e-05, 2.69847478194e-05, 2.61729019257e-05, 1.39347339427e-05, 9.1135771072e-06, 1.93223986571e-05, 3.04553796013e-05, 2.7784064514e-05, 1.33097682919e-05, 6.10516917732e-06, 5.43513897355e-06, 2.45785395236e-06, 1.88454976069e-06, 2.72949955615e-06, 3.18921752296e-06, 3.00038664136e-06, 2.35919924307e-06, 1.95807433556e-06, 3.59562204721e-06, 4.90679576615e-06, 3.39661210091e-06, 1.26494774122e-06, 6.75171747844e-07, 5.93580239183e-07, 2.89768991024e-07, 1.60756599143e-07, 8.01643125214e-08, 4.04832043444e-08, 1.88914128785e-08, 1.29793038539e-08, 1.09281854677e-08, 1.07138067307e-08, 9.20316978181e-09],
        "var": [2.18563234178e-09, 8.56722426334e-09, 3.04382474781e-08, 3.07245642261e-08, 7.81864244459e-08, 3.93837922275e-08, 3.97402644126e-08, 4.84638498222e-08, 1.45721319456e-08, 1.81930364107e-08, 5.38752420454e-09, 2.66782884673e-09, 6.76335210059e-09, 2.13862652032e-08, 3.13786259198e-08, 8.38538927184e-09, 1.14930598372e-09, 3.26936644424e-10, 7.3740069606e-11, 6.62134583274e-11, 1.43753703385e-10, 1.25643828675e-10, 1.19939544407e-10, 4.87700678453e-11, 5.12296698119e-11, 1.45129033791e-10, 4.1698464126e-10, 9.37534216927e-11, 1.33136470598e-11, 3.69538080691e-12, 2.37799883951e-12, 7.71596653758e-13, 2.76665029861e-13, 3.87447743973e-14, 8.46768927085e-15, 2.4491936494e-15, 1.13262291679e-15, 7.74288646013e-16, 5.7356158397e-16, 2.80694833789e-16]
    }
}
}