{
"metadata": {
    "version": {
        "essentia": "2.1-dev"
    }
},
"lowlevel": {
    "mfcc": {
        "mean": [-778.699645996, 76.4279785156, -40.033115387, 38.090587616, -19.9807014465, -23.4093933105, -11.4747343063, -10.8471155167, -12.0885438919, -10.4382371902, -5.63518571854, -13.9487657547, -9.95397377014],
        "var": [6929.83398438, 1287.48596191, 1320.74389648, 563.156311035, 363.638183594, 423.147247314, 391.168640137, 256.726165771, 283.971252441, 231.014663696, 225.19418335, 184.226837158, 151.532012939]
    },
    "mfcc_bands": {
        "mean": [9.54421921051e-06, 2.24056639127e-05, 3.76105963369e-05, 4.39941650257e-05, 3.84255145036e-05, 2.67822852038e-05, 1.15291086331e-05, 2.17324668483e-05, 1.85695807886e-05, 1.60573636094e-05, 1.73548869498e-05, 8.99934457266e-06, 7.968466889e-06, 5.18451224707e-06, 5.1778552006e-06, 4.47501997769e-06, 7.88609395386e-06, 8.52864832268e-06, 7.72793737269e-06, 6.92143930792e-06, 7.82350798545e-06, 8.18200987851e-06, 1.17363679237e-05, 1.59313167387e-05, 1.88791564142e-05, 1.22862866192e-05, 9.2933232736e-06, 5.61963406653e-06, 3.26527560901e-06, 1.9850915578e-06, 1.3096737348e-06, 7.62627792028e-07, 5.30074430571e-07, 2.69705083156e-07, 1.12506427286e-07, 6.88670027671e-08, 6.1197233947e-08, 6.17207689402e-08, 7.35590006684e-08, 5.97731570906e-08],
        "var": [4.00296934489e-10, 6.4464393823e-09, 2.67514010943e-08, 1.56047352817e-08, 4.20293444492e-09, 1.87084303604e-09, 8.27367507839e-10, 3.22622351057e-09, 1.92125115817e-09, 1.48205980821e-09, 1.54305923594e-09, 8.75621353202e-10, 6.36944663679e-10, 2.67194766312e-10, 1.79371309472e-10, 1.25940174955e-10, 3.99001942597e-10, 4.64242144727e-10, 4.56048865338e-10, 3.4640171287e-10, 5.57421775405e-10, 4.87043905206e-10, 5.48059653216e-10, 1.30918553776e-09, 2.4326327619e-09, 8.98179419728e-10, 4.39055042323e-10, 1.39769917862e-10, 5.59776322517e-11, 1.96425705562e-11, 1.12141650133e-11, 1.96906141565e-12, 8.28079087505e-13, 2.54393457255e-13, 4.55452936108e-14, 2.0736862409e-14, 1.74240250727e-14, 2.08765686352e-14, 3.12969288885e-14, 1.87049387887e-14]
    }
}
}