{
"metadata": {
    "version": {
        "essentia": "2.1-dev"
    }
},
"lowlevel": {
    "mfcc": {
        "mean": [-823.354797363, 105.787811279, -10.5055303574, 48.5412902832, -1.85352778435, -22.2888336182, 0.0232059210539, -9.15721321106, -11.2176046371, -1.85875082016, -2.97538685799, -7.17876005173, -0.482381045818],
        "var": [7061.66455078, 1050.59387207, 1059.3059082, 511.806274414, 301.215667725, 323.264953613, 234.212799072, 176.732040405, 178.440307617, 142.9974823, 123.393310547, 141.062454224, 113.45854187]
    },
    "mfcc_bands": {
        "mean": [7.13739473213e-06, 2.63207075477e-05, 3.0565126508e-05, 3.19706705341e-05, 4.48172795586e-05, 4.64314689452e-05, 3.27299821947e-05, 2.59264270426e-05, 1.52807879203e-05, 1.84087966772e-05, 7.77468812885e-06, 3.98034217142e-06, 3.5292521261e-06, 2.98753343486e-06, 1.91854883269e-06, 2.5125771117e-06, 2.14599936044e-06, 2.88638193524e-06, 2.13046382669e-06, 2.08126994039e-06, 2.88872161036e-06, 2.63831771008e-06, 3.25828182213e-06, 5.91560456087e-06, 6.95263179296e-06, 6.46963098916e-06, 4.39037876276e-06, 2.05788523999e-06, 7.68066797718e-07, 5.44175975392e-07, 3.70689605234e-07, 1.8324428197e-07, 1.01617736448e-07, 9.74959775135e-08, 5.87603068425e-08, 3.00552152055e-08, 2.74161386926e-08, 2.9488852249e-08, 3.39743628786e-08, 2.63032902126e-08],
        "var": [1.16219228685e-10, 8.19586976064e-09, 2.04944718973e-08, 3.64850172296e-09, 3.93888388572e-09, 5.57625767783e-09, 1.1624777585e-08, 1.37317073268e-08, 2.83681611535e-09, 2.32148211765e-09, 5.05418928931e-10, 2.17191042928e-10, 1.64528654589e-10, 9.52166054335e-11, 3.69565072988e-11, 5.67424961184e-11, 5.00889572874e-11, 1.05481672008e-10, 5.32799221409e-11, 6.40874020519e-11, 7.61167101571e-11, 5.79806723466e-11, 8.57691764833e-11, 2.42422665275e-10, 2.54615883932e-10, 2.7533905711e-10, 1.02989117234e-10, 3.24102029936e-11, 4.74222093885e-12, 3.22081315611e-12, 1.95079889742e-12, 4.86074451089e-13, 1.07964669377e-13, 7.96084660866e-14, 2.69980469458e-14, 4.6257790621e-15, 5.41905209874e-15, 6.65455468439e-15, 6.02411526153e-15, 2.89797563354e-15]
    }
}
}