{
"metadata": {
    "version": {
        "essentia": "2.1-dev"
    }
},
"lowlevel": {
    "mfcc": {
        "mean": [-833.494018555, 117.342353821, -10.0160140991, 46.5791053772, -22.1945838928, -14.0620956421, -3.35007500648, -14.1613540649, -8.68408107758, -6.68419265747, -5.30695581436, -7.44487428665, -3.50279593468],
        "var": [7058.78369141, 1395.97949219, 1348.1973877, 786.104431152, 418.092071533, 400.719207764, 308.341278076, 179.482513428, 188.463897705, 138.130081177, 126.275856018, 101.914611816, 99.1979904175]
    },
    "mfcc_bands": {
        "mean": [1.49460047396e-05, 5.61232154723e-05, 7.63715797802e-05, 4.52887034044e-05, 2.95604659186e-05, 2.53608159255e-05, 2.66886072495e-05, 2.36453834077e-05, 1.51165413627e-05, 9.91924025584e-06, 7.83123141446e-06, 7.12275686965e-06, 5.66870767216e-06, 3.05810613099e-06, 3.31246769747e-06, 2.74889089269e-06, 2.8851748084e-06, 1.8303254592e-06, 2.19664912038e-06, 2.02217825063e-06, 1.42368503475e-06, 1.70890223217e-06, 1.4914487565e-06, 1.6967950387e-06, 2.66989377451e-06, 3.27825523527e-06, 2.80372296402e-06, 1.95753091248e-06, 1.55888699283e-06, 1.13980161132e-06, 5.63392006825e-07, 3.29563476953e-07, 1.52465233327e-07, 6.54495195818e-08, 4.93304099791e-08, 2.68137601012e-08, 1.48842627112e-08, 1.62076840837e-08, 1.93319849018e-08, 9.13864095509e-09],
        "var": [1.91433713326e-09, 1.36436044684e-08, 3.22666551256e-08, 5.4273492367e-09, 2.5197886e-09, 1.48835910263e-09, 2.55744314615e-09, 4.04396027776e-09, 2.19997731143e-09, 1.06195008343e-09, 5.720671159e-10, 5.17922815746e-10, 3.35006439256e-10, 9.13697104088e-11, 1.2542723804e-10, 1.08490286199e-10, 9.95252422142e-11, 4.05939171166e-11, 7.2956099495e-11, 7.06676106521e-11, 1.85576692902e-11, 2.56994321657e-11, 1.39389021159e-11, 2.15703115092e-11, 4.15339949933e-11, 6.24353069245e-11, 2.95207122636e-11, 1.94723924485e-11, 1.18733998328e-11, 4.91500720332e-12, 1.41733586673e-12, 5.45800221425e-13, 1.37111296709e-13, 2.74409638621e-14, 3.28417069202e-14, 8.5513032812e-15, 3.13989141965e-15, 3.59069378912e-15, 6.73762617015e-15, 1.15006004293e-15]
    }
}
}