{
"metadata": {
    "version": {
        "essentia": "2.1-dev"
    }
},
"lowlevel": {
    "mfcc": {
        "mean": [-817.28704834, 124.659629822, -17.0854816437, 45.4996795654, -13.7030954361, -12.467086792, -7.99301719666, -12.6798315048, -5.31406879425, -7.13290119171, -5.52823448181, -5.51589441299, -5.70391082764],
        "var": [8843.5, 1960.87890625, 1611.26123047, 714.473937988, 507.601715088, 293.245849609, 269.92779541, 190.287628174, 162.496063232, 157.560317993, 125.579963684, 105.718109131, 99.4506454468]
    },
    "mfcc_bands": {
        "mean": [1.71938136191e-05, 5.79700899834e-05, 8.15668972791e-05, 0.000100476638181, 5.5997104937e-05, 4.92545477755e-05, 5.61572451261e-05, 5.11961407028e-05, 2.05417018151e-05, 2.47341049544e-05, 1.34395131681e-05, 7.09247933628e-06, 6.33264926364e-06, 6.0498196035e-06, 5.60300168218e-06, 4.76619788969e-06, 4.32580782217e-06, 3.87708087146e-06, 4.38363986177e-06, 3.93984737457e-06, 5.48470507056e-06, 5.96980316914e-06, 8.20074728836e-06, 7.87214412412e-06, 8.5494330051e-06, 8.00292855274e-06, 7.00192094882e-06, 5.51467610421e-06, 3.10764903588e-06, 2.16402418118e-06, 9.61306113823e-07, 4.22948687628e-07, 1.98026597786e-07, 9.65529025621e-08, 3.60381058329e-08, 2.30545396107e-08, 1.69287837082e-08, 1.3831891188e-08, 1.03078017233e-08, 6.92270152314e-09],
        "var": [9.44279543447e-10, 2.79791834146e-08, 2.62661750128e-08, 3.35921228611e-08, 7.0043335576e-09, 1.24943948521e-08, 1.6641505951e-08, 1.57138870804e-08, 2.24784413305e-09, 3.90751431212e-09, 1.04424435765e-09, 3.26460108946e-10, 3.04565261899e-10, 3.5550956623e-10, 2.87086493467e-10, 1.79210521423e-10, 1.23847529454e-10, 1.15012693813e-10, 1.77045933469e-10, 1.22965221339e-10, 3.00523439467e-10, 3.66334629298e-10, 8.30049196043e-10, 7.20069559534e-10, 8.48499104311e-10, 6.30690999426e-10, 5.91953097651e-10, 3.80994957805e-10, 1.02655037248e-10, 3.70217433099e-11, 6.58775768311e-12, 1.26207833247e-12, 2.40541473458e-13, 4.53349550012e-14, 8.64332578762e-15, 1.08398778845e-14, 3.36114404877e-15, 1.26122178819e-15, 6.95157663411e-16, 2.32979773804e-16]
    }
}
}