{
"metadata": {
    "version": {
        "essentia": "2.1-dev"
    }
},
"lowlevel": {
    "mfcc": {
        "mean": [-781.281494141, 103.835739136, -19.0005340576, 73.1941452026, -1.73283326626, -19.6220626831, -4.57087802887, -3.63836479187, -2.00510406494, -3.07501912117, -0.791957914829, -7.92427253723, -10.8968954086],
        "var": [17260.7597656, 2210.90405273, 984.637878418, 543.165100098, 318.054504395, 296.577484131, 217.845169067, 135.819580078, 130.562149048, 139.990829468, 106.390861511, 111.447067261, 104.345710754]
    },
    "mfcc_bands": {
        "mean": [7.07415238139e-05, 0.000171399791725, 0.000254247977864, 0.000338832178386, 0.000127206629259, 4.21923359681e-05, 6.45805994282e-05, 5.8706758864e-05, 6.0386617406e-05, 3.65670020983e-05, 1.09002785393e-05, 1.41525733852e-05, 8.02494469099e-06, 7.46027762943e-06, 4.47043612439e-06, 5.58898091185e-06, 7.91180536908e-06, 8.07842934591e-06, 9.08850324777e-06, 1.24082289403e-05, 1.42689259519e-05, 1.77497786353e-05, 2.60828164755e-05, 2.48102696787e-05, 2.29935576499e-05, 1.61273510457e-05, 1.82472940651e-05, 1.38321302074e-05, 1.05730459836e-05, 8.02685099188e-06, 4.61117042505e-06, 1.82044698249e-06, 1.11538702185e-06, 5.2999143918e-07, 2.70469286079e-07, 9.35352773013e-08, 5.79096450792e-08, 4.47546497639e-08, 2.87030683666e-08, 2.3248047043e-08],
        "var": [2.03238315066e-08, 1.78405272777e-07, 2.38738863345e-07, 2.66572129703e-07, 6.31695158404e-08, 7.68249464045e-09, 2.67730797532e-08, 2.00882741552e-08, 1.82460109244e-08, 7.03312830197e-09, 8.94266327656e-10, 3.73682595978e-09, 9.89307080701e-10, 8.78643435787e-10, 2.98480962169e-10, 5.21106935381e-10, 6.78124612019e-10, 7.47326756034e-10, 8.45911896086e-10, 1.62199276232e-09, 1.5967759337e-09, 2.34743358085e-09, 3.38556249702e-09, 2.99084979005e-09, 2.65571076241e-09, 1.99855798577e-09, 4.2379229015e-09, 1.93705296248e-09, 1.60583468745e-09, 8.29154744864e-10, 2.61398402923e-10, 3.42775252626e-11, 1.43284195273e-11, 2.8469934743e-12, 7.34649916855e-13, 7.94462423365e-14, 2.2652781479e-14, 9.263533476e-15, 4.56331546443e-15, 3.69933381142e-15]
    }
}
}