{
"metadata": {
    "version": {
        "essentia": "2.1-dev"
    }
},
"lowlevel": {
    "mfcc": {
        "mean": [-761.576049805, 90.3502655029, -8.49428749084, 82.319984436, -10.3280239105, 0.569502592087, 5.45662641525, -2.52320289612, 1.42297816277, -2.63653039932, -1.52833616734, -0.909263253212, 0.00342532293871],
        "var": [6708.35400391, 1217.14746094, 1105.21594238, 874.624450684, 579.677856445, 255.275543213, 312.574920654, 234.623336792, 163.750015259, 136.826766968, 118.662010193, 96.7760696411, 88.4014358521]
    },
    "mfcc_bands": {
        "mean": [7.13034678483e-05, 0.000247457821388, 0.000123790930957, 0.000143018885865, 8.43818270369e-05, 4.161524339e-05, 4.36850386905e-05, 6.02352047281e-05, 5.2640280046e-05, 2.17145134229e-05, 1.30896160044e-05, 9.61978457781e-06, 6.7889723141e-06, 6.27708868706e-06, 4.87307306685e-06, 4.37636981587e-06, 4.11303517467e-06, 4.53631491837e-06, 4.72553301734e-06, 4.82630184706e-06, 6.07095671512e-06, 6.03813805355e-06, 5.84738972975e-06, 8.8950710051e-06, 9.19274043554e-06, 1.14517588372e-05, 1.34893125505e-05, 9.6523835964e-06, 6.03713988312e-06, 4.11013752455e-06, 2.40030203713e-06, 1.29904924506e-06, 5.76823481424e-07, 2.70774762612e-07, 1.09833692363e-07, 6.33826076069e-08, 4.20294270498e-08, 3.62789940311e-08, 3.37485346336e-08, 2.94373272425e-08],
        "var": [8.08978750655e-09, 1.0061728517e-07, 4.04283930777e-08, 5.72260887566e-08, 2.65446615799e-08, 1.12331379754e-08, 1.05358068936e-08, 1.63909525952e-08, 1.96931164709e-08, 6.68030342155e-09, 1.57963919722e-09, 1.06806286038e-09, 4.9951059955e-10, 4.46361364537e-10, 2.82685569397e-10, 2.05142111631e-10, 1.75199230124e-10, 2.01849051362e-10, 3.04455460842e-10, 2.11581238641e-10, 1.78384321203e-10, 1.19265874954e-10, 1.06054748317e-10, 2.34080727024e-10, 3.27286336921e-10, 3.23703897021e-10, 3.7382671958e-10, 2.1941981565e-10, 7.37532604433e-11, 2.9116438427e-11, 1.19229617498e-11, 3.84718212149e-12, 7.60696193536e-13, 2.17094408856e-13, 7.02362294843e-14, 2.62123730653e-14, 1.58555589177e-14, 1.08609901807e-14, 8.53935757555e-15, 7.89975537378e-15]
    }
}
}