{
"metadata": {
    "version": {
        "essentia": "2.1-dev"
    }
},
"lowlevel": {
    "mfcc": {
        "mean": [-778.681274414, 124.347923279, -38.5295982361, 20.396484375, -27.2579555511, -8.68347549438, -8.20714378357, 1.09059238434, 5.83850669861, 0.269973188639, 2.08680415154, -0.59277266264, 1.40326440334],
        "var": [5545.07177734, 1181.76403809, 840.421508789, 527.767578125, 424.859802246, 329.867523193, 293.248443604, 232.587890625, 196.407012939, 138.404525757, 141.702651978, 115.712936401, 115.309783936]
    },
    "mfcc_bands": {
        "mean": [1.98881662072e-05, 4.22532102675e-05, 5.18327542522e-05, 5.66298804188e-05, 4.44401557615e-05, 2.88029150397e-05, 5.31114746991e-05, 7.54866923671e-05, 6.95823764545e-05, 5.13605118613e-05, 3.33982243319e-05, 2.77797134913e-05, 1.80945844477e-05, 1.58019120136e-05, 1.90980172192e-05, 1.99538517336e-05, 1.10485543701e-05, 8.00940324552e-06, 6.04469005339e-06, 5.35494655196e-06, 5.10496329298e-06, 5.97833331994e-06, 3.67211805496e-06, 1.83636734619e-06, 2.03059403248e-06, 2.6910061024e-06, 2.57068518295e-06, 1.76896264747e-06, 1.36544008456e-06, 1.53211283305e-06, 1.14238832793e-06, 7.33486615445e-07, 4.29805226076e-07, 2.41006887336e-07, 1.24258690448e-07, 4.99863830328e-08, 2.77501488455e-08, 2.3767135815e-08, 2.99916393942e-08, 1.86872970431e-08],
        "var": [5.21970078271e-10, 6.48931530733e-09, 2.98132363241e-08, 2.57514596314e-08, 1.2723717191e-08, 4.94078289393e-09, 1.27784405279e-08, 3.06470369082e-08, 2.52595881989e-08, 1.386131121e-08, 4.65434313313e-09, 3.64132990427e-09, 4.03556699169e-09, 2.17347695397e-09, 3.73234909645e-09, 3.96692412252e-09, 1.17083631679e-09, 6.75288991392e-10, 4.68998839764e-10, 3.73869379899e-10, 2.45029635471e-10, 2.07507108718e-10, 7.18246920273e-11, 1.47324218797e-11, 2.51178036703e-11, 5.18492887513e-11, 4.48269581177e-11, 1.77704743282e-11, 1.40507770349e-11, 3.02786233586e-11, 1.015622135e-11, 3.50405490214e-12, 1.7198312002e-12, 6.08397609635e-13, 2.69923081282e-13, 2.1972605552e-14, 7.86987543953e-15, 7.68263372434e-15, 1.66353730243e-14, 4.97789870508e-15]
    }
}
}