{
"metadata": {
    "version": {
        "essentia": "2.1-dev"
    }
},
"lowlevel": {
    "mfcc": {
        "mean": [-824.209960938, 98.2147674561, -30.0057735443, 58.7313804626, -4.45972681046, -14.3352956772, 6.32863426208, -2.50063586235, -3.39900898933, -4.2765007019, -7.66092157364, -4.04755210876, -3.74303150177],
        "var": [10141.7539062, 2129.40087891, 835.802429199, 656.195007324, 375.20489502, 230.342178345, 176.746734619, 117.848693848, 122.320892334, 82.356300354, 89.1691207886, 74.9301757812, 64.2302246094]
    },
    "mfcc_bands": {
        "mean": [1.06393026726e-05, 3.64207917301e-05, 5.10367826791e-05, 4.13515044784e-05, 2.38127740886e-05, 2.16533062485e-05, 1.60203799169e-05, 1.37962915687e-05, 9.18727346289e-06, 7.2745806392e-06, 6.62436150378e-06, 4.27611712439e-06, 2.75761726698e-06, 3.0099201922e-06, 3.20540129906e-06, 2.01594184546e-06, 1.35662514822e-06, 1.46197282902e-06, 1.82598751053e-06, 3.02111607198e-06, 4.21343656853e-06, 6.66985624775e-06, 8.24806556921e-06, 8.94187360245e-06, 1.11491062853e-05, 1.0343037502e-05, 7.23680886949e-06, 5.02088141729e-06, 3.83876067644e-06, 1.63386391705e-06, 7.64853382407e-07, 3.90426208696e-07, 2.17172583916e-07, 1.10308505441e-07, 5.54670585018e-08, 4.25668496007e-08, 6.34572145941e-08, 7.95525281205e-08, 5.51821663919e-08, 3.04493639192e-08],
        "var": [4.20174756099e-10, 4.07008604597e-09, 3.84381557694e-08, 6.43024478109e-09, 2.21854401516e-09, 2.04153560723e-09, 2.18935491958e-09, 1.56967172593e-09, 5.12782427631e-10, 3.46397494022e-10, 6.65558719248e-10, 2.72665695578e-10, 6.60161786348e-11, 8.94082724523e-11, 2.09491868297e-10, 4.1989214189e-11, 1.60001595306e-11, 1.75125868668e-11, 2.32496591424e-11, 5.63019839084e-11, 1.01036214117e-10, 2.15107265333e-10, 3.65120850221e-10, 7.4496286917e-10, 1.2570463559e-09, 8.32116431315e-10, 4.08652417461e-10, 2.12272754929e-10, 7.74168992801e-11, 1.64841456457e-11, 3.53533933899e-12, 9.24926801815e-13, 2.66580350459e-13, 5.36597438846e-14, 1.95591325525e-14, 1.74487533526e-14, 1.08475877478e-13, 1.76795616992e-13, 7.45222094212e-14, 1.71517632725e-14]
    }
}
}