{
"metadata": {
    "version": {
        "essentia": "2.1-dev"
    }
},
"lowlevel": {
    "mfcc": {
        "mean": [-776.217407227, 61.7214851379, -50.9766426086, 68.7614974976, -23.1155433655, 3.43433427811, 5.81829881668, -7.93456983566, 7.69715070724, -7.29239177704, 2.22597837448, 1.43419897556, -4.77860975266],
        "var": [7653.76708984, 1533.51647949, 1099.80895996, 690.846923828, 662.315002441, 407.150695801, 379.84463501, 208.235855103, 165.280319214, 171.666244507, 147.123092651, 119.865318298, 100.838989258]
    },
    "mfcc_bands": {
        "mean": [2.17490596697e-05, 2.9057959182e-05, 2.22554954235e-05, 2.66446495516e-05, 1.73537555384e-05, 1.59989413078e-05, 3.85163075407e-05, 2.84654324787e-05, 3.24311076838e-05, 2.52729169006e-05, 1.68218684848e-05, 1.59527116921e-05, 1.16817109301e-05, 9.3030721473e-06, 8.70823441801e-06, 8.7877315309e-06, 7.77845707489e-06, 9.04141870706e-06, 1.18675361591e-05, 1.04996252048e-05, 1.07105443021e-05, 1.69074446603e-05, 2.09855570574e-05, 1.98761408683e-05, 1.38540171974e-05, 1.09074053398e-05, 1.20289851111e-05, 1.29667150759e-05, 1.19477990665e-05, 5.96042673351e-06, 4.17659884988e-06, 1.96297423827e-06, 8.0006253711e-07, 1.6845291384e-07, 5.81644101771e-08, 3.69080233042e-08, 8.10083733427e-08, 6.13275901173e-08, 3.13584038736e-08, 2.7141622283e-08],
        "var": [2.42335396194e-09, 7.00593272285e-09, 2.58620524995e-09, 4.38264491365e-09, 2.67614885807e-09, 2.49965581567e-09, 1.96463343372e-08, 9.36618516079e-09, 1.12595515134e-08, 8.15309064706e-09, 5.18638110236e-09, 3.32186411711e-09, 1.78953474261e-09, 1.20556686856e-09, 8.2239137722e-10, 5.78611769608e-10, 6.51843190536e-10, 1.21464438507e-09, 2.41709674498e-09, 7.817924641e-10, 7.28962057384e-10, 1.67747959967e-09, 1.74631364924e-09, 1.33934252577e-09, 9.81701386848e-10, 5.37371980247e-10, 3.96490562604e-10, 2.77800782378e-10, 2.42390774119e-10, 6.77205028166e-11, 3.51515309915e-11, 6.54918090245e-12, 1.06104990245e-12, 8.56122627218e-14, 1.70662197211e-14, 7.60046305813e-15, 2.1889875844e-14, 1.58998875399e-14, 3.70474846954e-15, 2.64792790762e-15]
    }
}
}