{
"metadata": {
    "version": {
        "essentia": "2.1-dev"
    }
},
"lowlevel": {
    "mfcc": {
        "mean": [-774.539489746, 81.8995895386, -22.9054050446, 68.8595809937, 6.97023200989, -6.35585594177, 7.34929275513, 3.98777413368, 8.16115951538, 0.648743391037, 2.30733251572, -1.5247938633, -3.64417076111],
        "var": [6625.41894531, 1811.1751709, 1397.78918457, 626.879089355, 464.071777344, 279.36151123, 269.419006348, 210.789428711, 159.375457764, 151.078170776, 109.283401489, 122.310966492, 104.350532532]
    },
    "mfcc_bands": {
        "mean": [5.1735631132e-05, 0.00015063288447, 7.44459248381e-05, 5.58935425943e-05, 2.68386975222e-05, 2.0201829102e-05, 2.82573055301e-05, 1.51588137669e-05, 1.51237045429e-05, 1.47970222315e-05, 1.02476606116e-05, 7.91395905253e-06, 4.56102179669e-06, 4.20240166932e-06, 3.71803707822e-06, 5.67857478018e-06, 4.30163117926e-06, 4.63807919004e-06, 6.16568877376e-06, 7.60920875109e-06, 1.12150537461e-05, 1.46220254464e-05, 1.63008189702e-05, 1.49147581396e-05, 1.33803723656e-05, 1.15233333418e-05, 7.96405765868e-06, 7.56475355956e-06, 4.76012019135e-06, 2.93368384519e-06, 1.80352878942e-06, 8.94724337286e-07, 5.54568373445e-07, 2.55162234453e-07, 1.24888984487e-07, 8.1184850842e-08, 1.1750091744e-07, 1.35629122155e-07, 6.75233195579e-07, 3.31580167767e-07],
        "var": [9.57786561173e-09, 9.07317385668e-08, 2.58038710399e-08, 1.07947597527e-08, 3.86279230824e-09, 3.22733106906e-09, 5.20046938846e-09, 2.99196867282e-09, 2.55544452266e-09, 3.33698713106e-09, 8.86286821711e-10, 1.13813014568e-09, 3.71416286615e-10, 3.51680878863e-10, 2.09300882181e-10, 3.68230390624e-10, 1.40758349421e-10, 1.45802300788e-10, 2.84046147714e-10, 3.27799482003e-10, 6.49171771894e-10, 9.09313846442e-10, 1.23030763355e-09, 1.47860734767e-09, 8.26777646346e-10, 5.31885813171e-10, 2.44861297904e-10, 1.99794458755e-10, 9.21033180279e-11, 3.11224275518e-11, 1.08998565382e-11, 3.02058985463e-12, 8.79102671734e-13, 1.86833621491e-13, 4.29445738139e-14, 1.7757371501e-14, 4.36353020774e-14, 5.97619284788e-14, 3.14718346869e-12, 7.27306669751e-13]
    }
}
}