{
"metadata": {
    "version": {
        "essentia": "2.1-dev"
    }
},
"lowlevel": {
    "mfcc": {
        "mean": [-698.728515625, 110.049575806, -21.7825527191, 54.8155403137, -12.6767501831, -4.84413862228, -4.57940530777, -0.785756409168, -3.06455779076, -2.29339981079, -2.29292654991, -4.41667461395, -4.89532995224],
        "var": [5719.1796875, 828.002380371, 624.634094238, 443.013702393, 316.815368652, 205.290390015, 242.145523071, 186.597244263, 151.075241089, 213.171157837, 142.904907227, 141.383468628, 164.765716553]
    },
    "mfcc_bands": {
        "mean": [3.53495706804e-05, 0.000313363561872, 0.000346186803654, 0.000315580051392, 0.000260790315224, 0.000152401422383, 0.000188157966477, 0.000154907815158, 0.00022980599897, 0.000119082549645, 8.12792641227e-05, 9.24386476981e-05, 3.66983658751e-05, 2.32643833442e-05, 2.23950937652e-05, 1.32083841891e-05, 1.67455345945e-05, 1.42737071656e-05, 1.37671968332e-05, 1.41417522173e-05, 1.21382790894e-05, 2.13197654375e-05, 2.19898101932e-05, 1.94337626453e-05, 1.43012384797e-05, 2.04299103643e-05, 2.21145601245e-05, 1.09125976451e-05, 4.33752302342e-06, 4.39987843492e-06, 2.71957628684e-06, 1.46181525906e-06, 1.79645542175e-06, 5.79439756621e-07, 2.88909234314e-07, 1.65625820614e-07, 1.06175654935e-07, 8.76274341977e-08, 7.09639849106e-08, 4.09621812025e-08],
        "var": [1.5963353972e-09, 2.40694447484e-07, 4.62386225308e-07, 4.12088866142e-07, 3.24228210502e-07, 9.37653226174e-08, 3.18530197774e-07, 2.48843065265e-07, 3.60551041467e-07, 1.32065423486e-07, 1.06657942922e-07, 1.34276675112e-07, 2.08499670862e-08, 8.41306224686e-09, 4.5288648387e-09, 1.55803103752e-09, 2.60110155637e-09, 1.1738854333e-09, 1.63987190493e-09, 1.7539900643e-09, 9.31714372321e-10, 2.24421592421e-09, 2.12022421842e-09, 8.77422856593e-10, 6.91120771723e-10, 1.7776367045e-09, 1.65825053688e-09, 3.9650263628e-10, 3.75921030416e-11, 5.97932883761e-11, 1.99630277586e-11, 7.61260759291e-12, 1.26717273827e-11, 7.74531860089e-13, 2.48598505063e-13, 6.99784739704e-14, 2.46696516297e-14, 2.16484307965e-14, 1.37839712856e-14, 3.95655950629e-15]
    }
}
}