{
"metadata": {
    "version": {
        "essentia": "2.1-dev"
    }
},
"lowlevel": {
    "mfcc": {
        "mean": [-786.495056152, 61.0901527405, -18.3721694946, 48.3292922974, -19.8521842957, -2.71657156944, -12.6415815353, -1.42422032356, -5.56719112396, -8.99605178833, -7.47804164886, -5.13636159897, -10.3936347961],
        "var": [7868.42285156, 1525.88269043, 1209.47607422, 673.130310059, 437.295928955, 270.742126465, 339.386688232, 187.674346924, 151.565612793, 137.183319092, 99.4885559082, 100.567268372, 87.4765777588]
    },
    "mfcc_bands": {
        "mean": [4.65433640784e-06, 3.05347057292e-05, 7.1378883149e-05, 5.37304476893e-05, 2.86849062832e-05, 1.57725862664e-05, 1.67574216903e-05, 1.97593599296e-05, 1.53120727191e-05, 9.72106136032e-06, 7.49533774069e-06, 7.10648146196e-06, 5.29426824869e-06, 3.85458861274e-06, 2.95149584417e-06, 2.6987770525e-06, 2.75541651718e-06, 3.10782093038e-06, 3.08080620925e-06, 2.31290869124e-06, 3.63733238373e-06, 5.93600952925e-06, 6.8197850851e-06, 5.33581078344e-06, 4.55757844975e-06, 4.58242811874e-06, 3.83186579711e-06, 3.9434385144e-06, 3.68267296835e-06, 3.07106711261e-06, 2.25707526624e-06, 1.32823038257e-06, 8.35075752548e-07, 5.80192363486e-07, 3.02139568475e-07, 2.22824766638e-07, 1.48016098933e-07, 1.01782866579e-07, 6.34303702896e-08, 3.03586915607e-08],
        "var": [1.59039531544e-10, 9.45549416542e-09, 5.40673958938e-08, 1.02447774708e-08, 3.67388763856e-09, 2.13625694911e-09, 2.77152678585e-09, 3.99601729484e-09, 2.1101476122e-09, 8.37172164925e-10, 4.94936591711e-10, 3.50242834735e-10, 2.45757497686e-10, 1.40878142485e-10, 5.93145046968e-11, 5.67638609728e-11, 6.33419983131e-11, 6.0207817898e-11, 4.6205053672e-11, 2.22337391553e-11, 4.18924721302e-11, 1.19092319339e-10, 1.6516457646e-10, 1.96000757291e-10, 7.10432060402e-11, 6.06293903971e-11, 4.36174082963e-11, 3.90196069899e-11, 4.44797879084e-11, 2.55749744299e-11, 9.7464978796e-12, 3.11772634619e-12, 1.35670272759e-12, 7.43830995062e-13, 2.28465873607e-13, 2.07715016519e-13, 1.40638084403e-13, 9.73235164334e-14, 2.68917341466e-14, 4.53497374202e-15]
    }
}
}