{
"metadata": {
    "version": {
        "essentia": "2.1-dev"
    }
},
"lowlevel": {
    "mfcc": {
        "mean": [-748.539611816, 106.630607605, -21.0569438934, 39.4076118469, -25.9559192657, -13.4405088425, 1.69766461849, -1.87687444687, 1.99423062801, -12.4256925583, -2.21664571762, -1.50808000565, -4.44859313965],
        "var": [5432.45361328, 911.027770996, 919.567504883, 473.418670654, 470.826385498, 193.385391235, 223.052124023, 134.672897339, 117.290748596, 113.217025757, 120.698730469, 85.8946990967, 90.9726638794]
    },
    "mfcc_bands": {
        "mean": [2.23108381761e-05, 7.94435763964e-05, 8.65247493493e-05, 6.92952307872e-05, 5.02327384311e-05, 4.0411730879e-05, 5.38289932592e-05, 7.30914762244e-05, 6.01765896135e-05, 3.90908353438e-05, 3.55491902155e-05, 1.61264833878e-05, 2.58131567534e-05, 1.55848410941e-05, 9.97470488073e-06, 5.62664035897e-06, 4.79987284052e-06, 3.47689137925e-06, 3.91904814023e-06, 4.58367640022e-06, 3.56781970368e-06, 6.62707134325e-06, 5.94489938521e-06, 4.88796922582e-06, 5.33663023816e-06, 4.67151312478e-06, 3.37845449394e-06, 3.66747826774e-06, 2.55580130215e-06, 1.94905692297e-06, 1.63589038493e-06, 8.61420915044e-07, 4.51012823532e-07, 1.72095823814e-07, 8.22997492378e-08, 6.88297134843e-08, 5.05575670218e-08, 8.9192667474e-08, 6.99268127846e-08, 4.04798363718e-08],
        "var": [4.61116966832e-09, 1.21149355437e-07, 6.9962915461e-08, 1.50183776526e-08, 5.44102185529e-09, 6.05145533683e-09, 1.73623249111e-08, 2.83494792086e-08, 1.82148376382e-08, 7.53459694636e-09, 6.36883168426e-09, 1.87117366046e-09, 1.46915879462e-09, 5.68587010807e-10, 3.56324747486e-10, 1.91978724584e-10, 9.22050283347e-11, 6.46226405721e-11, 7.0368794125e-11, 6.14542722266e-11, 3.8521862783e-11, 1.82777432078e-10, 9.61509899478e-11, 4.07860342722e-11, 4.635054493e-11, 4.91171478489e-11, 2.82881686825e-11, 2.93384032346e-11, 1.64489481064e-11, 8.84584593075e-12, 5.53766320993e-12, 1.82794469665e-12, 5.89517204583e-13, 1.14687488564e-13, 4.05390510657e-14, 2.51462194708e-14, 1.17956232753e-14, 2.6590722354e-14, 1.91814964655e-14, 7.91514596243e-15]
    }
}
}