{
"metadata": {
    "version": {
        "essentia": "2.1-dev"
    }
},
"lowlevel": {
    "mfcc": {
        "mean": [-831.600158691, 75.5291061401, -28.2480316162, 47.4473342896, -15.3133840561, -11.5919418335, -9.2604598999, -6.30903053284, -4.65627336502, -9.24490451813, -2.56095743179, -5.13240671158, -6.05990791321],
        "var": [13232.0302734, 2020.0904541, 1487.08703613, 843.816650391, 666.916320801, 448.117645264, 507.277679443, 255.994400024, 200.395446777, 239.651657104, 180.508865356, 133.715316772, 120.561843872]
    },
    "mfcc_bands": {
        "mean": [3.23470703734e-05, 6.66378618916e-05, 4.83322364744e-05, 4.94855667057e-05, 2.68262538157e-05, 2.89544896077e-05, 3.57810386049e-05, 2.99761413771e-05, 2.30621571973e-05, 1.65406800079e-05, 1.21021721498e-05, 9.05021170183e-06, 5.95666142544e-06, 4.60749470221e-06, 4.34509092884e-06, 3.03435831484e-06, 2.48362994171e-06, 2.75954653262e-06, 2.63006859313e-06, 3.01100340039e-06, 4.23622032031e-06, 6.15906037638e-06, 6.5812982939e-06, 6.89636635798e-06, 7.29993462301e-06, 8.29522286949e-06, 5.09317624164e-06, 4.16679267801e-06, 3.33651564688e-06, 2.16207740777e-06, 1.39212227168e-06, 7.65272545777e-07, 3.90286032825e-07, 1.75983942086e-07, 9.83682397759e-08, 5.62098350088e-08, 3.58149385704e-08, 2.80869958402e-08, 3.55454048417e-08, 1.91043003639e-08],
        "var": [1.07052864351e-08, 4.56520048431e-08, 1.85278050679e-08, 2.78822707145e-08, 5.34055910606e-09, 6.28861851482e-09, 1.07741291444e-08, 1.07243982583e-08, 6.52669696066e-09, 2.92358759424e-09, 2.39338304731e-09, 1.23020849063e-09, 4.78476258614e-10, 2.15192932917e-10, 2.54636062236e-10, 1.35996366946e-10, 5.58533254369e-11, 6.05783548324e-11, 4.15404551035e-11, 4.96271634898e-11, 1.04523813216e-10, 1.68948383061e-10, 2.12963494062e-10, 2.34397029564e-10, 2.09014208719e-10, 3.57953472419e-10, 1.02952375791e-10, 6.56919588171e-11, 5.58282586827e-11, 2.04645779489e-11, 7.15833729098e-12, 2.04175999025e-12, 7.11146202689e-13, 1.07650169432e-13, 4.91551006984e-14, 2.15559161639e-14, 9.10343916677e-15, 6.04046680906e-15, 6.3095098841e-15, 1.87123575268e-15]
    }
}
}