{
"metadata": {
    "version": {
        "essentia": "2.1-dev"
    }
},
"lowlevel": {
    "mfcc": {
        "mean": [-791.705505371, 93.053237915, -59.1229438782, 82.6938552856, 0.998461902142, 9.89844894409, 4.83509731293, -5.57335948944, -0.130551576614, -4.69915008545, -6.10237169266, -7.91549110413, -3.52164983749],
        "var": [8562.83691406, 1336.33276367, 1749.03417969, 837.24206543, 456.135803223, 430.941101074, 358.905609131, 223.168746948, 175.244522095, 167.889816284, 104.705596924, 127.205001831, 122.078346252]
    },
    "mfcc_bands": {
        "mean": [3.5617766116e-05, 0.000219507724978, 0.00015205143427, 8.31181314425e-05, 2.36106297962e-05, 8.25106872071e-06, 5.10798463438e-06, 7.70525457483e-06, 8.25391271064e-06, 5.82773918723e-06, 4.41215479441e-06, 6.10533061263e-06, 4.34548974226e-06, 4.93973129778e-06, 5.67176311961e-06, 7.77422974352e-06, 1.05180924947e-05, 2.48614305747e-05, 2.66641181952e-05, 1.35838672577e-05, 1.7147653125e-05, 1.61567095347e-05, 1.50303694681e-05, 1.50933628902e-05, 1.54792778631e-05, 1.70960756805e-05, 1.74075612449e-05, 1.330435407e-05, 6.4795626713e-06, 3.33761681759e-06, 1.69886550339e-06, 1.04405398815e-06, 3.02226169424e-07, 1.14693435194e-07, 4.39603198288e-08, 1.58174540132e-08, 8.27118995517e-09, 5.42641309664e-09, 3.60551544176e-09, 1.83781323493e-09],
        "var": [3.01435565397e-09, 1.33607727548e-07, 1.28887478468e-07, 4.253686825e-08, 4.13325995652e-09, 3.63413188431e-10, 2.24354243517e-10, 8.05156719075e-10, 1.41065858994e-09, 4.57597876258e-10, 2.65692495782e-10, 7.06774028192e-10, 2.65951066725e-10, 2.45843928548e-10, 3.37882527512e-10, 1.29965638251e-09, 1.06268049915e-09, 3.96939769942e-09, 4.88531215481e-09, 8.74195937861e-10, 1.09426512296e-09, 7.7340095439e-10, 9.94721638392e-10, 9.23207621462e-10, 8.25725099407e-10, 8.67527716331e-10, 1.02339792196e-09, 5.34104982464e-10, 1.14853272726e-10, 3.72513304925e-11, 8.35065957355e-12, 3.48851438188e-12, 2.79119934631e-13, 4.41893564926e-14, 7.12425944112e-15, 1.04977356543e-15, 4.37340448373e-16, 5.52773966076e-16, 6.44798007746e-16, 9.53353449236e-17]
    }
}
}