{
"metadata": {
    "version": {
        "essentia": "2.1-dev"
    }
},
"lowlevel": {
    "mfcc": {
        "mean": [-789.010498047, 110.187759399, -14.3119945526, 63.8253974915, -22.2683029175, -10.0327825546, 5.10589361191, -8.62191867828, -6.94152832031, 3.91735053062, -3.15435314178, -8.14319038391, -6.75422954559],
        "var": [7468.21289062, 1470.89001465, 1881.7713623, 742.495788574, 546.784057617, 434.220245361, 447.130462646, 325.187774658, 246.600204468, 246.120895386, 194.311553955, 191.967681885, 190.777450562]
    },
    "mfcc_bands": {
        "mean": [6.5695909143e-05, 0.000225846029934, 0.000215192965697, 0.000192682331544, 0.000114170310553, 3.15253200824e-05, 2.97596179735e-05, 5.35284889338e-05, 3.55691627192e-05, 4.77333487652e-05, 1.35842528834e-05, 5.99524400968e-06, 7.83270843385e-06, 5.04546824232e-06, 4.67373411084e-06, 5.42115049029e-06, 4.31258649769e-06, 3.45314538208e-06, 2.60448950939e-06, 3.48160369867e-06, 4.92455410495e-06, 5.24355209564e-06, 5.12019687449e-06, 1.13685209726e-05, 2.38198499574e-05, 2.82182791125e-05, 1.75782643055e-05, 9.64846731222e-06, 4.91108494316e-06, 5.60698890695e-06, 4.80793096358e-06, 1.86755073628e-06, 7.99100575932e-07, 3.14666920076e-07, 2.02635291657e-07, 1.26969055714e-07, 7.79638611448e-08, 6.31274090779e-08, 3.59106131498e-08, 3.43625288224e-08],
        "var": [2.11022808116e-08, 2.7187206797e-07, 3.50355065848e-07, 8.55409609812e-08, 7.8718322527e-08, 4.07383504708e-09, 3.61520346992e-09, 1.15786429333e-08, 1.22616512499e-08, 1.90449114257e-08, 1.35815259039e-09, 5.80435255415e-10, 1.56910862081e-09, 5.21302501166e-10, 2.84249568328e-10, 4.17465728653e-10, 2.16115250695e-10, 8.47845751939e-11, 5.43917341722e-11, 1.4061632414e-10, 2.281136946e-10, 3.67668173684e-10, 2.8119237494e-10, 9.8500396728e-10, 2.85217782725e-09, 3.19231352464e-09, 1.52954549026e-09, 5.28244725739e-10, 1.20982932006e-10, 4.0336275986e-10, 3.78298919967e-10, 4.22082126195e-11, 7.64769584466e-12, 1.10006936286e-12, 3.47861008661e-13, 1.04413582001e-13, 3.62437978121e-14, 2.43299151849e-14, 6.81490903274e-15, 7.30640201796e-15]
    }
}
}