{
"metadata": {
    "version": {
        "essentia": "2.1-dev"
    }
},
"lowlevel": {
    "mfcc": {
        "mean": [-777.451538086, 98.2718429565, -22.10064888, 66.0110092163, -4.12035751343, 1.32568430901, -1.15425717831, -4.66097211838, -5.47245264053, -8.74477100372, -4.49405288696, -3.65998506546, -8.36937046051],
        "var": [7733.52587891, 1271.52099609, 1065.14538574, 738.579223633, 498.502075195, 418.599761963, 329.586547852, 221.912475586, 177.8724823, 168.882156372, 155.890274048, 139.55557251, 118.369430542]
    },
    "mfcc_bands": {
        "mean": [3.13589844154e-05, 0.000192335734027, 0.000192873761989, 0.000112001202069, 5.41241424798e-05, 3.34585092787e-05, 3.05703470076e-05, 2.90575044346e-05, 1.77468391485e-05, 1.57491613209e-05, 7.47302510717e-06, 5.86270698477e-06, 8.36596518639e-06, 1.00420802482e-05, 8.69219002197e-06, 7.95782216301e-06, 6.19623142484e-06, 5.3675989875e-06, 4.83945132146e-06, 5.02912234879e-06, 7.29426301405e-06, 8.1384614532e-06, 8.2749647845e-06, 8.14141276351e-06, 7.5842303886e-06, 7.25376139599e-06, 6.05465629633e-06, 4.58075919596e-06, 3.03335878016e-06, 2.62739104073e-06, 2.01560169444e-06, 1.10220025817e-06, 5.75194064822e-07, 2.70168726502e-07, 1.03685557917e-07, 5.76716878697e-08, 4.48076100668e-08, 3.36246408494e-08, 2.28792416124e-08, 1.31015731597e-08],
        "var": [6.10251627009e-09, 9.72875540128e-08, 9.93145761186e-08, 8.87165896302e-08, 1.10497930805e-08, 8.58243698332e-09, 6.69558897215e-09, 7.20830772849e-09, 2.83972267923e-09, 2.860594428e-09, 4.89685569871e-10, 2.59707644279e-10, 6.62694898956e-10, 7.40357386508e-10, 4.89002394133e-10, 4.324585412e-10, 2.82718848332e-10, 1.7682899589e-10, 1.33526925628e-10, 1.1498021979e-10, 2.86903945046e-10, 2.56536902832e-10, 2.38256719909e-10, 3.95142835119e-10, 2.50175130612e-10, 2.02353134249e-10, 1.180693876e-10, 9.67462707169e-11, 4.13427556079e-11, 2.38892673005e-11, 1.39318617406e-11, 4.86808249961e-12, 2.34686770885e-12, 4.15805031465e-13, 6.06450856872e-14, 1.88457817331e-14, 8.56753073841e-15, 5.43198586833e-15, 4.25140786358e-15, 1.93260604256e-15]
    }
}
}