{
"metadata": {
    "version": {
        "essentia": "2.1-dev"
    }
},
"lowlevel": {
    "mfcc": {
        "mean": [-808.991821289, 117.893455505, -24.0297107697, 42.9494094849, -12.8930673599, -11.6590299606, -8.41461372375, -5.97250556946, -5.19233798981, -6.43675422668, -2.97481536865, -5.33268737793, -4.81665658951],
        "var": [6667.59033203, 1315.55053711, 934.00012207, 466.243804932, 338.991394043, 272.638244629, 209.397644043, 150.638626099, 126.817276001, 111.572425842, 91.3819580078, 77.4672622681, 76.9138946533]
    },
    "mfcc_bands": {
        "mean": [8.64261346578e-06, 3.59343794116e-05, 9.21473547351e-05, 7.13633271516e-05, 3.33606585627e-05, 4.49112048955e-05, 3.88922999264e-05, 3.73077818949e-05, 3.017871677e-05, 1.91897634068e-05, 1.22592573462e-05, 8.20082732389e-06, 5.18166325492e-06, 4.10783559346e-06, 3.27182010551e-06, 2.40363033299e-06, 2.29379043049e-06, 2.24369478019e-06, 2.03202785087e-06, 2.14726128434e-06, 2.5911551802e-06, 3.20418371302e-06, 2.54146630141e-06, 2.2637168513e-06, 2.37694257521e-06, 2.17689125748e-06, 2.16306420953e-06, 1.23676363728e-06, 7.9545003473e-07, 6.4805050215e-07, 4.66605484917e-07, 2.94987387406e-07, 1.50132436261e-07, 7.90912295656e-08, 4.54445974185e-08, 3.41495187683e-08, 2.79487331056e-08, 2.01684304812e-08, 1.54303059219e-08, 1.05559783137e-08],
        "var": [3.43748168818e-10, 6.571227118e-09, 5.13104794209e-08, 2.69529074615e-08, 3.3853100323e-09, 1.01303578859e-08, 9.54284740118e-09, 1.16972174169e-08, 6.68665212089e-09, 3.51549989119e-09, 1.90015803092e-09, 1.0037891629e-09, 2.15239923107e-10, 1.49607867761e-10, 7.9833049893e-11, 4.05579909935e-11, 2.77379664376e-11, 3.31443032742e-11, 2.43195671934e-11, 2.29761244752e-11, 3.23262527857e-11, 3.82445915215e-11, 2.84372872472e-11, 1.56423433234e-11, 1.78687065144e-11, 2.01420685686e-11, 2.20665031386e-11, 6.95978040824e-12, 4.13846561187e-12, 2.59533085127e-12, 1.36022974568e-12, 5.94167672962e-13, 1.80457238779e-13, 6.08081564702e-14, 1.77342932413e-14, 2.45661933314e-14, 2.59797185257e-14, 7.17722017614e-15, 5.79221076958e-15, 2.10116199918e-15]
    }
}
}