{
"metadata": {
    "version": {
        "essentia": "2.1-dev"
    }
},
"lowlevel": {
    "mfcc": {
        "mean": [-773.192077637, 86.0086135864, -29.5679073334, 58.6467018127, -0.892146527767, 7.91763496399, 2.09316778183, 3.08870196342, 1.82295191288, -3.01437044144, -2.27300620079, 2.7260787487, -3.02095079422],
        "var": [10385.9111328, 1692.3104248, 1361.90795898, 788.047241211, 519.596862793, 315.586486816, 286.129486084, 221.450973511, 127.131996155, 107.496063232, 112.945930481, 101.862640381, 81.0961914062]
    },
    "mfcc_bands": {
        "mean": [2.95832542179e-05, 0.000176236135303, 0.00014204296167, 4.76348868688e-05, 1.47083364936e-05, 1.84025775525e-05, 3.18871134368e-05, 1.6660134861e-05, 1.69348368217e-05, 1.44252517202e-05, 1.25313554236e-05, 1.33876337713e-05, 9.63792263065e-06, 1.0424571883e-05, 1.13263940875e-05, 9.73007627181e-06, 1.16046003313e-05, 9.48946944845e-06, 7.45247371015e-06, 8.73805765877e-06, 1.11383542389e-05, 1.0479858247e-05, 1.06206971395e-05, 1.1458150766e-05, 8.12675716588e-06, 6.57814325677e-06, 5.51865559828e-06, 8.29976306704e-06, 3.84829399991e-06, 2.46908325607e-06, 1.55903785526e-06, 8.42887629915e-07, 4.93373306654e-07, 2.92739372298e-07, 1.8764428944e-07, 1.1891215479e-07, 1.31783750135e-07, 7.48434629827e-08, 7.65518848311e-08, 3.71877320049e-08],
        "var": [1.17843745873e-09, 6.60681962472e-08, 7.7178398783e-08, 1.33780586609e-08, 9.08654262943e-10, 1.39989941861e-09, 4.74042671783e-09, 1.56031132459e-09, 1.47071055334e-09, 1.3760277362e-09, 9.50660217214e-10, 8.21033130372e-10, 5.17022646918e-10, 7.28566651453e-10, 6.7909627921e-10, 5.31917176971e-10, 8.54972814768e-10, 5.47370426762e-10, 3.77199799173e-10, 3.05757447139e-10, 5.98633920212e-10, 4.42767600362e-10, 3.39714534281e-10, 4.08510419936e-10, 2.47537990106e-10, 2.0956518465e-10, 1.95142457748e-10, 2.0638549203e-10, 4.35042731006e-11, 1.57627660924e-11, 5.42537369197e-12, 1.83482114051e-12, 8.4680618637e-13, 2.77997351701e-13, 1.29708689536e-13, 5.24217340814e-14, 8.9152697811e-14, 2.68318167299e-14, 3.21230875558e-14, 7.7770042061e-15]
    }
}
}