{
"metadata": {
    "version": {
        "essentia": "2.1-dev"
    }
},
"lowlevel": {
    "mfcc": {
        "mean": [-782.869384766, 74.1589355469, -39.4717254639, 39.5653839111, -21.5150623322, -6.23805904388, -4.11173343658, -3.44329690933, -7.17526960373, -8.62280750275, -3.55591106415, -8.83589076996, -9.19547176361],
        "var": [11157.5800781, 2006.89794922, 1200.24145508, 839.034240723, 650.41986084, 428.41116333, 393.249572754, 217.688903809, 208.358383179, 159.563812256, 115.760375977, 92.857460022, 82.6650390625]
    },
    "mfcc_bands": {
        "mean": [9.66175866779e-06, 3.95670867874e-05, 6.37136181467e-05, 4.57473761344e-05, 2.28457211051e-05, 1.64020038937e-05, 1.48121498569e-05, 2.26614865824e-05, 3.08583548758e-05, 2.11852257053e-05, 1.72465024662e-05, 1.76061730599e-05, 1.32564318847e-05, 9.05149863684e-06, 8.55124289956e-06, 8.43190900923e-06, 8.69832638273e-06, 6.80894117977e-06, 5.6481790125e-06, 4.3579893827e-06, 5.80032383368e-06, 8.37401239551e-06, 1.19108381114e-05, 1.07168707473e-05, 1.28616829898e-05, 1.38110181069e-05, 9.82778146863e-06, 8.58361909195e-06, 5.64438641959e-06, 5.30109764441e-06, 2.73205068879e-06, 1.56442695243e-06, 9.86192048913e-07, 5.05638411141e-07, 2.38532834373e-07, 1.35993971639e-07, 7.86826106491e-08, 6.41494679599e-08, 9.74647349494e-08, 4.04141893284e-08],
        "var": [6.13402828531e-10, 7.55523021922e-09, 1.41947023025e-08, 1.30778810004e-08, 1.76436998345e-09, 1.35800903855e-09, 1.49004786287e-09, 3.82429110601e-09, 7.86916487527e-09, 3.9719916245e-09, 2.34960606527e-09, 2.52681831014e-09, 1.70940517297e-09, 5.51381440506e-10, 4.99998209502e-10, 5.16584608423e-10, 5.9839655453e-10, 3.68276409368e-10, 1.49034548591e-10, 6.92917390133e-11, 1.36332195533e-10, 2.67251470953e-10, 8.18098477851e-10, 4.85044393539e-10, 9.62539825622e-10, 9.06648811583e-10, 4.27732071984e-10, 3.62254976016e-10, 1.16210908951e-10, 1.3939635557e-10, 3.62214147565e-11, 1.03539234478e-11, 3.67398212547e-12, 1.1653847375e-12, 3.57966775796e-13, 1.5451398841e-13, 5.414495485e-14, 4.74040396509e-14, 5.45994828939e-14, 9.36251181698e-15]
    }
}
}