{
"metadata": {
    "version": {
        "essentia": "2.1-dev"
    }
},
"lowlevel": {
    "mfcc": {
        "mean": [-713.154418945, 79.7032852173, -40.5890045166, 60.1026344299, -19.1470851898, -10.9496803284, -5.43804454803, -4.99605035782, -6.08699655533, -4.12755060196, -3.21343946457, -6.40478658676, -0.259339362383],
        "var": [4866.00390625, 1126.26904297, 1087.12683105, 524.092895508, 440.252685547, 322.899536133, 298.278900146, 190.355239868, 191.359664917, 141.709274292, 143.744262695, 119.73261261, 117.510162354]
    },
    "mfcc_bands": {
        "mean": [3.94955241063e-05, 6.4272491727e-05, 0.000113253379823, 0.00010357984138, 8.26111790957e-05, 0.00010189195018, 0.000105428131064, 6.30230861134e-05, 4.91261343996e-05, 3.74762348656e-05, 3.2587118767e-05, 1.92862789845e-05, 1.82868934644e-05, 1.34936235554e-05, 1.03755564851e-05, 8.77801812749e-06, 1.10586815936e-05, 1.12631196316e-05, 1.33506919155e-05, 1.94169133465e-05, 1.80234073923e-05, 2.44516522798e-05, 2.59502594417e-05, 3.10793802782e-05, 5.11214893777e-05, 4.2240772018e-05, 2.90506504825e-05, 2.22430771828e-05, 1.26340692077e-05, 9.69272059592e-06, 4.85086411572e-06, 2.577627356e-06, 1.2799621345e-06, 6.85750876528e-07, 3.04880330759e-07, 1.36944962037e-07, 8.0897564203e-08, 5.8461871788e-08, 5.40386402292e-08, 3.93860055681e-08],
        "var": [4.14382794744e-09, 2.12325055315e-08, 4.62468321416e-08, 3.83079559185e-08, 2.53612597589e-08, 4.6545466148e-08, 6.81255443169e-08, 2.41400925916e-08, 1.84844939355e-08, 9.50286338508e-09, 7.99448063304e-09, 3.24577142941e-09, 3.66650421135e-09, 1.91713311892e-09, 1.00238028988e-09, 5.48790013433e-10, 6.29399032892e-10, 9.18919385029e-10, 8.69476046716e-10, 2.15927054015e-09, 1.35083300101e-09, 2.15215845145e-09, 3.33908145578e-09, 4.19652668171e-09, 8.94753870995e-09, 6.93402268936e-09, 2.62742827495e-09, 2.0140173973e-09, 6.73562039477e-10, 4.79922213081e-10, 7.92465676414e-11, 2.04150342464e-11, 8.34808350919e-12, 3.17108752451e-12, 5.53070610143e-13, 1.16474782293e-13, 2.20109998614e-14, 1.14288503859e-14, 1.32853306129e-14, 7.85789669959e-15]
    }
}
}