{
"metadata": {
    "version": {
        "essentia": "2.1-dev"
    }
},
"lowlevel": {
    "mfcc": {
        "mean": [-736.440490723, 78.9565048218, -33.7252845764, 69.7564239502, -14.772061348, -2.32478880882, -5.9134478569, -0.0462102070451, -5.35398674011, 0.499130487442, -1.07102751732, -5.26535081863, -1.45791888237],
        "var": [4415.72900391, 1492.37438965, 1109.77526855, 533.567993164, 438.141021729, 353.40020752, 336.165527344, 224.615631104, 179.167068481, 161.100723267, 177.360519409, 166.673660278, 179.461395264]
    },
    "mfcc_bands": {
        "mean": [2.94532655971e-05, 8.08074328233e-05, 0.000155133355292, 7.72060957388e-05, 5.84735244047e-05, 5.76772472414e-05, 7.40482573747e-05, 4.81201968796e-05, 3.36967896146e-05, 2.34693288803e-05, 1.52547108883e-05, 1.00515262602e-05, 1.05186336441e-05, 1.05274784801e-05, 5.62220157008e-06, 5.97238113187e-06, 7.75907392381e-06, 1.13013393275e-05, 1.05920616988e-05, 9.4043871286e-06, 1.11624058263e-05, 1.50824816956e-05, 1.63582935784e-05, 1.82391540875e-05, 2.74505036941e-05, 3.57786520908e-05, 2.73374917015e-05, 2.27547116083e-05, 1.59373757924e-05, 7.11299571776e-06, 4.62202933704e-06, 2.31162562159e-06, 1.46842148752e-06, 5.73844715746e-07, 2.91173279265e-07, 2.14434649592e-07, 8.80463915109e-08, 6.53303970921e-08, 4.53360016195e-08, 2.54798848687e-08],
        "var": [1.23431309618e-09, 5.11811535375e-08, 1.34863029189e-07, 1.99499083919e-08, 1.19458754e-08, 1.71903700164e-08, 5.9709833522e-08, 1.84030977124e-08, 9.38616384616e-09, 4.62344384999e-09, 2.03731964632e-09, 8.41027858467e-10, 7.28841265119e-10, 5.48600997963e-10, 2.44850806297e-10, 1.82878948096e-10, 2.76954015277e-10, 8.92067697489e-10, 4.98180219299e-10, 3.23990834161e-10, 4.26042146007e-10, 8.73378758204e-10, 1.10114684038e-09, 9.38949917817e-10, 2.56275045629e-09, 4.90532414688e-09, 5.0949124919e-09, 4.31793356626e-09, 2.10553618984e-09, 2.87108614661e-10, 1.19902948681e-10, 2.21736899675e-11, 1.20915543203e-11, 2.27980460031e-12, 5.16853107622e-13, 2.05780813396e-13, 7.4373917669e-14, 4.89781758445e-14, 2.56994912276e-14, 1.49413850568e-14]
    }
}
}