{
"metadata": {
    "version": {
        "essentia": "2.1-dev"
    }
},
"lowlevel": {
    "mfcc": {
        "mean": [-755.943664551, 122.120475769, -12.2130155563, 44.5471000671, -3.89102458954, -7.34052085876, -0.378059744835, 6.13929414749, 3.57988071442, 4.37396526337, -6.05097484589, 0.397856473923, -8.30671215057],
        "var": [7729.88623047, 1225.2565918, 1198.40270996, 566.121765137, 449.681762695, 238.219085693, 185.440093994, 236.253234863, 158.676528931, 152.102920532, 115.842330933, 146.771835327, 124.535591125]
    },
    "mfcc_bands": {
        "mean": [4.21471340815e-05, 0.000129688036395, 0.000126115162857, 0.000195719694602, 6.03214793955e-05, 3.60561389243e-05, 8.65211623022e-05, 0.000112424160761, 7.69881808083e-05, 3.51114395016e-05, 7.07696381141e-05, 3.70715533791e-05, 1.68154638231e-05, 1.29854461193e-05, 1.52330840137e-05, 1.22809115055e-05, 8.62660726852e-06, 1.15248531074e-05, 8.70409621712e-06, 1.07997057057e-05, 9.1048405011e-06, 8.9955428848e-06, 1.15639395517e-05, 7.09559026291e-06, 8.11808058643e-06, 1.06771767605e-05, 9.05389879335e-06, 6.10846154814e-06, 5.2194664022e-06, 3.70733869204e-06, 2.56648536379e-06, 1.11351903342e-06, 7.01903786648e-07, 5.20043954566e-07, 2.77247011127e-07, 1.87313048627e-07, 1.22628790677e-07, 6.04911818414e-08, 3.18638875285e-08, 2.09683861385e-08],
        "var": [2.79812772952e-09, 1.47415635254e-08, 2.88609847132e-08, 1.74673104425e-07, 2.11742925416e-08, 1.08235855834e-08, 8.39306792955e-08, 1.57663379241e-07, 3.70288155693e-08, 1.96620284498e-08, 1.92343936334e-08, 4.37555680577e-09, 3.56386120615e-09, 1.96731719804e-09, 1.93915705715e-09, 1.47526613148e-09, 9.07706410036e-10, 1.32500077576e-09, 1.4255775449e-09, 2.60696042531e-09, 6.68173572027e-10, 3.4447203423e-10, 6.16935558195e-10, 3.10114739444e-10, 5.82902448532e-10, 1.04475950113e-09, 7.48220263525e-10, 3.94021759664e-10, 2.520654796e-10, 1.58583840504e-10, 9.10668276899e-11, 1.75194667801e-11, 5.03541305874e-12, 3.13133395081e-12, 9.13692732585e-13, 3.0588406157e-13, 5.20498324075e-14, 1.68092942994e-14, 5.40864545195e-15, 2.21536999256e-15]
    }
}
}