{
"metadata": {
    "version": {
        "essentia": "2.1-dev"
    }
},
"lowlevel": {
    "mfcc": {
        "mean": [-780.312927246, 67.7061843872, -35.6998405457, 54.3401451111, -17.1390724182, -4.08365011215, -5.82315397263, -3.65963411331, -3.45674324036, -0.564009666443, -6.54562807083, -5.72837924957, -3.28103995323],
        "var": [10832.5869141, 1894.56469727, 1172.09667969, 872.7890625, 676.011901855, 457.137939453, 443.768798828, 327.218322754, 281.271148682, 221.150817871, 194.589874268, 172.506286621, 189.210830688]
    },
    "mfcc_bands": {
        "mean": [4.00116114179e-05, 3.90961031371e-05, 4.36783775513e-05, 8.12846701592e-05, 6.58731078147e-05, 2.08273922908e-05, 2.03491381399e-05, 2.40849785769e-05, 2.25886360568e-05, 2.05259875656e-05, 1.9678609533e-05, 1.63531858561e-05, 1.19797059597e-05, 6.9701850407e-06, 4.98758072354e-06, 5.47596982869e-06, 1.00553925222e-05, 5.91094385527e-06, 6.74540342516e-06, 1.15100428957e-05, 1.15202019515e-05, 1.25872838908e-05, 1.60796880664e-05, 2.04841417144e-05, 2.68191397481e-05, 2.81229458778e-05, 2.33004193433e-05, 1.95165248442e-05, 1.40144420584e-05, 9.51802849158e-06, 4.62457637695e-06, 2.56931025433e-06, 1.3254299347e-06, 7.304216183e-07, 3.77106943006e-07, 1.98705706111e-07, 1.21795949326e-07, 7.83150113648e-08, 6.21212308261e-08, 4.46666419407e-08],
        "var": [6.20771922755e-09, 1.9430068221e-08, 1.79086523389e-08, 9.35787980438e-08, 6.15817725702e-08, 2.67673772036e-09, 2.71660871576e-09, 4.46176828817e-09, 4.86847762105e-09, 5.41731282055e-09, 3.62391694431e-09, 2.79575074202e-09, 1.89983895282e-09, 4.76941208749e-10, 2.11403200501e-10, 2.98430835599e-10, 5.7358262584e-10, 3.04726882616e-10, 3.88545196017e-10, 1.25934662698e-09, 8.04600719384e-10, 1.22735910324e-09, 2.24248886127e-09, 4.08099420923e-09, 7.10686043348e-09, 8.67462279786e-09, 6.14416606481e-09, 4.02545552447e-09, 1.90524551691e-09, 7.0145589337e-10, 2.16092782557e-10, 5.89924289973e-11, 1.08000015181e-11, 2.64466638693e-12, 6.59131061363e-13, 2.01727781072e-13, 8.77105462913e-14, 3.79764579159e-14, 2.72891349004e-14, 1.54387102874e-14]
    }
}
}