{
"metadata": {
    "version": {
        "essentia": "2.1-dev"
    }
},
"lowlevel": {
    "mfcc": {
        "mean": [-837.229980469, 124.091552734, -34.7751083374, 54.5877456665, -0.679892897606, -5.23464298248, -2.37535309792, -0.0415940992534, -6.53885173798, -6.25286960602, -1.42599582672, -1.34088385105, -3.47783041],
        "var": [11909.8408203, 2164.45703125, 2580.93896484, 1009.35864258, 647.138671875, 529.034240723, 463.844665527, 213.901885986, 224.024276733, 237.854492188, 142.869796753, 156.61239624, 134.186965942]
    },
    "mfcc_bands": {
        "mean": [1.95375596377e-05, 0.000117223331472, 7.62362469686e-05, 6.00766943535e-05, 2.88570900011e-05, 1.48940225699e-05, 2.5966703106e-05, 4.31871667388e-05, 2.80002150248e-05, 1.39715875775e-05, 1.11059225674e-05, 9.46241380007e-06, 7.53651602281e-06, 6.81726805851e-06, 2.31398498727e-05, 9.92976765701e-06, 8.18869648356e-06, 1.12807156256e-05, 1.21339180623e-05, 1.09544544102e-05, 1.42168282764e-05, 1.31025490191e-05, 1.66601948877e-05, 1.43061506606e-05, 7.71813120082e-06, 5.75803142056e-06, 4.62539583168e-06, 3.76887055609e-06, 1.97615827346e-06, 1.04917364752e-06, 5.1612335028e-07, 3.24423240272e-07, 2.11444799447e-07, 1.15962762948e-07, 4.22220836072e-08, 1.46259804268e-08, 4.32343139067e-09, 1.62449886876e-09, 7.95155996602e-10, 2.2286192336e-10],
        "var": [1.74340530901e-09, 4.20614973962e-08, 1.96907983252e-08, 1.05665343142e-08, 3.29399840737e-09, 1.71738068211e-09, 4.33373248399e-09, 1.56480073343e-08, 1.07965414387e-08, 1.67356983827e-09, 1.29848087838e-09, 1.0979664955e-09, 6.1355320824e-10, 7.38874905704e-10, 8.23653056869e-09, 6.17703110883e-10, 5.16526432737e-10, 1.01042474387e-09, 1.3357280837e-09, 8.82604156427e-10, 1.4564761619e-09, 9.48897294073e-10, 1.38966615992e-09, 1.46568346349e-09, 4.19283552322e-10, 1.66683514213e-10, 1.11119120849e-10, 8.39287597754e-11, 2.12099175029e-11, 6.99711339217e-12, 1.64253062106e-12, 7.08360236787e-13, 5.93546208277e-13, 2.16595404806e-13, 2.66014644259e-14, 2.55633315284e-15, 1.66447148977e-16, 1.54101365838e-17, 4.11205337775e-18, 2.82413238853e-19]
    }
}
}