{
"metadata": {
    "version": {
        "essentia": "2.1-dev"
    }
},
"lowlevel": {
    "mfcc": {
        "mean": [-865.139465332, 93.5348587036, -24.8455104828, 78.5691604614, 31.8733711243, 9.19225406647, 2.34999370575, 18.1029586792, 7.22073507309, 0.940842688084, 8.53720378876, 8.44525527954, 2.8245780468],
        "var": [9534.89453125, 1432.37353516, 846.361083984, 718.957885742, 1066.8347168, 561.652587891, 336.315338135, 340.239471436, 211.647216797, 226.678482056, 248.253448486, 168.118347168, 302.799041748]
    },
    "mfcc_bands": {
        "mean": [4.37004855485e-05, 7.37872032914e-05, 4.56479319837e-05, 2.97499263979e-05, 9.48041724769e-06, 3.06036531583e-06, 9.87593921309e-06, 1.28440406115e-05, 5.87111844652e-06, 3.7196446101e-06, 2.18821264752e-06, 1.39431642765e-06, 1.67681673702e-06, 1.18320008369e-06, 1.38588791287e-06, 1.4657198335e-06, 1.9110032099e-06, 1.82930398296e-06, 3.54772942046e-06, 4.23280198447e-06, 3.37573214892e-06, 6.40328926238e-06, 7.82898860052e-06, 7.49133732825e-06, 1.02932417576e-05, 5.48644493392e-06, 2.83579106508e-06, 2.24576865548e-06, 1.70270925537e-06, 9.07531386929e-07, 6.45901081953e-07, 3.95513865215e-07, 2.64607052713e-07, 1.43295650901e-07, 6.36033732349e-08, 2.87432886381e-08, 1.05315409726e-08, 7.55617435289e-09, 3.69149733004e-09, 1.90404358946e-09],
        "var": [3.48356743451e-09, 2.57433310225e-08, 1.15440581538e-08, 5.81442005654e-09, 6.26214358146e-10, 8.30728194567e-11, 6.86153689422e-10, 1.46724610239e-09, 6.34082175655e-10, 1.49538451066e-10, 8.60711502071e-11, 3.50626021273e-11, 5.80543529916e-11, 4.7057309438e-11, 2.25600562537e-11, 1.44404739902e-11, 5.34706064148e-11, 2.97465142796e-11, 8.73209629604e-11, 1.0815892626e-10, 7.97871005376e-11, 2.59833321525e-10, 2.41582504001e-10, 4.39569380895e-10, 7.08610337075e-10, 2.59243404521e-10, 9.95649188096e-11, 5.14434467247e-11, 2.86950203182e-11, 6.14306825894e-12, 3.05769949291e-12, 1.07549440274e-12, 5.91488338343e-13, 2.54672368263e-13, 5.06878678028e-14, 8.96149846767e-15, 8.13493671856e-16, 5.25649747643e-16, 1.19802778343e-16, 4.90631327726e-17]
    }
}
}