{
"metadata": {
    "version": {
        "essentia": "2.1-dev"
    }
},
"lowlevel": {
    "mfcc": {
        "mean": [-670.61895752, 104.205314636, -93.7434234619, 41.4011535645, -19.8175830841, -19.1538658142, -5.25641536713, -10.835059166, -9.75100517273, -9.12255477905, -4.74517011642, -6.01424217224, -5.4747004509],
        "var": [7784.82666016, 1738.62487793, 1414.85498047, 507.404663086, 334.137207031, 293.621826172, 215.00352478, 190.787094116, 156.095352173, 110.314445496, 102.221748352, 79.0683288574, 89.8890838623]
    },
    "mfcc_bands": {
        "mean": [7.4978939665e-05, 0.000250285112998, 0.000298136641504, 0.000334854063112, 0.000197035245947, 0.000221858936129, 0.000288669078145, 0.000224856135901, 0.000125658480101, 7.14582129149e-05, 4.65483171865e-05, 5.70581651118e-05, 6.58584249322e-05, 7.44458884583e-05, 3.34646065312e-05, 4.27146842412e-05, 5.31110235897e-05, 5.87981376157e-05, 6.0685833887e-05, 6.5921798523e-05, 6.48729110253e-05, 6.93104011589e-05, 0.0001359267917, 0.000162531068781, 7.76607412263e-05, 7.03057958162e-05, 0.000102264901216, 4.6742898121e-05, 2.55624509009e-05, 1.38996665555e-05, 8.53578967508e-06, 5.97414418735e-06, 3.02392140838e-06, 1.36737969569e-06, 6.75806177242e-07, 3.52810019422e-07, 2.28918466405e-07, 1.94151311916e-07, 1.50256553866e-07, 7.84625342476e-08],
        "var": [3.8018058035e-08, 3.78592346806e-07, 8.78844161889e-07, 1.58813304552e-06, 1.87062596524e-07, 2.76664025023e-07, 4.10149766594e-07, 2.2440946168e-07, 8.44280521051e-08, 3.37956826968e-08, 9.1193461671e-09, 1.47140370998e-08, 1.25311894195e-08, 1.15561462621e-08, 4.45143344407e-09, 4.45241887803e-09, 4.85508078185e-09, 5.00991870211e-09, 9.52954692934e-09, 6.04181638053e-09, 5.05927433281e-09, 8.04988875558e-09, 2.55448906472e-08, 3.07491454521e-08, 8.34108160319e-09, 1.37603581862e-08, 2.75466653932e-08, 1.04905373277e-08, 5.37806821299e-09, 1.64029689831e-09, 5.59349899731e-10, 3.36767724818e-10, 1.05550401752e-10, 2.71608950608e-11, 7.93575101465e-12, 2.40614299318e-12, 8.1234102561e-13, 5.68288688677e-13, 2.61663710447e-13, 6.15687920568e-14]
    }
}
}