{
"metadata": {
    "version": {
        "essentia": "2.1-dev"
    }
},
"lowlevel": {
    "mfcc": {
        "mean": [-781.725036621, 72.9671859741, -17.8142871857, 74.0276107788, -14.337852478, 13.3356895447, -3.61960935593, 1.43598389626, 1.70952367783, -1.53346788883, 0.629337847233, -2.98974561691, -0.482056081295],
        "var": [7314.80224609, 2763.02783203, 1166.81433105, 778.482177734, 456.186096191, 287.646881104, 305.889923096, 153.964401245, 108.756599426, 105.301979065, 99.1081085205, 76.4040985107, 71.2099227905]
    },
    "mfcc_bands": {
        "mean": [4.64593722427e-05, 0.000128589046653, 0.000131033812067, 8.11040445114e-05, 7.25480495021e-05, 6.32720257272e-05, 5.61288397876e-05, 4.49710787507e-05, 2.70277869276e-05, 2.02134833671e-05, 1.75568020495e-05, 9.79895594355e-06, 6.20319133304e-06, 6.24478434474e-06, 6.81452229401e-06, 7.30063629817e-06, 5.36437983101e-06, 4.78443325846e-06, 3.95228198613e-06, 4.20586911787e-06, 4.96110351378e-06, 5.92957894696e-06, 5.99123222855e-06, 5.5381092352e-06, 6.47869410386e-06, 7.99557801656e-06, 1.17026484077e-05, 6.4202718022e-06, 4.45381419922e-06, 4.97721384818e-06, 4.02989962822e-06, 3.11134340336e-06, 1.03006289009e-06, 5.56935617624e-07, 3.06687695684e-07, 1.05638932268e-07, 6.25140472721e-08, 3.92315975262e-08, 2.06161310246e-08, 1.36755904379e-08],
        "var": [5.94097615547e-09, 8.28476061088e-08, 6.87912731223e-08, 2.70868980579e-08, 2.99535543036e-08, 5.31053814257e-08, 5.27963202046e-08, 3.03524885226e-08, 1.16104263981e-08, 5.52064216564e-09, 5.8146971682e-09, 1.41727396485e-09, 4.74434991293e-10, 3.97103072647e-10, 4.98374619351e-10, 5.66632962773e-10, 2.68859129404e-10, 2.644256758e-10, 1.51619092281e-10, 1.69932873328e-10, 2.24532503701e-10, 2.85641926778e-10, 3.05932917888e-10, 3.10629855171e-10, 3.38525235621e-10, 5.59413182444e-10, 4.52735737788e-10, 1.61557947576e-10, 9.56865350843e-11, 5.47272296925e-11, 3.43555531246e-11, 3.1644221965e-11, 2.25840266627e-12, 8.41521893401e-13, 2.8066939506e-13, 1.67405531711e-13, 8.83231069662e-14, 2.88790936694e-14, 5.71638649773e-15, 8.30722533762e-16]
    }
}
}