{
"metadata": {
    "version": {
        "essentia": "2.1-dev"
    }
},
"lowlevel": {
    "mfcc": {
        "mean": [-734.787109375, 99.4546890259, -35.877571106, 47.9153747559, -17.0576324463, -9.56764984131, 0.913279414177, -1.28391456604, -4.51088428497, -4.16828680038, -4.55563688278, -1.9679582119, -2.75954079628],
        "var": [16099.7441406, 2219.68676758, 789.675354004, 689.788269043, 372.219482422, 378.950561523, 313.934814453, 218.083633423, 185.148391724, 157.823257446, 99.42943573, 76.5817871094, 71.3271942139]
    },
    "mfcc_bands": {
        "mean": [3.11344156216e-05, 0.000184248972801, 0.000238868640736, 0.00018732281751, 0.000126925777295, 0.000311866228003, 0.000167939608218, 0.0002765294048, 0.00013158954971, 7.55995279178e-05, 5.94189914409e-05, 4.31884109275e-05, 3.33645220962e-05, 3.15735378535e-05, 2.88300252578e-05, 2.06196964427e-05, 1.43924398799e-05, 1.34563106258e-05, 1.53514338308e-05, 1.47002328958e-05, 1.82334897545e-05, 2.06488093681e-05, 2.42724436248e-05, 2.31348858506e-05, 2.52541885857e-05, 1.93657015188e-05, 2.13722451008e-05, 2.16826229007e-05, 1.34217143568e-05, 6.55893200019e-06, 4.6460777412e-06, 2.77136587101e-06, 1.1427790696e-06, 6.09685400832e-07, 4.17327726154e-07, 3.04922394889e-07, 1.46596036643e-07, 1.00960647842e-07, 7.68386456684e-08, 6.38133244024e-08],
        "var": [5.44596812091e-09, 2.66447074182e-07, 2.38742074998e-07, 2.18826670562e-07, 9.35531971891e-08, 5.19975458246e-07, 2.83766524944e-07, 5.88005946156e-07, 1.36240089432e-07, 5.75446286177e-08, 3.4351117506e-08, 1.94997884506e-08, 9.94208537719e-09, 6.1983045363e-09, 6.86919543469e-09, 4.3017283069e-09, 1.35916333743e-09, 1.0474300316e-09, 9.28427112967e-10, 6.98972768554e-10, 1.17944709555e-09, 1.32705457734e-09, 1.61697744083e-09, 1.74671521691e-09, 3.26308602361e-09, 1.39642264418e-09, 1.48674927924e-09, 1.52514356699e-09, 7.92213461498e-10, 1.59264823552e-10, 9.30820143186e-11, 3.35465127899e-11, 5.89548201924e-12, 1.68097491222e-12, 1.00285448348e-12, 5.06365891058e-13, 1.24366825432e-13, 6.51108060155e-14, 2.796485374e-14, 1.9797104765e-14]
    }
}
}