{
"metadata": {
    "version": {
        "essentia": "2.1-dev"
    }
},
"lowlevel": {
    "mfcc": {
        "mean": [-762.352966309, 120.780006409, -25.6735992432, 55.5041275024, -21.9625530243, -6.7932934761, -3.80816292763, 0.740049123764, 1.33765995502, 4.71942234039, 4.69589138031, 0.451919674873, -2.68553066254],
        "var": [3845.77075195, 909.369812012, 733.606506348, 450.400299072, 375.426544189, 309.046569824, 236.901168823, 145.937255859, 154.918731689, 126.534881592, 94.6723632812, 109.027809143, 105.962234497]
    },
    "mfcc_bands": {
        "mean": [4.4994718337e-05, 0.00012696601334, 8.98931903066e-05, 5.14808489243e-05, 5.98341466684e-05, 7.0244903327e-05, 6.7989451054e-05, 4.64014992758e-05, 6.33568051853e-05, 5.12843071192e-05, 2.53619964496e-05, 1.36570797622e-05, 1.08232761704e-05, 6.84206133883e-06, 7.36823494663e-06, 6.23859932602e-06, 7.58198666517e-06, 5.64028414374e-06, 3.83130600312e-06, 3.262551445e-06, 3.47902710018e-06, 4.55732197224e-06, 6.21946037427e-06, 8.99333554116e-06, 7.07914887244e-06, 1.06769248305e-05, 7.21062269804e-06, 5.02001466884e-06, 4.70477380077e-06, 3.38630775332e-06, 2.20083120439e-06, 1.39567089263e-06, 6.37835341877e-07, 2.06790844004e-07, 1.01892666748e-07, 5.32281632104e-08, 2.43127153965e-08, 1.65947486863e-08, 1.11246416523e-08, 8.69966054751e-09],
        "var": [2.11423123453e-09, 1.14749141744e-07, 3.46942314877e-08, 7.89198395523e-09, 1.34468400859e-08, 1.1366945607e-08, 1.93998133113e-08, 1.50337822191e-08, 2.33741843658e-08, 1.28606272298e-08, 3.36321215322e-09, 2.4150936806e-09, 1.5834771272e-09, 4.90303464495e-10, 3.95367127926e-10, 4.07000044778e-10, 5.04171482341e-10, 4.84796869316e-10, 7.92233847968e-11, 7.25579665795e-11, 6.44618386447e-11, 8.65482546741e-11, 2.93423813025e-10, 6.29559460119e-10, 3.31922739294e-10, 1.17106913056e-09, 4.43233921787e-10, 2.29624555481e-10, 2.86860840637e-10, 1.40898265277e-10, 7.01385755031e-11, 2.71018051751e-11, 5.72061278556e-12, 3.48622308322e-13, 5.47223704339e-14, 1.88033657113e-14, 4.07864956476e-15, 1.63260581913e-15, 8.61772855784e-16, 7.11879681976e-16]
    }
}
}