{
"metadata": {
    "version": {
        "essentia": "2.1-dev"
    }
},
"lowlevel": {
    "mfcc": {
        "mean": [-773.676940918, 93.048324585, -24.0708255768, 43.1328430176, -8.78692817688, -6.07912397385, -3.79122662544, -1.90495026112, 1.1802713871, 1.5048712492, 5.20517492294, 1.5094782114, 0.785106897354],
        "var": [8726.73046875, 1387.73840332, 1014.40692139, 456.053833008, 419.935516357, 242.267700195, 306.172210693, 191.071929932, 177.927612305, 175.461929321, 140.605758667, 124.623100281, 134.775527954]
    },
    "mfcc_bands": {
        "mean": [3.82865182473e-05, 0.000122429861221, 6.11571449554e-05, 7.42091942811e-05, 5.31340847374e-05, 3.56520540663e-05, 5.39077882422e-05, 5.11685502715e-05, 5.41626395716e-05, 3.05764879158e-05, 1.86687793757e-05, 8.24228573038e-06, 1.1489382814e-05, 1.00547040347e-05, 8.60423369886e-06, 7.19774607205e-06, 7.42107204132e-06, 7.1760141509e-06, 6.54530867905e-06, 6.17302885075e-06, 8.93658580026e-06, 8.51114236866e-06, 7.44475528336e-06, 7.5658631431e-06, 9.35283969739e-06, 9.03603540792e-06, 4.35896026829e-06, 3.5938298879e-06, 2.84618340629e-06, 2.30346313401e-06, 1.40748215927e-06, 9.23312313716e-07, 5.89602564105e-07, 3.85053226637e-07, 2.63991125848e-07, 1.31412718929e-07, 1.11634264499e-07, 8.34760029989e-08, 7.13986381129e-08, 6.04785697078e-08],
        "var": [3.75128683672e-09, 1.18761676049e-07, 3.54582745388e-08, 4.90161156108e-08, 2.33190071697e-08, 1.53331836117e-08, 1.74810228515e-08, 1.36123698979e-08, 1.85055544222e-08, 1.11324496288e-08, 3.96564869831e-09, 6.801585406e-10, 1.30018462663e-09, 1.13386711131e-09, 5.76586889345e-10, 1.00813601911e-09, 6.19002127333e-10, 5.00698815742e-10, 4.03647587577e-10, 1.89443363774e-10, 2.83066736717e-10, 3.80659753718e-10, 4.22293533475e-10, 7.68420327368e-10, 5.26179322335e-10, 5.26234167353e-10, 1.10290672428e-10, 7.89505752441e-11, 4.92708165933e-11, 2.59833300709e-11, 6.93863803219e-12, 3.44789865062e-12, 1.6803559412e-12, 6.73571224838e-13, 2.86866504943e-13, 6.0898260447e-14, 5.65684346967e-14, 3.19155204381e-14, 2.05256987893e-14, 1.38412171603e-14]
    }
}
}