{
"metadata": {
    "version": {
        "essentia": "2.1-dev"
    }
},
"lowlevel": {
    "mfcc": {
        "mean": [-734.457763672, 47.1835021973, -39.0878715515, 45.5449523926, -17.3911190033, -11.1420574188, -9.55819797516, -7.37797212601, -5.71898698807, -7.42442750931, -4.63930416107, -5.96038150787, -5.3430018425],
        "var": [9543.70800781, 1674.91760254, 1344.69250488, 682.409118652, 515.833618164, 326.902770996, 322.103118896, 185.887161255, 197.23789978, 167.761901855, 163.533416748, 141.3074646, 134.448623657]
    },
    "mfcc_bands": {
        "mean": [2.04052248591e-05, 3.77429714717e-05, 9.79025062406e-05, 7.19993477105e-05, 4.70619706903e-05, 3.875605762e-05, 4.95158456033e-05, 5.93640943407e-05, 4.10797147197e-05, 2.36964697251e-05, 2.18694058276e-05, 1.83303618542e-05, 1.66148747667e-05, 1.3764054529e-05, 1.5245659597e-05, 1.11583631224e-05, 1.14758058771e-05, 1.33123767228e-05, 1.57137656061e-05, 1.74436972884e-05, 2.2359259674e-05, 2.72230263363e-05, 2.85898240691e-05, 3.06121219182e-05, 3.59698096872e-05, 3.32912532031e-05, 2.54960159509e-05, 2.04251446121e-05, 1.59997071023e-05, 1.16973315016e-05, 8.02812883194e-06, 5.66113340028e-06, 3.5470441162e-06, 2.05829223887e-06, 1.05344531676e-06, 5.59429452096e-07, 3.69345031004e-07, 3.09470152615e-07, 2.30500248222e-07, 1.37279556611e-07],
        "var": [3.5133862486e-09, 9.53371248613e-09, 7.54044506834e-08, 2.4556696232e-08, 1.62932565217e-08, 1.0743104184e-08, 2.28538148406e-08, 3.7140207354e-08, 1.80285901763e-08, 6.67373756258e-09, 4.09700851023e-09, 3.65012486903e-09, 4.60999194374e-09, 1.35242705923e-09, 1.95791094448e-09, 1.26764732045e-09, 1.02321662254e-09, 1.20762222444e-09, 1.40290601358e-09, 2.38652053675e-09, 2.27387264573e-09, 2.90298141081e-09, 3.93385812814e-09, 3.96932708924e-09, 6.38988861823e-09, 4.61655158546e-09, 2.43050979343e-09, 1.61078428373e-09, 9.32384391916e-10, 5.99490679321e-10, 3.75829062316e-10, 1.7860365964e-10, 7.28901938807e-11, 2.56980617341e-11, 7.44115793289e-12, 2.19505923854e-12, 7.98327116219e-13, 4.59559799069e-13, 2.07764727189e-13, 7.2878721558e-14]
    }
}
}