{
"metadata": {
    "version": {
        "essentia": "2.1-dev"
    }
},
"lowlevel": {
    "mfcc": {
        "mean": [-741.546936035, 61.3567619324, -58.1310501099, 40.5816192627, -15.2834854126, -8.66416454315, -8.86413288116, -5.5284204483, 0.919723808765, -6.71126413345, -3.88350558281, -6.23144626617, -3.26840114594],
        "var": [13680.46875, 2537.60107422, 2076.9987793, 853.816101074, 755.604736328, 471.659362793, 464.273223877, 226.05809021, 238.116851807, 212.352340698, 193.256072998, 122.465332031, 139.372848511]
    },
    "mfcc_bands": {
        "mean": [4.46482408734e-05, 0.000150283347466, 0.000157931033755, 0.000117687624879, 5.83075452596e-05, 7.52713385737e-05, 0.000116017290566, 8.21360881673e-05, 6.96048737154e-05, 6.05204295425e-05, 4.41271768068e-05, 5.11033831572e-05, 3.03951455862e-05, 2.21535319724e-05, 2.40618646785e-05, 2.00044032681e-05, 2.08264646062e-05, 2.3902999601e-05, 2.75422844425e-05, 3.92208276025e-05, 3.5192224459e-05, 3.33614989358e-05, 2.65041289822e-05, 2.70391938102e-05, 2.78429761238e-05, 2.56745188381e-05, 1.86716060853e-05, 1.40148222272e-05, 9.02846022655e-06, 7.01270391801e-06, 4.40600979346e-06, 2.83868143924e-06, 1.99858322958e-06, 1.11086251309e-06, 5.72762928641e-07, 2.7653129564e-07, 1.90254581867e-07, 4.78118067804e-07, 3.31878112547e-07, 8.54255475247e-08],
        "var": [1.05965201058e-08, 2.46255268621e-07, 1.97861211859e-07, 9.08530140009e-08, 3.44797896901e-08, 5.22312930684e-08, 1.53389279944e-07, 8.43129726036e-08, 5.49008660755e-08, 3.09415533195e-08, 1.69019465091e-08, 3.12028589633e-08, 9.41285982492e-09, 8.49407477688e-09, 7.67511831867e-09, 3.88695076126e-09, 3.71261710264e-09, 5.00858865493e-09, 6.12265171895e-09, 7.42377315177e-09, 6.85039003301e-09, 4.55759385787e-09, 2.61022625736e-09, 3.07344283357e-09, 3.10464698394e-09, 1.96687954812e-09, 1.30755173355e-09, 6.92873425301e-10, 2.72895622766e-10, 1.35540995094e-10, 5.38194384891e-11, 2.84170430243e-11, 1.62560312433e-11, 5.62697241233e-12, 1.3826574434e-12, 3.35698401585e-13, 1.47825301262e-13, 1.44605475597e-12, 5.58721200816e-13, 2.2080864833e-14]
    }
}
}