{
"metadata": {
    "version": {
        "essentia": "2.1-dev"
    }
},
"lowlevel": {
    "mfcc": {
        "mean": [-720.770202637, 62.4351921082, -59.5844612122, 41.0660209656, -16.1526412964, -8.66187763214, -9.36128234863, -5.6399230957, 0.742168664932, -6.86463403702, -3.86384320259, -6.41490125656, -3.49581742287],
        "var": [14176.3945312, 2556.40917969, 2162.83422852, 853.239318848, 775.123962402, 464.042114258, 465.937438965, 226.081588745, 241.819015503, 211.898635864, 197.203079224, 122.54133606, 140.46282959]
    },
    "mfcc_bands": {
        "mean": [6.46754560876e-05, 0.000218490007683, 0.000230590856518, 0.000173215274117, 8.59938227222e-05, 0.000111206980364, 0.000171049148776, 0.000120376367704, 0.000102868143586, 8.94957993296e-05, 6.51589798508e-05, 7.50290419091e-05, 4.46265730716e-05, 3.25946130033e-05, 3.54562180291e-05, 2.95408808597e-05, 3.08521121042e-05, 3.54765616066e-05, 4.08088271797e-05, 5.8273664763e-05, 5.22635637026e-05, 4.96312713949e-05, 3.99766249757e-05, 4.03187805205e-05, 4.15873146267e-05, 3.83810984204e-05, 2.80156837107e-05, 2.1050338546e-05, 1.35295949804e-05, 1.04776672742e-05, 6.57485543343e-06, 4.24726886195e-06, 2.99178395835e-06, 1.66013364833e-06, 8.52843356824e-07, 4.12832037e-07, 2.83039099713e-07, 7.01024021055e-07, 4.91034143124e-07, 1.27607833633e-07],
        "var": [2.20665246076e-08, 5.1710213711e-07, 4.16162777128e-07, 1.91704401686e-07, 7.40656886933e-08, 1.12531395757e-07, 3.29614948669e-07, 1.77643926236e-07, 1.18650220315e-07, 6.66943549277e-08, 3.62342156279e-08, 6.57247625213e-08, 1.98243323979e-08, 1.83011081845e-08, 1.60646607128e-08, 8.19054513101e-09, 7.99033106347e-09, 1.07779936087e-08, 1.31112045665e-08, 1.62120574743e-08, 1.48033318936e-08, 9.91151960505e-09, 5.89770055015e-09, 6.58604015769e-09, 6.68250388358e-09, 4.30132329754e-09, 2.91359891769e-09, 1.56056711997e-09, 6.17460194086e-10, 3.00342362092e-10, 1.18638876501e-10, 6.21688672764e-11, 3.58854126969e-11, 1.23938238145e-11, 3.060638765e-12, 7.55119599662e-13, 3.29249675484e-13, 3.09054236196e-12, 1.22197911512e-12, 5.00478564841e-14]
    }
}
}