{
"metadata": {
    "version": {
        "essentia": "2.1-dev"
    }
},
"lowlevel": {
    "mfcc": {
        "mean": [-779.367980957, 120.547607422, -23.0368518829, 44.4782409668, -13.4400968552, -2.8914065361, -4.97777509689, -5.23164558411, -2.99068832397, -6.465508461, -5.84667301178, -5.22277212143, -5.61939620972],
        "var": [5018.10498047, 1247.92150879, 971.967834473, 342.13583374, 274.463745117, 222.513916016, 201.813949585, 128.402389526, 115.938240051, 89.7207489014, 103.340179443, 64.3690185547, 98.1004638672]
    },
    "mfcc_bands": {
        "mean": [1.04021582956e-05, 4.5387463615e-05, 7.09392115823e-05, 8.40455322759e-05, 3.68260371033e-05, 2.44152652158e-05, 3.25551591231e-05, 3.55093761755e-05, 3.4494940337e-05, 2.48354699579e-05, 1.42545432027e-05, 9.81571702141e-06, 1.68359911186e-05, 1.08698941403e-05, 6.93605352353e-06, 7.24635083316e-06, 4.34834873886e-06, 3.77335959456e-06, 4.87733677801e-06, 7.23606808606e-06, 3.37936921824e-06, 5.54290591026e-06, 4.84020347358e-06, 3.33336151925e-06, 4.54021255791e-06, 4.30379895988e-06, 2.8381946322e-06, 2.35905417867e-06, 2.04963203032e-06, 1.69530994754e-06, 1.35949517244e-06, 8.54957022511e-07, 5.0930850648e-07, 2.87379720021e-07, 1.23883566516e-07, 6.09436412446e-08, 4.04800033493e-08, 3.09820009647e-08, 2.00986907117e-08, 1.27159234253e-08],
        "var": [8.11200051576e-10, 8.70546124077e-09, 7.94381982416e-09, 2.20623519454e-08, 4.02583477666e-09, 2.56500820583e-09, 9.23184906299e-09, 1.0017805252e-08, 1.31245050383e-08, 6.13890938084e-09, 2.24828600182e-09, 1.35166000614e-09, 1.98944127838e-09, 1.1883057871e-09, 7.89874110563e-10, 9.69431535047e-10, 3.34144933944e-10, 1.20480805887e-10, 5.39458977489e-10, 3.98182820049e-10, 5.88988927075e-11, 1.93824914452e-10, 1.65886915315e-10, 6.1973731702e-11, 1.23401663887e-10, 1.09087933131e-10, 4.3713466874e-11, 3.42042158485e-11, 1.92519108294e-11, 1.33977915567e-11, 1.42472093151e-11, 5.50756835971e-12, 1.30560753181e-12, 3.68455808399e-13, 7.619844019e-14, 2.12947098377e-14, 8.91890626295e-15, 7.28846186014e-15, 2.82333699605e-15, 1.04483102231e-15]
    }
}
}