{
"metadata": {
    "version": {
        "essentia": "2.1-dev"
    }
},
"lowlevel": {
    "mfcc": {
        "mean": [-721.75012207, 73.8066253662, -15.0574493408, 56.0144119263, -16.289484024, -10.3007154465, -7.26057720184, 1.08726406097, -0.999575972557, -5.26097011566, -3.45424056053, -5.04218196869, -4.71687793732],
        "var": [10200.2900391, 1879.48730469, 1039.31970215, 563.092346191, 348.844207764, 439.709686279, 314.570648193, 307.827209473, 234.310623169, 251.189483643, 168.609146118, 148.848937988, 194.443283081]
    },
    "mfcc_bands": {
        "mean": [8.42309455038e-05, 0.000175065113581, 0.000166706435266, 0.00034397278796, 0.000108924730739, 0.000120476433949, 0.000153949702508, 0.000104384198494, 9.47444787016e-05, 9.19789308682e-05, 6.43821695121e-05, 4.61054405605e-05, 1.55341203936e-05, 2.89533636533e-05, 9.74979502644e-06, 8.89714556251e-06, 9.25895528781e-06, 7.43288501326e-06, 8.71992506291e-06, 9.51283163886e-06, 1.26095392261e-05, 1.81253199116e-05, 2.34270592046e-05, 2.28994977078e-05, 2.3221500669e-05, 2.58201107499e-05, 2.08813835343e-05, 1.89176498679e-05, 1.49596498886e-05, 1.00037805169e-05, 8.67352082423e-06, 6.68866141496e-06, 3.41286022376e-06, 1.70380576492e-06, 1.04934554201e-06, 5.77418006742e-07, 4.83595385958e-07, 3.29207693994e-07, 2.58127727193e-07, 2.26736034392e-07],
        "var": [1.75008167957e-08, 8.10860711908e-08, 3.38755853591e-07, 2.42663236349e-06, 5.00927725966e-08, 1.00897914024e-07, 1.59382466336e-07, 9.87722614809e-08, 8.0255318835e-08, 7.38924796906e-08, 2.3281474526e-08, 1.6491219057e-08, 3.84819598409e-09, 1.4309901708e-08, 2.75833755836e-09, 1.13112397226e-09, 8.74482430913e-10, 4.04016653466e-10, 5.58312562848e-10, 4.13736628291e-10, 5.91406645878e-10, 1.0726218802e-09, 1.77424286374e-09, 1.52009371757e-09, 1.53879764486e-09, 2.06319850093e-09, 1.88356286124e-09, 1.98567673415e-09, 8.70703731337e-10, 4.22262058652e-10, 2.46220432931e-10, 1.24694740644e-10, 4.17699035082e-11, 7.13691258869e-12, 3.24355147775e-12, 1.44452093516e-12, 9.80451288733e-13, 3.20987431513e-13, 1.63443802763e-13, 1.41330591436e-13]
    }
}
}