{
"metadata": {
    "version": {
        "essentia": "2.1-dev"
    }
},
"lowlevel": {
    "mfcc": {
        "mean": [-769.059631348, 94.3687133789, -26.4602680206, 49.8425064087, -8.85456180573, -6.02397823334, -17.5256004333, 1.4489222765, -4.05890130997, -4.71250152588, -8.92898654938, -8.42825603485, -8.57625770569],
        "var": [8438.64941406, 1766.36401367, 1643.74804688, 766.136291504, 871.731201172, 488.105895996, 344.213317871, 243.14982605, 157.883026123, 189.91847229, 169.598052979, 125.690582275, 124.308601379]
    },
    "mfcc_bands": {
        "mean": [6.14028904238e-05, 0.000135144990054, 0.00019114332099, 0.000111033281428, 5.44906397408e-05, 3.01989366562e-05, 4.32340675616e-05, 3.18000420521e-05, 1.82394815056e-05, 1.96657092602e-05, 1.25644728541e-05, 1.1745930351e-05, 1.26570985231e-05, 6.13943484495e-06, 5.24383358425e-06, 6.2734761741e-06, 1.01432151496e-05, 1.10213177322e-05, 1.14453987408e-05, 1.27539024106e-05, 1.44411824294e-05, 2.12893537537e-05, 1.72598211066e-05, 1.58527764142e-05, 1.70223956957e-05, 1.14339691208e-05, 6.83672351443e-06, 4.45762179879e-06, 3.3042101677e-06, 3.27545899381e-06, 1.99093915398e-06, 1.13004875857e-06, 1.00799763914e-06, 4.42155027258e-07, 1.43136759334e-07, 1.33017039161e-07, 1.35455408667e-07, 5.23183594225e-08, 4.4423810408e-08, 2.3754969547e-08],
        "var": [2.38472512848e-08, 1.60779364933e-07, 2.22808893113e-07, 4.76096673196e-08, 8.73262173684e-09, 1.94538096743e-09, 1.186914389e-08, 6.65542065903e-09, 1.88539006629e-09, 1.68838532044e-09, 1.26810573153e-09, 1.39906186636e-09, 1.15956599878e-09, 4.43056730193e-10, 3.07938091693e-10, 3.83514331403e-10, 8.54263881855e-10, 8.55134019151e-10, 9.62728674558e-10, 1.17425202895e-09, 8.87682594097e-10, 2.01239691577e-09, 2.02226635437e-09, 1.63271651754e-09, 1.65623714743e-09, 9.58173318466e-10, 3.85489473675e-10, 2.32637145658e-10, 9.39401750832e-11, 7.99181831823e-11, 2.07877673408e-11, 6.15472429966e-12, 2.90716105703e-12, 5.31374152579e-13, 1.06925834289e-13, 4.59442088595e-14, 3.8444978944e-14, 2.24290563607e-14, 2.70084281816e-14, 8.72159840821e-15]
    }
}
}