{
"metadata": {
    "version": {
        "essentia": "2.1-dev"
    }
},
"lowlevel": {
    "mfcc": {
        "mean": [-759.475036621, 129.004943848, -47.9396095276, 40.8983917236, -8.34009361267, -16.3001041412, -6.58258962631, -4.60300159454, -9.81504821777, 0.728701412678, 0.9847843647, -3.40248155594, -2.16542387009],
        "var": [10460.5830078, 1875.75256348, 1415.31079102, 817.824035645, 599.87109375, 480.336456299, 381.287689209, 285.544647217, 281.427825928, 213.59815979, 174.032699585, 168.935668945, 123.246284485]
    },
    "mfcc_bands": {
        "mean": [0.000149853352923, 0.000269943877356, 0.000159192160936, 0.000192169580259, 7.68714089645e-05, 6.21594444965e-05, 0.000279687781585, 0.000271516910288, 9.13217081688e-05, 0.000121034005133, 5.28447490069e-05, 4.98248737131e-05, 2.53757098108e-05, 2.63304045802e-05, 2.27846685448e-05, 2.85930636892e-05, 1.92573661479e-05, 1.9279323169e-05, 1.40909214679e-05, 9.7904840004e-06, 1.08159965748e-05, 1.26178993014e-05, 1.30824346343e-05, 1.73851858563e-05, 9.98505765892e-06, 1.29205718622e-05, 9.43449231272e-06, 4.64476806883e-06, 2.21700975089e-06, 1.64633036093e-06, 7.88462273249e-07, 5.06381184096e-07, 2.95386627158e-07, 1.64362532473e-07, 1.02477223152e-07, 7.29853439907e-08, 4.55826381085e-08, 3.06502556668e-08, 2.28017693615e-08, 1.41176741408e-08],
        "var": [8.9075484766e-08, 7.90243518622e-07, 3.21606705711e-07, 1.16183471732e-07, 2.87161014967e-08, 4.46202044202e-08, 2.88472790544e-07, 5.39836264579e-07, 9.46670368762e-08, 9.04137067437e-08, 3.04174676558e-08, 3.18618482709e-08, 8.29771273914e-09, 5.79341197238e-09, 4.88571805235e-09, 1.09419575622e-08, 2.87146662004e-09, 1.71434266782e-09, 1.20732990272e-09, 4.59561111388e-10, 4.71381544909e-10, 5.18175058417e-10, 4.70046113143e-10, 6.37063568565e-10, 4.58371063328e-10, 6.24303664321e-10, 3.70304148456e-10, 1.03724140388e-10, 5.3703388958e-11, 3.5025440881e-11, 7.7511495486e-12, 5.53655689003e-12, 1.53432973792e-12, 5.99451315409e-13, 1.36021307607e-13, 5.93002684175e-14, 2.16509176852e-14, 1.09567226914e-14, 6.26095202633e-15, 2.30149122043e-15]
    }
}
}