{
"metadata": {
    "version": {
        "essentia": "2.1-dev"
    }
},
"lowlevel": {
    "mfcc": {
        "mean": [-785.303710938, 25.7414913177, -43.9080123901, 49.6877098083, -16.1209220886, 2.37679982185, -4.02142190933, -3.03141021729, -4.35890388489, -2.51766300201, -2.05038499832, -4.44713497162, -4.6250834465],
        "var": [19933.3730469, 2984.70239258, 1496.49633789, 763.455810547, 471.541015625, 509.693054199, 487.297454834, 292.668701172, 225.198516846, 138.276260376, 103.354652405, 88.9556121826, 72.1033859253]
    },
    "mfcc_bands": {
        "mean": [6.97744326317e-05, 0.000126529077534, 0.000128302446683, 0.00016039275215, 2.11313235923e-05, 1.06837824205e-05, 1.3433703316e-05, 1.83622960321e-05, 8.45494741952e-06, 7.16167869541e-06, 7.5375387496e-06, 5.58969350095e-06, 5.01678778164e-06, 7.20089337847e-06, 3.80765345653e-06, 1.19411752166e-05, 7.3752262324e-06, 8.68323695613e-06, 9.96596918412e-06, 1.11018471216e-05, 1.33935582198e-05, 1.6008860257e-05, 2.28836306633e-05, 2.62721769104e-05, 2.96930338664e-05, 3.83027727366e-05, 3.24449320033e-05, 3.01918698824e-05, 2.08142173506e-05, 1.71143001353e-05, 1.53984547069e-05, 8.26510040497e-06, 5.92377682551e-06, 3.14854173666e-06, 1.9432402496e-06, 9.59475755735e-07, 4.84403301471e-07, 3.1730675687e-07, 2.12822712342e-07, 8.45527807769e-08],
        "var": [3.96144237413e-08, 1.87719251699e-07, 2.05811048204e-07, 8.80620177668e-07, 8.5805114125e-09, 7.72109487457e-10, 1.73628922351e-09, 2.80999845614e-09, 7.13096692806e-10, 4.02447575265e-10, 4.80559647631e-10, 5.04762009967e-10, 7.75823294497e-10, 2.19141246816e-10, 9.89352419434e-11, 5.02994201845e-10, 2.60590826695e-10, 3.06110636838e-10, 5.46719225447e-10, 5.14350562142e-10, 6.10242245624e-10, 1.39308131697e-09, 4.09842781934e-09, 3.5253235886e-09, 4.00031296977e-09, 9.85246106922e-09, 7.24526927343e-09, 7.44993400303e-09, 2.56660870335e-09, 1.33669919578e-09, 1.36902622572e-09, 2.44770204105e-10, 1.55306587035e-10, 2.96044508352e-11, 1.15881800683e-11, 3.01004316958e-12, 7.66330575386e-13, 3.20298773398e-13, 1.28583030183e-13, 2.28276158555e-14]
    }
}
}