{
"metadata": {
    "version": {
        "essentia": "2.1-dev"
    }
},
"lowlevel": {
    "mfcc": {
        "mean": [-765.698425293, 78.0286178589, -45.3178710938, 59.716594696, -10.3406744003, -4.80598592758, 5.31042432785, -6.44375753403, 1.47262847424, -0.346018970013, 0.0179487988353, -0.397807151079, -1.6418441534],
        "var": [11608.4160156, 1191.72619629, 818.686218262, 637.375854492, 366.312866211, 221.98085022, 203.662445068, 159.747451782, 147.685928345, 110.823272705, 109.252487183, 71.8961486816, 87.763130188]
    },
    "mfcc_bands": {
        "mean": [2.12787399505e-05, 7.71247578086e-05, 6.72359528835e-05, 3.56478631147e-05, 2.01210077648e-05, 2.85711830657e-05, 2.97920414596e-05, 2.71214721579e-05, 1.69671475305e-05, 1.2638818589e-05, 1.16606415759e-05, 6.65691231916e-06, 5.85627049077e-06, 6.8516715146e-06, 5.79353900321e-06, 8.09969333204e-06, 9.40243808145e-06, 6.03639864494e-06, 7.37401933293e-06, 7.46598425394e-06, 1.44199166243e-05, 1.2635906387e-05, 1.10885466711e-05, 1.67600519489e-05, 1.7148333427e-05, 2.10441066884e-05, 2.05972701224e-05, 1.39633866638e-05, 8.94159256859e-06, 4.57803480458e-06, 2.65787684839e-06, 1.15662817279e-06, 5.11054338403e-07, 2.465372404e-07, 1.08830896295e-07, 6.22179001653e-08, 5.17855696103e-08, 6.30365804e-08, 6.37136849946e-08, 4.10866256573e-08],
        "var": [1.60536728355e-09, 4.604221715e-08, 2.7288205473e-08, 6.30608809615e-09, 1.59426993829e-09, 5.4127755611e-09, 5.00019892158e-09, 4.87728257781e-09, 2.03918149033e-09, 7.00202840154e-10, 6.53828602371e-10, 2.48788184498e-10, 2.06795219837e-10, 2.46829084949e-10, 1.77087830511e-10, 2.17187365315e-10, 3.20022786049e-10, 1.76079179015e-10, 1.69644534531e-10, 2.22578441789e-10, 8.74309291632e-10, 4.62742455465e-10, 3.958705308e-10, 9.43423117405e-10, 9.86385084722e-10, 1.30105093366e-09, 1.3321772574e-09, 7.19730941512e-10, 2.69054806212e-10, 7.73387187625e-11, 2.33707168201e-11, 3.71919899392e-12, 9.26687871404e-13, 2.88366363123e-13, 7.49768560497e-14, 2.14764763319e-14, 1.25331704379e-14, 2.7949661357e-14, 3.32969125904e-14, 1.92679514244e-14]
    }
}
}