{
"metadata": {
    "version": {
        "essentia": "2.1-dev"
    }
},
"lowlevel": {
    "mfcc": {
        "mean": [-782.349243164, 53.0896339417, -68.6261138916, 52.9128456116, 3.23820543289, -10.1319904327, -6.70642089844, 7.48532390594, -1.37563657761, -1.43828332424, -1.76189696789, 3.93514084816, 6.45283412933],
        "var": [10045.6083984, 2119.47460938, 1628.40759277, 697.889282227, 462.384338379, 381.011413574, 364.469024658, 307.124511719, 227.825241089, 204.147399902, 253.141220093, 173.066558838, 227.867630005]
    },
    "mfcc_bands": {
        "mean": [2.53456692008e-05, 1.04357050077e-05, 6.5584231379e-06, 6.39886866338e-06, 6.72557234793e-06, 4.51624464404e-06, 8.37858988234e-06, 1.18680436572e-05, 7.68341851654e-06, 4.98585450259e-06, 6.01266719968e-06, 8.90756291483e-06, 8.26822360978e-06, 8.51865297591e-06, 5.50699269297e-06, 7.23491666577e-06, 9.76629326033e-06, 1.1928573258e-05, 1.7812662918e-05, 2.39227993006e-05, 3.50072405126e-05, 5.26204385096e-05, 4.86380158691e-05, 3.43644023815e-05, 4.14470923715e-05, 3.46680935763e-05, 1.53842429427e-05, 7.2508496487e-06, 4.86433282276e-06, 3.59767204827e-06, 2.4477333227e-06, 1.8768296286e-06, 1.18487344025e-06, 6.27337385595e-07, 4.61899787751e-07, 1.70831214064e-07, 9.46716411931e-08, 7.78182496219e-08, 6.33141539197e-08, 4.83423541198e-08],
        "var": [7.89920295841e-10, 3.32234850742e-10, 1.29711241748e-10, 1.34869448942e-10, 1.15599883832e-10, 7.77970535215e-11, 3.53406193199e-10, 6.21688200919e-10, 4.21951057428e-10, 1.77684811309e-10, 2.32958208279e-10, 8.0202899877e-10, 2.48613130083e-10, 4.39481284698e-10, 2.91723978307e-10, 4.54139531536e-10, 7.23458404295e-10, 8.95231611064e-10, 1.81426584867e-09, 2.09981165789e-09, 4.45555592421e-09, 7.06789160532e-09, 5.50680434586e-09, 3.4388965009e-09, 5.00339636389e-09, 5.0939905627e-09, 1.04465702755e-09, 2.71198619117e-10, 1.58331014966e-10, 1.08382712527e-10, 4.02224850649e-11, 2.26309023604e-11, 1.03160899961e-11, 2.425996036e-12, 1.34562640978e-12, 1.99526254351e-13, 4.78727571907e-14, 5.33275782203e-14, 4.04343882866e-14, 1.91900498042e-14]
    }
}
}