{
"metadata": {
    "version": {
        "essentia": "2.1-dev"
    }
},
"lowlevel": {
    "mfcc": {
        "mean": [-673.836120605, 108.542175293, -63.7221107483, 69.0402832031, -4.60384607315, -8.79256248474, -5.71705722809, 0.0189565531909, -4.81364202499, -1.63469588757, -4.83776426315, -4.91859912872, -6.53528308868],
        "var": [2721.38867188, 1376.66625977, 943.326293945, 551.695983887, 482.538604736, 291.341918945, 285.61138916, 233.148544312, 140.828430176, 136.087493896, 130.277999878, 95.3632278442, 111.545074463]
    },
    "mfcc_bands": {
        "mean": [6.57941200188e-05, 0.00020093821513, 0.000315465847962, 0.000223828610615, 0.000119730815641, 9.01547537069e-05, 8.57903869473e-05, 0.000116650720884, 0.000113417991088, 5.05288371642e-05, 4.29147330578e-05, 3.43136816809e-05, 2.52142344834e-05, 2.18573077291e-05, 2.34609979088e-05, 2.92050535791e-05, 3.17059311783e-05, 3.90993627661e-05, 5.06899850734e-05, 4.96185894008e-05, 6.53401002637e-05, 0.000104338490928, 0.000122992918477, 9.52247501118e-05, 7.8236880654e-05, 7.92515857029e-05, 6.13054289715e-05, 3.07698246615e-05, 1.42240523928e-05, 1.39053781822e-05, 6.43176235826e-06, 3.14504518428e-06, 1.95760617316e-06, 1.01433352029e-06, 4.06387215435e-07, 2.47526514841e-07, 2.39061051843e-07, 2.18828816401e-07, 1.31197211317e-07, 6.52389573474e-08],
        "var": [1.19994565395e-08, 7.8904072609e-08, 2.08932789292e-07, 1.74109473505e-07, 2.58676973175e-08, 3.20200719273e-08, 4.61721931799e-08, 6.99742344068e-08, 5.62323485553e-08, 1.53812820258e-08, 1.13668940926e-08, 9.75940217529e-09, 5.63918822749e-09, 4.3994017318e-09, 4.53929605015e-09, 5.15944398316e-09, 3.95149468702e-09, 5.9883258352e-09, 1.02489927656e-08, 1.04967794456e-08, 9.48490619379e-09, 2.143912603e-08, 3.48208573087e-08, 2.70302766836e-08, 1.64733062746e-08, 1.57092134856e-08, 1.41488101235e-08, 5.40838218654e-09, 8.45863989962e-10, 9.76310698952e-10, 2.14708945068e-10, 4.85815970785e-11, 2.44270714767e-11, 5.86199882038e-12, 1.25501865844e-12, 1.18719443998e-12, 1.45782203583e-12, 1.7053914704e-12, 6.25204911713e-13, 1.43408424242e-13]
    }
}
}