{
"metadata": {
    "version": {
        "essentia": "2.1-dev"
    }
},
"lowlevel": {
    "mfcc": {
        "mean": [-783.195983887, 92.0519866943, -49.2379798889, 55.2803421021, -36.447479248, -5.87727928162, -7.73972988129, -7.67328262329, -8.60039329529, -2.16612458229, -8.4042673111, -5.09792041779, -4.72000455856],
        "var": [5586.66113281, 1517.80688477, 1506.74072266, 777.814331055, 734.045166016, 432.299865723, 458.469970703, 365.711303711, 208.424880981, 230.349456787, 158.726486206, 118.960510254, 128.064971924]
    },
    "mfcc_bands": {
        "mean": [3.35529839504e-05, 0.000117452531413, 0.000107838684926, 6.74217226333e-05, 2.85638579953e-05, 3.22514824802e-05, 5.83629080211e-05, 4.44135257567e-05, 4.14388487116e-05, 2.36656433117e-05, 2.22901071538e-05, 1.81911036634e-05, 1.00178203866e-05, 9.25568474486e-06, 8.16600095277e-06, 7.34414334147e-06, 6.75847104503e-06, 5.95574374529e-06, 5.01592103319e-06, 4.52646736449e-06, 5.59707132197e-06, 6.62480488245e-06, 4.54426390206e-06, 6.72189798934e-06, 1.43179531733e-05, 1.90287428268e-05, 1.30635835376e-05, 8.2955311882e-06, 6.41572114546e-06, 4.35835499957e-06, 2.31210492529e-06, 1.1358441725e-06, 5.14982161803e-07, 2.30906579191e-07, 9.80467262934e-08, 3.88116170313e-08, 1.79067285444e-08, 1.02459827289e-08, 4.14009848626e-09, 1.01667348151e-10],
        "var": [1.04227053654e-08, 2.21563738023e-07, 2.21433040792e-07, 5.42279110505e-08, 4.23759916046e-09, 7.77597719548e-09, 1.74310077483e-08, 1.12214220138e-08, 1.13337081942e-08, 3.6971228301e-09, 3.32095884126e-09, 2.0346782037e-09, 7.18832826596e-10, 5.63878166382e-10, 5.27143717566e-10, 3.79866360589e-10, 3.61335683596e-10, 2.46116405034e-10, 2.04363762024e-10, 8.76208827716e-11, 9.83603407056e-11, 1.93876706356e-10, 1.14945532259e-10, 2.69310629353e-10, 9.66723145979e-10, 1.59936230926e-09, 5.94104043738e-10, 2.16534165598e-10, 1.54544710362e-10, 7.21655027403e-11, 2.0813718804e-11, 8.53331207779e-12, 1.80630749073e-12, 3.37179990959e-13, 5.88131567102e-14, 8.43552150061e-15, 1.24674345402e-15, 4.56987456994e-16, 8.00467840375e-17, 4.8898113058e-20]
    }
}
}