{
"metadata": {
    "version": {
        "essentia": "2.1-dev"
    }
},
"lowlevel": {
    "mfcc": {
        "mean": [-723.640869141, 93.1804656982, -36.6957931519, 45.2057113647, -22.8321895599, -10.2205257416, -10.7260570526, -3.28987979889, -3.34460568428, -5.7307972908, -5.00713968277, -1.50507318974, 0.183882161975],
        "var": [6918.58300781, 2127.91064453, 1071.78710938, 659.954528809, 469.652008057, 321.61831665, 321.310241699, 203.900253296, 179.417877197, 156.468292236, 146.229629517, 111.74596405, 114.042541504]
    },
    "mfcc_bands": {
        "mean": [9.09590889933e-05, 0.000128443236463, 0.000151476197061, 0.000110161818156, 8.88777794898e-05, 0.00015356761287, 0.000182209230843, 0.000100705452496, 0.000123645790154, 5.34616156074e-05, 4.42274649686e-05, 2.79516989394e-05, 2.00595077331e-05, 2.13420444197e-05, 1.6738922568e-05, 1.42083617902e-05, 1.00991346699e-05, 1.19654496302e-05, 1.35136224344e-05, 1.46243219206e-05, 1.75064888026e-05, 1.97021854547e-05, 2.20869223995e-05, 1.72514392034e-05, 1.6987327399e-05, 2.00390295504e-05, 1.45037920447e-05, 1.06463521661e-05, 9.45287956711e-06, 7.13812141839e-06, 5.16599766343e-06, 3.01059981211e-06, 1.78409231921e-06, 9.71812028183e-07, 4.07501346444e-07, 2.43722723781e-07, 1.59084564189e-07, 1.27895930291e-07, 1.09966805439e-07, 7.03307563299e-08],
        "var": [2.62624979541e-08, 7.84686022826e-08, 1.11058021446e-07, 4.73245442834e-08, 5.19694260959e-08, 1.43274903053e-07, 3.1813360124e-07, 8.63676277163e-08, 1.37704390113e-07, 2.68370072831e-08, 2.26462653075e-08, 8.65752980417e-09, 3.7226710603e-09, 3.58100349374e-09, 2.60640242722e-09, 1.81707227043e-09, 9.64431534634e-10, 7.98573207561e-10, 9.89195614309e-10, 1.15908527221e-09, 1.25121302208e-09, 1.38993916377e-09, 1.44187939366e-09, 9.60735491162e-10, 1.84540238646e-09, 1.83703707801e-09, 1.10215536697e-09, 4.54244253323e-10, 4.05264821701e-10, 2.46803966153e-10, 1.41165010237e-10, 4.31036595305e-11, 1.66786688627e-11, 4.8121038404e-12, 6.64912244187e-13, 3.16579607581e-13, 1.13140589562e-13, 6.8678244515e-14, 6.71541340873e-14, 3.37115216656e-14]
    }
}
}