{
"metadata": {
    "version": {
        "essentia": "2.1-dev"
    }
},
"lowlevel": {
    "mfcc": {
        "mean": [-769.587158203, 67.458366394, -37.0689163208, 55.4376907349, -17.8719081879, -2.22872233391, -4.30680704117, -2.88610219955, -2.07846450806, -0.079598903656, -5.89021015167, -5.00837135315, -3.38531136513],
        "var": [9053.27441406, 1789.50915527, 1128.19641113, 846.501403809, 678.779052734, 390.508178711, 404.44833374, 319.960998535, 251.167495728, 216.249084473, 187.087127686, 162.356048584, 195.545303345]
    },
    "mfcc_bands": {
        "mean": [4.26771875937e-05, 4.15847971453e-05, 4.57976129837e-05, 8.65002220962e-05, 6.86579151079e-05, 1.85569388123e-05, 1.94516105694e-05, 2.42551541305e-05, 2.35598563449e-05, 2.14578394662e-05, 2.09232457564e-05, 1.73679745785e-05, 1.27824005176e-05, 7.45062470742e-06, 5.33591310159e-06, 5.83245582675e-06, 1.07454698082e-05, 6.23735422778e-06, 7.05218462826e-06, 1.22258161355e-05, 1.22158025988e-05, 1.33514586196e-05, 1.7066278815e-05, 2.17975393753e-05, 2.86272279482e-05, 2.98327813653e-05, 2.48010346695e-05, 2.09345289477e-05, 1.50078312799e-05, 1.01922605609e-05, 4.93840389026e-06, 2.75159800367e-06, 1.41473390158e-06, 7.7779327512e-07, 3.99191861788e-07, 2.12032887248e-07, 1.29755207467e-07, 8.39297484845e-08, 6.61480470399e-08, 4.7111711865e-08],
        "var": [6.49895026683e-09, 2.05799821629e-08, 1.89986213428e-08, 9.95795730319e-08, 6.50912355127e-08, 1.24438159776e-09, 2.0672026313e-09, 4.41912284543e-09, 5.14414466579e-09, 5.66701485738e-09, 3.85508469591e-09, 2.9430151649e-09, 2.03399852516e-09, 5.16335585399e-10, 2.30478081065e-10, 3.18893050855e-10, 6.115155049e-10, 3.16007719992e-10, 4.13260092813e-10, 1.35608446694e-09, 8.55586657078e-10, 1.33072153297e-09, 2.36502550877e-09, 4.3119556814e-09, 7.58889395769e-09, 9.24177001593e-09, 6.63297594627e-09, 4.32542135442e-09, 2.04310079965e-09, 7.48886619384e-10, 2.2891122331e-10, 6.37385075275e-11, 1.1439959223e-11, 2.80930834151e-12, 6.94401675917e-13, 2.1789010483e-13, 9.3547457107e-14, 4.17461746595e-14, 2.86564561414e-14, 1.58592756982e-14]
    }
}
}