{
"metadata": {
    "version": {
        "essentia": "2.1-dev"
    }
},
"lowlevel": {
    "mfcc": {
        "mean": [-748.211303711, 64.6405487061, -34.2203636169, 49.1744003296, -21.0205421448, -0.468467563391, -2.28490924835, -0.480035722256, -5.07339477539, -5.08426141739, -5.53822231293, -4.24390459061, -3.53457474709],
        "var": [14589.6445312, 1809.95251465, 1296.57580566, 980.640319824, 569.031738281, 422.283905029, 341.379333496, 279.204956055, 217.101898193, 186.26361084, 144.560195923, 143.105438232, 93.7811431885]
    },
    "mfcc_bands": {
        "mean": [2.61960867647e-05, 6.53340612189e-05, 7.93726576376e-05, 8.47175324452e-05, 6.41951337457e-05, 5.08687226102e-05, 2.13611419895e-05, 2.76616992778e-05, 4.51653831988e-05, 3.78541844839e-05, 2.13607836486e-05, 2.86181748379e-05, 2.83871213469e-05, 1.53069031512e-05, 1.2621917449e-05, 9.79464493867e-06, 1.15211914817e-05, 1.00643374026e-05, 1.05088420241e-05, 1.27322709886e-05, 1.56056048581e-05, 1.9782120944e-05, 2.53283160419e-05, 2.47150128416e-05, 2.64820719167e-05, 3.09235401801e-05, 2.64007721853e-05, 2.61492859863e-05, 2.46324998443e-05, 1.30632170112e-05, 7.58733267503e-06, 4.9805139497e-06, 3.31181377078e-06, 1.81568145763e-06, 7.55683686293e-07, 3.98424134573e-07, 2.24927347858e-07, 1.41089557815e-07, 1.61848959124e-07, 8.66452438686e-08],
        "var": [2.36929964537e-09, 2.50968259508e-08, 4.15848191437e-08, 5.79954182456e-08, 1.83579160762e-08, 1.45643568317e-08, 3.03823877168e-09, 6.66578880981e-09, 1.73002572268e-08, 1.51881565102e-08, 5.59308155346e-09, 7.24514537254e-09, 6.92569068761e-09, 2.1092689817e-09, 1.44595235785e-09, 8.24091073159e-10, 9.46260292345e-10, 5.57787482869e-10, 5.95229476819e-10, 9.57997681184e-10, 9.97127713731e-10, 1.27450139331e-09, 2.66308108898e-09, 2.52107290599e-09, 3.19707238461e-09, 4.61020155385e-09, 3.38854810877e-09, 2.99119018443e-09, 2.84872658796e-09, 8.72912464533e-10, 2.52351278762e-10, 1.1138667072e-10, 4.16934577141e-11, 1.16623238844e-11, 2.07268382145e-12, 5.27514772315e-13, 1.89686740165e-13, 6.96113224572e-14, 1.00771401315e-13, 2.91081822003e-14]
    }
}
}