{
"metadata": {
    "version": {
        "essentia": "2.1-dev"
    }
},
"lowlevel": {
    "mfcc": {
        "mean": [-747.92199707, 88.747467041, -54.6132926941, 42.0036697388, -1.19134926796, 10.5670976639, 3.19567608833, 0.638713777065, 6.77912044525, -0.424364954233, -0.00401017395779, -6.39538478851, -7.69376277924],
        "var": [9568.46386719, 1231.51403809, 1461.94445801, 667.489074707, 700.248413086, 381.009979248, 421.023742676, 285.051452637, 212.380325317, 194.819442749, 115.132286072, 139.035232544, 108.11566925]
    },
    "mfcc_bands": {
        "mean": [3.41377890436e-05, 0.000233063052292, 0.000222083588596, 0.00014149202616, 5.17172011314e-05, 3.95764909626e-05, 6.37201374047e-05, 3.33739917551e-05, 3.01917971228e-05, 5.96314530412e-05, 4.38819515693e-05, 2.38955599343e-05, 1.69584072864e-05, 1.18852412925e-05, 1.25374126583e-05, 1.42717763083e-05, 2.36464293266e-05, 2.80814201687e-05, 1.55083089339e-05, 1.52981756401e-05, 1.86759061762e-05, 2.93757639156e-05, 1.66167883435e-05, 1.16206665552e-05, 1.10315231723e-05, 9.88169540506e-06, 7.20771004126e-06, 6.38024266664e-06, 4.77184676129e-06, 3.01708064399e-06, 1.89703359865e-06, 1.14696183573e-06, 5.54313942303e-07, 2.49435828437e-07, 1.15547457824e-07, 6.72456152984e-08, 4.46089210016e-08, 3.58931266931e-08, 3.17450385978e-08, 2.42929125704e-08],
        "var": [2.49974596578e-09, 1.089374706e-07, 2.28342457831e-07, 2.90841796868e-07, 1.70174185854e-08, 1.36823192776e-08, 8.47410746019e-08, 1.36475284407e-08, 1.09661586478e-08, 4.44435954705e-08, 1.20710987872e-08, 3.23931503843e-09, 1.90225013519e-09, 6.23156748425e-10, 6.95018986807e-10, 7.44854067314e-10, 1.24038224136e-09, 2.35293362572e-09, 5.92759119566e-10, 6.72487732167e-10, 1.64102598177e-09, 5.66803626256e-09, 7.90335186185e-10, 3.31409094612e-10, 2.51473231128e-10, 2.78116224495e-10, 1.6531620517e-10, 2.17266094005e-10, 7.37146593766e-11, 2.52664920236e-11, 9.4556636826e-12, 3.52508105171e-12, 8.51514496934e-13, 2.19248135814e-13, 4.59249168371e-14, 1.74318347165e-14, 8.29009441389e-15, 5.31489542183e-15, 4.0872939595e-15, 2.07841916454e-15]
    }
}
}