{
"metadata": {
    "version": {
        "essentia": "2.1-dev"
    }
},
"lowlevel": {
    "mfcc": {
        "mean": [-741.950317383, 86.8171081543, -56.5975990295, 46.2285385132, 3.16667890549, -10.8409328461, -7.70246696472, -4.73432207108, -14.5275783539, -1.59204339981, -1.6813634634, -8.89001846313, -3.5105946064],
        "var": [8612.59570312, 2427.50048828, 2201.29858398, 912.612487793, 874.751464844, 730.523498535, 442.529266357, 389.228668213, 239.722518921, 251.627944946, 194.8409729, 148.007766724, 201.788375854]
    },
    "mfcc_bands": {
        "mean": [7.65813310863e-05, 0.000207831384614, 0.00011860622908, 0.000115353534056, 0.000124237485579, 6.94471309544e-05, 5.15135834576e-05, 6.53457609587e-05, 4.81032438984e-05, 3.14642202284e-05, 2.03290637728e-05, 1.55926809384e-05, 1.4542619283e-05, 1.25166770886e-05, 1.35706968649e-05, 1.90210903384e-05, 3.74963237846e-05, 2.47049156314e-05, 2.34291856032e-05, 2.60975320998e-05, 3.04957666231e-05, 5.57412058697e-05, 6.70093941153e-05, 4.4002350478e-05, 4.1475330363e-05, 4.82368450321e-05, 4.33173554484e-05, 2.40502158704e-05, 6.60154955767e-06, 3.53322934643e-06, 2.52512768384e-06, 1.55116504175e-06, 1.035176183e-06, 7.82468646321e-07, 3.52939139248e-07, 2.10658342326e-07, 2.37803732261e-07, 2.19435349891e-07, 1.5429219502e-07, 9.20144742622e-08],
        "var": [1.06630109187e-08, 1.82063601528e-07, 9.40860118703e-08, 1.13523270784e-07, 1.42992462315e-07, 3.60202783156e-08, 1.27655113147e-08, 2.37232509193e-08, 1.71495795342e-08, 1.53432466732e-08, 3.89658971756e-09, 2.16821005594e-09, 1.2306224928e-09, 2.26721819097e-09, 1.56448509703e-09, 1.81129566901e-09, 3.9875076574e-09, 3.11450665258e-09, 2.73575850862e-09, 2.95658852956e-09, 3.60271634747e-09, 1.23129320073e-08, 1.31569315442e-08, 6.09719741362e-09, 5.31060662112e-09, 8.8443519175e-09, 8.51496118059e-09, 3.77985331923e-09, 2.76212469563e-10, 8.62518667599e-11, 4.50054819801e-11, 1.55545906017e-11, 1.03542105445e-11, 4.91522577847e-12, 9.7527422336e-13, 5.46487714023e-13, 7.8146419457e-13, 1.01396744733e-12, 4.9994416159e-13, 1.55436956167e-13]
    }
}
}