{
"metadata": {
    "version": {
        "essentia": "2.1-dev"
    }
},
"lowlevel": {
    "mfcc": {
        "mean": [-723.217712402, 97.1585235596, -58.5307312012, 52.8437347412, -22.1747436523, -1.86616718769, 0.804969727993, -4.37730360031, 4.99747657776, -2.48154377937, -4.22902536392, -0.0213515795767, -1.49080252647],
        "var": [1764.30078125, 882.631164551, 574.677978516, 275.946716309, 230.957046509, 182.65486145, 178.156570435, 151.664321899, 122.470733643, 83.9184875488, 85.0113983154, 96.3559188843, 74.7579727173]
    },
    "mfcc_bands": {
        "mean": [3.0967676139e-05, 5.13648410561e-05, 6.79256190779e-05, 5.03566225234e-05, 4.04939346481e-05, 2.94133787975e-05, 3.59208643204e-05, 5.52863602934e-05, 3.74240298697e-05, 2.2755964892e-05, 2.34835424635e-05, 1.41681512105e-05, 1.05725193862e-05, 7.3591668297e-06, 7.64203014114e-06, 9.31203521759e-06, 7.9777018982e-06, 7.66374614614e-06, 7.12718929208e-06, 9.55413634074e-06, 1.16859819173e-05, 1.12296511361e-05, 8.74949819263e-06, 9.4489496405e-06, 1.11584531624e-05, 1.35169993882e-05, 1.05862163764e-05, 7.71108534536e-06, 6.22914240012e-06, 5.10419022248e-06, 2.64454183707e-06, 8.97816164525e-07, 5.63192372738e-07, 2.83054220063e-07, 1.18882908851e-07, 5.99216676278e-08, 3.4916457281e-08, 2.979839131e-08, 2.78016614175e-08, 1.84261725877e-08],
        "var": [1.80452697229e-09, 8.22465029415e-09, 1.90681053169e-08, 8.53780246501e-09, 1.19477032712e-08, 6.68155841765e-09, 7.72909736213e-09, 1.73644334467e-08, 1.21829923927e-08, 3.86566600952e-09, 2.48580245277e-09, 9.04511465727e-10, 3.02502911609e-10, 2.16304557599e-10, 1.55361973286e-10, 1.99664423883e-10, 1.81119078069e-10, 1.19072848803e-10, 1.20478904631e-10, 1.85803997188e-10, 1.3739999416e-10, 1.09823733441e-10, 1.07533752736e-10, 1.15757112229e-10, 2.18455184497e-10, 3.26117105542e-10, 2.08431036319e-10, 1.04418453051e-10, 4.75099959374e-11, 2.57012900545e-11, 1.46073500518e-11, 1.90503949421e-12, 7.8711375525e-13, 2.17744388058e-13, 3.86703371419e-14, 9.93171118128e-15, 4.87004303529e-15, 5.34733678371e-15, 4.41925718296e-15, 1.97252543482e-15]
    }
}
}