{
"metadata": {
    "version": {
        "essentia": "2.1-dev"
    }
},
"lowlevel": {
    "mfcc": {
        "mean": [-754.738586426, 97.1191482544, -57.7195701599, 47.2414703369, -16.0613861084, -10.1847267151, -0.60948330164, -13.7453365326, -12.4696588516, -15.5500621796, -9.33713054657, -4.87521600723, -3.55887436867],
        "var": [6753.75878906, 1277.09899902, 959.341796875, 540.277038574, 418.398376465, 308.24822998, 232.284484863, 153.182723999, 144.767028809, 144.812179565, 95.78074646, 94.9795837402, 86.319480896]
    },
    "mfcc_bands": {
        "mean": [2.02572900889e-05, 6.74999173498e-05, 0.00012253485329, 0.000168276674231, 8.78161372384e-05, 8.90547598829e-05, 8.95875782589e-05, 4.26491023973e-05, 2.79123032669e-05, 2.49920631177e-05, 2.62321500486e-05, 1.74999331648e-05, 1.25234410007e-05, 1.51232134158e-05, 1.18739817481e-05, 9.91963497654e-06, 7.74612635723e-06, 6.77054231346e-06, 7.70581846155e-06, 8.9940322141e-06, 1.00384677353e-05, 1.17894624054e-05, 1.41585751408e-05, 1.53574910655e-05, 1.45012845678e-05, 1.50438581841e-05, 1.39427284012e-05, 1.13317883006e-05, 7.10487847755e-06, 3.5138846215e-06, 1.8996071276e-06, 9.67121195572e-07, 4.36989381569e-07, 2.30193649031e-07, 8.82065691599e-08, 5.80177683673e-08, 3.96276789161e-08, 2.42363853431e-08, 2.65970960811e-08, 2.28912053757e-08],
        "var": [5.49088641222e-09, 6.38502797301e-08, 1.47029894038e-07, 2.20568409759e-07, 6.36955164168e-08, 5.06635444708e-08, 7.17088113333e-08, 1.81413799538e-08, 7.42863903724e-09, 5.81985348802e-09, 7.86237652761e-09, 5.62808910587e-09, 1.59890289897e-09, 1.74457048807e-09, 8.71894167975e-10, 6.10262451683e-10, 5.40612166144e-10, 3.55398210861e-10, 3.98384936151e-10, 5.55605950137e-10, 4.19580370448e-10, 4.8435300215e-10, 7.28839433251e-10, 8.87628581747e-10, 6.4562555302e-10, 7.57006402008e-10, 6.24767904078e-10, 3.93664378873e-10, 2.0427100289e-10, 4.74316592947e-11, 1.52227380007e-11, 3.48249207249e-12, 7.49328387967e-13, 2.58214158605e-13, 3.18695502659e-14, 1.09596381788e-14, 4.47440283948e-15, 1.67588200296e-15, 2.04578425564e-15, 1.52892506886e-15]
    }
}
}