{
"metadata": {
    "version": {
        "essentia": "2.1-dev"
    }
},
"lowlevel": {
    "mfcc": {
        "mean": [-765.618835449, 52.3721160889, -78.8773727417, 50.4865112305, -13.319401741, -7.06655597687, -11.6656141281, -5.88541793823, -7.64860916138, -9.22749710083, -5.49218511581, -10.1481199265, -8.47601795197],
        "var": [11253.2910156, 1338.86767578, 1147.21765137, 702.368530273, 480.329101562, 265.141845703, 371.583618164, 227.879226685, 212.341186523, 213.803726196, 149.510543823, 110.20539093, 114.496749878]
    },
    "mfcc_bands": {
        "mean": [1.42290782605e-05, 3.48030262103e-05, 0.000112568101031, 0.000109601925942, 2.71393237199e-05, 2.14569263335e-05, 1.4853664652e-05, 2.27905202337e-05, 1.72149739228e-05, 1.12438747237e-05, 1.20378290376e-05, 1.48355775309e-05, 6.53974257148e-06, 9.16213230084e-06, 7.7050199252e-06, 1.09538668767e-05, 1.41535992952e-05, 1.61242496688e-05, 2.67825616902e-05, 3.55165720975e-05, 3.03907963826e-05, 3.70061134163e-05, 4.65642406198e-05, 7.66898447182e-05, 4.71499515697e-05, 3.39274120051e-05, 2.72591460089e-05, 2.01894963539e-05, 1.17710924314e-05, 9.61170462688e-06, 7.30280407879e-06, 3.4377785596e-06, 1.65568155808e-06, 6.82420818521e-07, 2.50742289154e-07, 1.1978987402e-07, 6.75935893923e-08, 5.55538335334e-08, 3.59525316185e-08, 1.872018629e-08],
        "var": [3.51334139559e-09, 2.53505962888e-08, 1.69293443264e-07, 1.66932309753e-07, 7.45458983431e-09, 4.69141880899e-09, 1.67040736798e-09, 7.39106642555e-09, 5.80880721301e-09, 1.70773739594e-09, 1.70979186365e-09, 4.91146989745e-09, 4.35164904111e-10, 1.66300428983e-09, 5.47843215237e-10, 9.59225032737e-10, 8.6984169867e-10, 1.21071364045e-09, 3.07717717973e-09, 4.77410555533e-09, 2.1934061234e-09, 4.75231232144e-09, 7.18111436981e-09, 2.14063611281e-08, 6.35702424034e-09, 2.28792007562e-09, 1.90624138696e-09, 1.30326904824e-09, 3.66774416394e-10, 2.55864079923e-10, 1.84635376432e-10, 3.95825872079e-11, 9.53982986357e-12, 1.33406209257e-12, 1.82541224432e-13, 4.63594718441e-14, 1.36284323196e-14, 1.02290273691e-14, 4.53698713933e-15, 1.49253399235e-15]
    }
}
}