{
"metadata": {
    "version": {
        "essentia": "2.1-dev"
    }
},
"lowlevel": {
    "mfcc": {
        "mean": [-748.67364502, 64.0869903564, -48.8073272705, 65.5648956299, -5.76362943649, -10.9977216721, 1.22229135036, -1.19513690472, -2.49680376053, -2.77534985542, -5.9724111557, -3.77108502388, -3.62494182587],
        "var": [10415.6552734, 1855.42016602, 1387.00427246, 562.95715332, 454.022613525, 307.325012207, 235.534683228, 185.843170166, 155.98500061, 122.972190857, 118.389564514, 94.7622756958, 94.3442001343]
    },
    "mfcc_bands": {
        "mean": [1.67072848853e-05, 5.34172068001e-05, 9.3639086117e-05, 8.69380673976e-05, 4.1690596845e-05, 2.13591956708e-05, 2.29809993471e-05, 2.26481424761e-05, 1.6155456251e-05, 1.54343670147e-05, 1.09072234409e-05, 8.90878891369e-06, 8.39260792418e-06, 5.59516456633e-06, 5.31906516699e-06, 5.01573777001e-06, 5.28671898792e-06, 5.21108768226e-06, 1.07711121018e-05, 2.01916154765e-05, 1.88100893865e-05, 2.49783970503e-05, 3.16802943416e-05, 3.86735700886e-05, 4.48842729384e-05, 4.22387638537e-05, 2.61667428276e-05, 2.5788340281e-05, 1.81651757885e-05, 8.13531823951e-06, 3.48519506588e-06, 2.15024692807e-06, 1.2066701629e-06, 5.51521452508e-07, 2.45126557274e-07, 1.29320156361e-07, 1.10052226887e-07, 9.60772013059e-08, 2.21842313408e-07, 3.66264920615e-08],
        "var": [7.95513765972e-10, 9.49262535244e-09, 3.64115315676e-08, 2.09347792435e-08, 6.38739727776e-09, 3.11087267058e-09, 2.88604384835e-09, 3.02802849461e-09, 1.6742599529e-09, 1.57410429136e-09, 1.36201316892e-09, 1.16720444421e-09, 7.32323590658e-10, 3.46015771591e-10, 2.90104912315e-10, 1.51303233831e-10, 1.54343829384e-10, 1.53930646007e-10, 6.3912519721e-10, 1.95659399793e-09, 1.55502932753e-09, 3.34250360723e-09, 2.7328308505e-09, 4.42269909584e-09, 4.08535472118e-09, 3.71837427515e-09, 1.45229173132e-09, 1.50925305586e-09, 8.50980341749e-10, 2.06755140786e-10, 3.7524906793e-11, 2.00051936822e-11, 5.39487204909e-12, 1.0071265653e-12, 1.77851331752e-13, 4.24758698266e-14, 2.92140714831e-14, 2.15905530352e-14, 2.81488835062e-13, 3.99172365558e-15]
    }
}
}