{
"metadata": {
    "version": {
        "essentia": "2.1-dev"
    }
},
"lowlevel": {
    "mfcc": {
        "mean": [-776.558776855, 61.7242965698, -24.4324188232, 58.2520523071, -20.641040802, -17.3959770203, -2.21979761124, -3.12697815895, -5.51042795181, -0.503032565117, -7.61418294907, 0.408207774162, -1.09859764576],
        "var": [7502.18310547, 2191.49462891, 1045.1340332, 567.408203125, 413.687530518, 380.399353027, 303.081329346, 220.136047363, 209.77331543, 181.448196411, 138.969772339, 119.081680298, 120.231254578]
    },
    "mfcc_bands": {
        "mean": [1.90230857697e-05, 4.18717318098e-05, 2.46330255322e-05, 2.72981051239e-05, 5.69981493754e-05, 2.88406790787e-05, 2.14890169445e-05, 1.82563362614e-05, 1.47912269313e-05, 1.3601667888e-05, 1.2998364582e-05, 7.61492765378e-06, 5.44658223589e-06, 5.01548083776e-06, 4.80226799482e-06, 3.22240884998e-06, 2.13214048017e-06, 2.20782317228e-06, 3.44398722518e-06, 4.09526728617e-06, 3.49438005287e-06, 4.69411043014e-06, 9.78654406936e-06, 9.43501891015e-06, 6.69213522997e-06, 1.08815092972e-05, 1.49742600115e-05, 1.01118339444e-05, 5.47972604181e-06, 3.15041370413e-06, 3.02104399452e-06, 1.70271232491e-06, 6.89921250796e-07, 6.0411701952e-07, 2.9737518048e-07, 1.93486798139e-07, 1.46573668758e-07, 1.30014470301e-07, 9.88583650496e-08, 6.63744543772e-08],
        "var": [1.36304012521e-09, 7.13100511973e-09, 2.81428791382e-09, 3.16236814513e-09, 4.69578118611e-08, 3.64078833748e-09, 3.44777806305e-09, 3.86377640993e-09, 2.11638195857e-09, 1.39414690903e-09, 1.06527842103e-09, 6.66902366664e-10, 3.55276086328e-10, 1.87152821018e-10, 2.6641638895e-10, 1.40170347551e-10, 4.77164210921e-11, 4.6545964999e-11, 1.19421250666e-10, 1.63702440492e-10, 7.78864472917e-11, 9.4120308769e-11, 4.13926476428e-10, 3.32972177608e-10, 8.64680757551e-11, 2.76580786052e-10, 7.51529227738e-10, 2.2804776123e-10, 7.38477681783e-11, 1.673304377e-11, 1.85874076547e-11, 9.10991074243e-12, 2.31092055214e-12, 1.4999071863e-12, 3.41303320241e-13, 1.97764913712e-13, 1.03699079217e-13, 6.30784080568e-14, 4.35365278713e-14, 2.62565712445e-14]
    }
}
}