{
"metadata": {
    "version": {
        "essentia": "2.1-dev"
    }
},
"lowlevel": {
    "mfcc": {
        "mean": [-781.570983887, 79.1741333008, -33.3146018982, 45.5242729187, -19.3235607147, -5.9855928421, -8.33156204224, -1.83566403389, -2.29393815994, -4.83780574799, -0.160998433828, -5.50158405304, -3.79398679733],
        "var": [8294.69335938, 1785.7286377, 1579.65429688, 679.995361328, 484.086914062, 373.451263428, 386.007293701, 308.113708496, 218.541595459, 187.817687988, 212.215194702, 151.622879028, 135.014450073]
    },
    "mfcc_bands": {
        "mean": [2.35589068325e-05, 5.15057618031e-05, 4.66024430352e-05, 3.60543454008e-05, 3.14609351335e-05, 1.60931795108e-05, 3.95081478928e-05, 6.40825528535e-05, 3.06381480186e-05, 2.1535288397e-05, 2.73872428806e-05, 1.8787857698e-05, 1.0788508007e-05, 9.63474212767e-06, 9.047093954e-06, 6.26692917649e-06, 6.02740374234e-06, 7.05418278812e-06, 6.25435586699e-06, 5.04405807078e-06, 5.90138142798e-06, 7.81316339271e-06, 8.27055646369e-06, 6.96254210197e-06, 9.34592571866e-06, 7.87494172982e-06, 5.45131297258e-06, 3.9480041778e-06, 3.03461865769e-06, 2.09023028219e-06, 1.76703485977e-06, 1.31153717575e-06, 7.5966266877e-07, 4.6811737775e-07, 2.99925773106e-07, 1.64011510151e-07, 1.09049658192e-07, 6.85449066395e-08, 5.52890249139e-08, 4.40838441307e-08],
        "var": [2.93715718414e-09, 2.20934008865e-08, 1.67646376781e-08, 5.8147922033e-09, 6.14483486316e-09, 2.93587354427e-09, 1.3405035304e-08, 2.99871203424e-08, 1.16837597375e-08, 5.47252065886e-09, 1.15740270701e-08, 4.38767511213e-09, 1.11676767833e-09, 1.1883759532e-09, 1.45856748901e-09, 2.75549361106e-10, 2.31741154044e-10, 4.11214950979e-10, 2.30844454663e-10, 1.25511642746e-10, 1.45374864924e-10, 2.54144288947e-10, 2.12164022462e-10, 1.91414883943e-10, 4.92055729495e-10, 2.7831970062e-10, 1.67479377589e-10, 8.98790694648e-11, 6.5909035174e-11, 2.21106639942e-11, 1.24109689539e-11, 6.50092956897e-12, 3.07294988067e-12, 2.02651870979e-12, 9.79949194707e-13, 2.32307012168e-13, 9.97112548778e-14, 3.47612123276e-14, 2.09108040128e-14, 1.46898010249e-14]
    }
}
}