{
"metadata": {
    "version": {
        "essentia": "2.1-dev"
    }
},
"lowlevel": {
    "mfcc": {
        "mean": [-757.953796387, 101.067939758, -36.3501930237, 37.4569969177, -24.8718490601, -18.8335781097, -12.0015726089, -12.2709760666, -6.07067060471, -10.6650524139, -5.63015270233, -4.5151925087, -8.10089874268],
        "var": [14604.78125, 2523.93920898, 1451.44055176, 722.916809082, 879.629150391, 380.1456604, 426.79574585, 271.068115234, 198.791641235, 199.965423584, 172.816238403, 135.12852478, 123.426681519]
    },
    "mfcc_bands": {
        "mean": [3.03836459352e-05, 0.0001113827675, 0.000145933881868, 0.000198308713152, 0.000171026200405, 0.000189025231521, 0.000165289529832, 0.000160631083418, 0.000136336195283, 0.000112645015179, 5.63454777875e-05, 3.51251546817e-05, 3.47243294527e-05, 3.00248666463e-05, 2.18049535761e-05, 1.88005014934e-05, 1.47602768266e-05, 1.35991549541e-05, 1.48445014929e-05, 1.27764778881e-05, 1.70531893673e-05, 2.1632271455e-05, 2.41252619162e-05, 1.85949556908e-05, 1.74789420271e-05, 1.55996403919e-05, 1.13784690257e-05, 1.26433924379e-05, 1.02490139398e-05, 5.82015536565e-06, 3.32047807206e-06, 1.65369488059e-06, 7.93100866758e-07, 3.85961641314e-07, 2.22687603468e-07, 1.45331569001e-07, 1.0359233471e-07, 6.8011921428e-08, 5.37688258362e-08, 4.82826827408e-08],
        "var": [5.16562748132e-09, 1.19240652907e-07, 1.96946487563e-07, 2.325620585e-07, 1.60220764656e-07, 2.60393903773e-07, 2.14967627699e-07, 2.18955207743e-07, 1.65169794286e-07, 1.12324677559e-07, 2.20599893908e-08, 9.83498615881e-09, 1.47495695657e-08, 1.12516467254e-08, 4.28136548436e-09, 5.58032819953e-09, 1.81956605338e-09, 1.41039446788e-09, 1.98638172577e-09, 2.32356156538e-09, 2.71505862237e-09, 2.79384071433e-09, 3.18615733796e-09, 2.3088078116e-09, 2.30487362529e-09, 1.79093195829e-09, 6.74984346194e-10, 1.24336796414e-09, 7.95194021741e-10, 1.94869551051e-10, 5.59448355697e-11, 1.38664305732e-11, 4.23320579979e-12, 1.3960734695e-12, 5.71307215945e-13, 2.66202804158e-13, 1.26995053471e-13, 4.81739078967e-14, 2.55828751195e-14, 2.7753605417e-14]
    }
}
}