{
"metadata": {
    "version": {
        "essentia": "2.1-dev"
    }
},
"lowlevel": {
    "mfcc": {
        "mean": [-765.523071289, 104.875541687, -16.8348407745, 34.658946991, -17.6181354523, -11.5717821121, -12.0870809555, 8.43402385712, -3.31714272499, -7.52823591232, -3.55871891975, -4.25943422318, -2.9121928215],
        "var": [6765.55029297, 1984.23120117, 1695.15075684, 562.937988281, 329.595428467, 303.766479492, 321.935241699, 199.611755371, 171.438262939, 160.655349731, 146.450912476, 101.966247559, 97.5704498291]
    },
    "mfcc_bands": {
        "mean": [5.47300223843e-05, 8.98507496458e-05, 0.000102524682006, 7.68789177528e-05, 0.000140444637509, 4.44479446742e-05, 5.81951171625e-05, 5.71417513129e-05, 4.38049137301e-05, 2.75842339761e-05, 4.63918222522e-05, 3.00447427435e-05, 1.15906523206e-05, 1.0222970559e-05, 9.88891679299e-06, 6.00293606112e-06, 5.28908367414e-06, 5.6502976804e-06, 4.93326069773e-06, 6.37876109977e-06, 6.25099573881e-06, 7.92577793618e-06, 8.884359886e-06, 8.66122991283e-06, 6.40497819404e-06, 4.9645927902e-06, 4.17247156292e-06, 2.92992262985e-06, 1.98064390133e-06, 1.50937989929e-06, 1.22347375964e-06, 9.02325552943e-07, 5.76878846914e-07, 5.93767822465e-07, 4.44932595656e-07, 2.43051147208e-07, 1.05222525804e-07, 5.44261808955e-08, 4.20264569811e-08, 3.19902468959e-08],
        "var": [1.24814496516e-08, 5.6208293131e-08, 8.04871973514e-08, 2.09849861932e-08, 6.67707809043e-08, 9.72338298766e-09, 3.75402144925e-08, 2.32439276715e-08, 1.48720937787e-08, 6.02962924035e-09, 1.21912338003e-08, 6.51693232712e-09, 1.00328012564e-09, 7.83453912856e-10, 7.16432801973e-10, 2.84573919984e-10, 1.93468671639e-10, 1.88032214798e-10, 1.26407120882e-10, 2.09671807694e-10, 1.68729905048e-10, 2.55153731477e-10, 2.83244983024e-10, 3.40948269617e-10, 1.83357745653e-10, 1.1764242358e-10, 8.76391736959e-11, 5.86533599467e-11, 3.59125541805e-11, 1.53134657732e-11, 7.64706093587e-12, 2.47935027543e-12, 1.05135247296e-12, 8.41596432301e-13, 5.83124640154e-13, 1.88699601192e-13, 2.96510252874e-14, 6.38267913118e-15, 4.37425516951e-15, 2.70283046568e-15]
    }
}
}