{
"metadata": {
    "version": {
        "essentia": "2.1-dev"
    }
},
"lowlevel": {
    "mfcc": {
        "mean": [-702.566894531, 82.8328781128, -17.8199443817, 54.3472137451, -9.15823364258, -6.05280733109, -1.19633877277, -1.10655927658, -5.46485710144, -7.20353984833, -4.73493909836, -8.16178131104, -1.13527429104],
        "var": [4449.40771484, 1960.35302734, 1011.97619629, 613.849060059, 470.786773682, 388.385070801, 308.317657471, 218.007492065, 165.470687866, 158.875991821, 134.637329102, 113.582946777, 108.541893005]
    },
    "mfcc_bands": {
        "mean": [5.20118810527e-05, 0.000572926481254, 0.000567175622564, 7.86418531789e-05, 0.000155308909598, 8.671174146e-05, 7.95114683569e-05, 0.000101662306406, 5.46510600543e-05, 3.74707706214e-05, 3.70862762793e-05, 2.56937855738e-05, 2.20115744014e-05, 1.71086649061e-05, 1.23331956274e-05, 1.03170123111e-05, 1.19440828712e-05, 1.2468541172e-05, 1.42210565173e-05, 1.97226399905e-05, 1.97606186703e-05, 2.35946226894e-05, 2.09632380574e-05, 2.25729945669e-05, 2.11578917515e-05, 4.03733320127e-05, 2.8018550438e-05, 1.39954127008e-05, 9.79980995908e-06, 6.96332199368e-06, 4.97962628287e-06, 3.64209290638e-06, 2.73813884633e-06, 1.31119281832e-06, 6.20877813162e-07, 4.52973324627e-07, 2.67178194235e-07, 1.8889991793e-07, 1.75024766236e-07, 1.63633956163e-07],
        "var": [2.04033163698e-08, 7.18329658866e-07, 6.44753527013e-07, 1.72854353053e-08, 7.20340693761e-08, 2.90078130405e-08, 2.89029991052e-08, 4.79336570436e-08, 2.18187690137e-08, 1.32056943158e-08, 9.50451539694e-09, 4.82375117627e-09, 3.04522562722e-09, 1.65062663537e-09, 9.48327416594e-10, 7.55853657441e-10, 7.3833611447e-10, 1.15055776018e-09, 1.48238754605e-09, 4.95835639214e-09, 3.70424646512e-09, 1.91293514362e-09, 1.5009543608e-09, 4.31829683123e-09, 1.54226731386e-09, 5.74895553385e-09, 3.20831206047e-09, 7.08915148806e-10, 6.31988683608e-10, 2.21507812093e-10, 1.07914718828e-10, 1.0307408399e-10, 5.12293749089e-11, 7.08616672285e-12, 1.2782338122e-12, 9.93976385574e-13, 3.96297415457e-13, 1.40102285242e-13, 9.05683270351e-14, 7.45184960287e-14]
    }
}
}