{
"metadata": {
    "version": {
        "essentia": "2.1-dev"
    }
},
"lowlevel": {
    "mfcc": {
        "mean": [-780.646728516, 120.833473206, -19.9561481476, 52.3353462219, -22.4745788574, -20.7767524719, -13.5574855804, 2.85965538025, 10.3193721771, 0.0147045934573, 7.25480747223, -2.26101160049, -8.04941368103],
        "var": [8424.36132812, 1560.38952637, 1303.25378418, 535.042480469, 596.55859375, 382.423217773, 413, 205.804199219, 169.980545044, 275.34753418, 155.297119141, 116.86026001, 116.819129944]
    },
    "mfcc_bands": {
        "mean": [7.17076836736e-05, 0.000163760865689, 0.000116413670185, 0.000164281460457, 7.31521067792e-05, 5.05283169332e-05, 0.000113631002023, 0.000146952428622, 0.000159307921422, 0.000184651682503, 3.38559111697e-05, 1.7092030248e-05, 1.1669883861e-05, 7.26762664272e-06, 5.14942757945e-06, 3.12395104629e-06, 3.3802159578e-06, 5.27676183992e-06, 7.54313305151e-06, 7.76395700086e-06, 1.03567208498e-05, 1.38987406899e-05, 1.04814971564e-05, 1.13871437861e-05, 1.35658528961e-05, 8.019363122e-06, 4.41744305135e-06, 3.12857378049e-06, 2.3472293833e-06, 1.93398864212e-06, 1.59012017775e-06, 9.82326241683e-07, 4.04811800081e-07, 1.69728096466e-07, 7.99147059638e-08, 4.15449008528e-08, 3.13129824292e-08, 2.47743283666e-08, 1.75276753112e-08, 1.26595134375e-08],
        "var": [4.11252578658e-08, 2.56194482517e-07, 8.05265898407e-08, 1.13664306411e-07, 4.84879123519e-08, 2.60371351146e-08, 1.15722144756e-07, 1.1358206109e-07, 7.96873322884e-08, 1.19281082789e-07, 9.27460774847e-09, 2.68080957433e-09, 1.66387781331e-09, 9.56309254008e-10, 3.09708481083e-10, 1.02158254078e-10, 8.77585504266e-11, 2.14385093011e-10, 5.32816013532e-10, 4.80180895046e-10, 5.64744417897e-10, 1.1132739175e-09, 6.54470977413e-10, 6.93939183893e-10, 9.94962223722e-10, 4.04081434979e-10, 1.46447867722e-10, 8.25977619634e-11, 4.4153427442e-11, 3.9507827565e-11, 1.60247631137e-11, 6.04032839371e-12, 1.20335815965e-12, 2.57490345235e-13, 5.00562556628e-14, 1.40393745891e-14, 7.00621692959e-15, 4.50982575733e-15, 2.10190548235e-15, 1.01106977134e-15]
    }
}
}