{
"metadata": {
    "version": {
        "essentia": "2.1-dev"
    }
},
"lowlevel": {
    "mfcc": {
        "mean": [-661.702575684, 85.2025222778, -37.0065994263, 36.5149688721, -12.8587083817, -18.7318782806, -5.72463226318, -6.83346939087, -5.07333040237, -7.18808746338, -5.78503894806, -6.08795833588, -3.33257818222],
        "var": [7856.17626953, 1219.71350098, 628.885131836, 407.160858154, 359.527404785, 231.975662231, 225.315719604, 177.742355347, 149.606277466, 135.13470459, 105.785438538, 108.97088623, 95.2414245605]
    },
    "mfcc_bands": {
        "mean": [4.48576283816e-05, 0.000125007194583, 0.000274683494354, 0.000274157209788, 0.000223143259063, 0.000157752205268, 0.00015308901493, 0.000163681383128, 0.000150964217028, 0.000112647903734, 0.000113047361083, 5.80232517677e-05, 5.1730650739e-05, 4.7158151574e-05, 3.30439761456e-05, 2.81943539449e-05, 3.35998520313e-05, 3.36939629051e-05, 3.56854252459e-05, 3.74225273845e-05, 4.29783358413e-05, 4.99576854054e-05, 5.02645671077e-05, 5.4762869695e-05, 4.89828235004e-05, 4.0591286961e-05, 4.11566616094e-05, 2.9081982575e-05, 1.58023958647e-05, 9.60431680141e-06, 6.19062848273e-06, 3.67482766706e-06, 2.11131464312e-06, 1.36783467042e-06, 8.66506297825e-07, 5.91694060859e-07, 5.63368018902e-07, 5.47359320535e-07, 5.35025549198e-07, 3.84480586035e-07],
        "var": [4.90013762899e-09, 8.45582874831e-08, 7.6296134921e-07, 2.79174912521e-07, 8.74634551451e-08, 6.5544128347e-08, 7.75721034074e-08, 1.02607423003e-07, 7.44003472164e-08, 5.9937981689e-08, 9.97951943305e-08, 1.24348193964e-08, 1.07879856159e-08, 1.20338539134e-08, 5.37474065254e-09, 5.78759840053e-09, 8.39846237e-09, 7.74477904031e-09, 5.35002486757e-09, 5.44078337938e-09, 6.60216281645e-09, 7.27898985531e-09, 6.48230313871e-09, 5.95548987903e-09, 5.41430811296e-09, 3.88680954089e-09, 4.70512384609e-09, 2.25723950642e-09, 7.75019215471e-10, 2.49681414433e-10, 1.17817658407e-10, 5.05907087056e-11, 2.29901462451e-11, 8.17282266169e-12, 3.28442676702e-12, 2.30207346241e-12, 3.80233474914e-12, 3.68812055548e-12, 2.99319184889e-12, 1.41670616211e-12]
    }
}
}