{
"metadata": {
    "version": {
        "essentia": "2.1-dev"
    }
},
"lowlevel": {
    "mfcc": {
        "mean": [-690.182189941, 101.34475708, -51.3002891541, 45.4881973267, -16.1603145599, -7.44128894806, -1.43558943272, 3.79919409752, -1.77920734882, -2.31896495819, -1.34320795536, -2.46970272064, -3.49048709869],
        "var": [10945.6240234, 1006.60009766, 481.250183105, 316.198699951, 180.034622192, 119.758201599, 172.989395142, 110.358909607, 110.139602661, 81.2042388916, 70.9185409546, 87.5617980957, 84.9695739746]
    },
    "mfcc_bands": {
        "mean": [4.16151597165e-05, 9.60851684795e-05, 7.98687542556e-05, 8.38268970256e-05, 0.000106472441985, 7.62835261412e-05, 6.77152056596e-05, 6.67594213155e-05, 0.000115230206575, 6.0095495428e-05, 0.000120259297546, 8.08596669231e-05, 3.58388570021e-05, 6.68508437229e-05, 3.73145230697e-05, 2.40738118009e-05, 3.45391636074e-05, 1.57006161317e-05, 1.67601319845e-05, 2.02629562409e-05, 3.06975998683e-05, 3.83640581276e-05, 4.13060261053e-05, 3.25341279677e-05, 2.97671267617e-05, 3.52656315954e-05, 3.03816086671e-05, 1.41852688103e-05, 8.73512726685e-06, 6.1962387008e-06, 3.97892699766e-06, 2.38576558331e-06, 1.29233478674e-06, 6.52145388358e-07, 3.27114264564e-07, 1.66118709899e-07, 1.16196297029e-07, 9.50951886125e-08, 6.68726229947e-08, 4.89088591848e-08],
        "var": [2.1124295646e-09, 1.69596638955e-08, 1.25751826729e-08, 1.21481802395e-08, 2.41987105909e-08, 1.86191897456e-08, 1.56938444462e-08, 1.19573808632e-08, 4.63877540824e-08, 1.70940168687e-08, 5.71333060861e-08, 2.98316003011e-08, 7.68199193146e-09, 2.60581920486e-08, 6.10239592191e-09, 2.34840547009e-09, 3.19714432706e-09, 7.41210259836e-10, 7.35964900134e-10, 8.48966841271e-10, 1.85973192401e-09, 2.4139636956e-09, 3.09793968256e-09, 1.85839088562e-09, 1.35452327132e-09, 2.46566411732e-09, 1.94413196652e-09, 7.77658493156e-10, 2.11254416738e-10, 1.38753689094e-10, 7.45022377124e-11, 2.02016806061e-11, 5.19260372547e-12, 1.45414984307e-12, 3.50554004228e-13, 8.58052032746e-14, 4.24413989738e-14, 3.42179897698e-14, 1.58614136094e-14, 1.0423796666e-14]
    }
}
}