{
"metadata": {
    "version": {
        "essentia": "2.1-dev"
    }
},
"lowlevel": {
    "mfcc": {
        "mean": [-712.692810059, 107.376312256, -37.0026245117, 27.1686592102, -16.5083751678, -14.3245372772, 5.07999134064, -11.7091531754, -2.23199367523, -6.95887517929, -6.71499538422, -4.25611591339, -2.24728059769],
        "var": [8974.24316406, 1211.18884277, 545.585998535, 399.674194336, 212.300338745, 282.546478271, 156.689651489, 149.925018311, 101.328926086, 98.8853302002, 112.247764587, 91.3781661987, 88.4013061523]
    },
    "mfcc_bands": {
        "mean": [1.67416310433e-05, 4.00860044465e-05, 5.50031036255e-05, 7.83369396231e-05, 0.0001176427686, 0.000132305009174, 6.00623716309e-05, 8.73557728482e-05, 7.98156688688e-05, 0.000124689133372, 6.85437335051e-05, 2.91049200314e-05, 8.2346945419e-05, 5.35121289431e-05, 4.00586541218e-05, 4.22360062657e-05, 1.59976261784e-05, 1.75444383785e-05, 1.23348636407e-05, 1.83079264389e-05, 1.16637220344e-05, 1.17295967357e-05, 1.34721267386e-05, 1.14991034934e-05, 1.60186227731e-05, 1.99029509531e-05, 1.48390208778e-05, 1.04016853584e-05, 7.50204162614e-06, 3.54684129888e-06, 2.57930014413e-06, 2.40423901232e-06, 1.03091394976e-06, 4.27943717796e-07, 2.32353585261e-07, 2.10112048649e-07, 2.31580955301e-07, 2.21708475578e-07, 2.27603209169e-07, 1.85761663829e-07],
        "var": [4.64875526962e-10, 3.39866645938e-09, 6.38339425763e-09, 1.52271955045e-08, 2.9362301035e-08, 5.37627151687e-08, 1.72886789329e-08, 3.01553910731e-08, 5.06330088967e-08, 1.16633948721e-07, 2.27922392071e-08, 3.73151198829e-09, 3.07303835712e-08, 2.23848513059e-08, 1.13817479885e-08, 1.67426588149e-08, 1.80869541566e-09, 2.00752081625e-09, 6.07932759689e-10, 1.67746194712e-09, 5.9916854811e-10, 4.74276395934e-10, 7.09236169794e-10, 4.49578263506e-10, 1.09802655857e-09, 2.67115596309e-09, 1.44119993717e-09, 3.89282300839e-10, 2.03959890643e-10, 9.05293409681e-11, 2.67068225174e-11, 2.4380383129e-11, 5.46852450475e-12, 1.67312333692e-12, 6.21942438956e-13, 4.01293446172e-13, 3.12507642377e-13, 2.4467439793e-13, 2.01144764907e-13, 1.86439256503e-13]
    }
}
}