{
"metadata": {
    "version": {
        "essentia": "2.1-dev"
    }
},
"lowlevel": {
    "mfcc": {
        "mean": [-737.794067383, 117.629692078, -34.0253105164, 51.5098609924, -13.7757530212, -13.9555368423, 2.94630050659, -7.6967587471, -6.12593841553, -5.90269088745, -8.59626579285, -7.60749149323, -5.75389862061],
        "var": [6832.20849609, 917.823120117, 601.225036621, 338.779418945, 206.777938843, 235.120193481, 159.90020752, 140.841217041, 112.538269043, 112.325416565, 118.25491333, 129.26625061, 81.8700714111]
    },
    "mfcc_bands": {
        "mean": [1.51650738189e-05, 8.78360733623e-05, 0.000120948076074, 9.61142068263e-05, 0.000157744041644, 7.06456485204e-05, 7.98352484708e-05, 3.3589443774e-05, 5.1659422752e-05, 3.38729696523e-05, 2.87674811261e-05, 3.64786028513e-05, 2.09020563489e-05, 1.995016828e-05, 9.42087990552e-06, 6.31207331026e-06, 7.4545237112e-06, 1.20311196952e-05, 8.37101106299e-06, 7.64989636082e-06, 1.30270873342e-05, 9.94680613076e-06, 1.61515617947e-05, 1.58460297826e-05, 1.293047535e-05, 2.3628168492e-05, 1.31768956635e-05, 1.00208217191e-05, 6.82695008436e-06, 2.76940977528e-06, 1.05948743112e-06, 7.18888486517e-07, 5.53565485006e-07, 2.58754539573e-07, 1.23403395946e-07, 5.34926556384e-08, 5.00875820819e-08, 5.14348208469e-08, 4.86598317195e-08, 3.12080814524e-08],
        "var": [7.05213165642e-10, 1.28092914053e-08, 2.01409235956e-08, 1.89179516497e-08, 3.82159264234e-08, 1.20766943112e-08, 2.45839775204e-08, 4.86249662757e-09, 1.57445789739e-08, 1.59868989158e-08, 1.00903827516e-08, 7.93467425098e-09, 1.63143241139e-08, 4.66223193385e-09, 7.6362405288e-10, 2.58233878725e-10, 7.33132166086e-10, 1.62725477537e-09, 6.49888642901e-10, 9.08385922038e-10, 3.97914501349e-09, 5.03521058182e-10, 8.13740463901e-10, 7.13197445545e-10, 1.07690178996e-09, 2.99097790979e-09, 7.37141514495e-10, 5.06651887111e-10, 1.51064064036e-10, 3.81803651195e-11, 8.89001545989e-12, 6.07435282629e-12, 3.40449521873e-12, 1.03514332522e-12, 2.22270688183e-13, 3.36353462986e-14, 2.09888902862e-14, 2.11087606948e-14, 2.27461380623e-14, 1.8690523982e-14]
    }
}
}