{
"metadata": {
    "version": {
        "essentia": "2.1-dev"
    }
},
"lowlevel": {
    "mfcc": {
        "mean": [-674.424072266, 113.584487915, -41.9987640381, 43.8068504333, -15.4316968918, -17.5825748444, 3.44072508812, -10.4505462646, -8.2692937851, -2.22489452362, -8.62766075134, -3.36611557007, -5.28423929214],
        "var": [11170.0585938, 1005.82226562, 1241.77636719, 523.870544434, 366.399291992, 250.734512329, 254.174224854, 140.849151611, 161.097915649, 117.084999084, 103.934906006, 106.740196228, 93.8708190918]
    },
    "mfcc_bands": {
        "mean": [4.12185072491e-05, 0.000145922385855, 0.000236267471337, 0.00025575060863, 0.000260798726231, 0.000252884055953, 0.000250723620411, 0.000203007584787, 0.000195548564079, 0.00014290951367, 0.000172644868144, 0.000141075550346, 0.00011838482169, 0.000119316682685, 9.79719770839e-05, 6.69045402901e-05, 0.000105268358311, 6.41446385998e-05, 5.57701532671e-05, 4.51682899438e-05, 5.65953014302e-05, 7.30411338736e-05, 6.83978723828e-05, 8.10142882983e-05, 7.5168289186e-05, 5.0910126447e-05, 4.71191233373e-05, 4.73727741337e-05, 2.32301645156e-05, 9.89310592558e-06, 3.28499049829e-06, 1.46998718265e-06, 7.1618325137e-07, 4.00832760761e-07, 3.46202767787e-07, 3.41865586506e-07, 3.48305349007e-07, 4.10926588756e-07, 3.31404578446e-07, 1.72860751491e-07],
        "var": [4.78374539981e-09, 4.87571831798e-08, 7.17515717952e-08, 9.09832920115e-08, 1.17652163567e-07, 1.66567076576e-07, 2.82346945824e-07, 2.18131617657e-07, 2.338165217e-07, 1.63902711847e-07, 1.6449915563e-07, 2.34226888551e-07, 1.77342840857e-07, 1.12356744353e-07, 8.43473060286e-08, 4.93753304909e-08, 8.91451605867e-08, 4.37224869643e-08, 1.85257302832e-08, 1.23141070674e-08, 2.2445011183e-08, 3.8975098704e-08, 3.1413019741e-08, 3.48766349134e-08, 2.07197938806e-08, 5.26730481454e-09, 3.60676688516e-09, 4.38711511563e-09, 1.59181212656e-09, 5.40910705116e-10, 6.45835260271e-11, 8.88626238565e-12, 1.79031160556e-12, 5.33255785449e-13, 8.85458210659e-13, 1.71990221544e-12, 2.01456147771e-12, 3.65433855051e-12, 2.32055325476e-12, 6.92416013848e-13]
    }
}
}