{
"metadata": {
    "version": {
        "essentia": "2.1-dev"
    }
},
"lowlevel": {
    "mfcc": {
        "mean": [-720.630249023, 112.484664917, -42.3029174805, 48.4954376221, -12.7383403778, -15.3495340347, 5.83988428116, -12.0993566513, -4.12220096588, -7.32930803299, -8.74046039581, -7.02202558517, -4.60636615753],
        "var": [16924.1777344, 1595.68786621, 1524.65856934, 646.776672363, 329.881347656, 390.758483887, 262.561126709, 184.541412354, 192.19720459, 131.966659546, 145.091384888, 118.34085083, 122.284942627]
    },
    "mfcc_bands": {
        "mean": [4.85087475681e-05, 0.000153222994413, 0.00015909774811, 0.000189356331248, 0.000210299098399, 0.000118093477795, 7.78765461291e-05, 8.07820033515e-05, 9.8080621683e-05, 9.73891583271e-05, 6.24937965767e-05, 0.000118761628983, 5.94736848143e-05, 4.34169160144e-05, 3.95234092139e-05, 4.25009420724e-05, 2.55939394265e-05, 3.14539611281e-05, 4.43395729235e-05, 4.5611493988e-05, 5.06325086462e-05, 4.5528224291e-05, 5.31876903551e-05, 5.53993231733e-05, 7.40471150493e-05, 6.57834098092e-05, 5.52772689844e-05, 3.37050187227e-05, 1.68120750459e-05, 6.7268820203e-06, 3.94348444388e-06, 2.06208642339e-06, 7.54399309244e-07, 2.81075983821e-07, 1.56831660547e-07, 1.00423768856e-07, 9.5420126911e-08, 9.94333717586e-08, 8.45025525109e-08, 6.31260093087e-08],
        "var": [1.13490949971e-08, 1.29800994841e-07, 1.60186516496e-07, 1.66151920666e-07, 9.89931194795e-08, 4.01819981732e-08, 3.86808380881e-08, 3.46108066651e-08, 7.52870477072e-08, 1.16367615988e-07, 5.4955009432e-08, 2.02163960239e-07, 3.61948444549e-08, 2.2346894113e-08, 1.98845118149e-08, 2.07099510874e-08, 5.41550493338e-09, 7.41524353032e-09, 1.62571964779e-08, 2.24246665681e-08, 2.25179270785e-08, 1.65969531452e-08, 2.67419402178e-08, 1.26772183862e-08, 2.34153372247e-08, 1.46980010385e-08, 9.87662396312e-09, 2.7175064421e-09, 6.72350286557e-10, 1.27140173389e-10, 5.057449598e-11, 1.0521733658e-11, 2.07132574981e-12, 3.71342957469e-13, 1.25530282783e-13, 6.11752334445e-14, 5.01575303101e-14, 4.33273107333e-14, 3.15541965115e-14, 3.59712226097e-14]
    }
}
}