{
"metadata": {
    "version": {
        "essentia": "2.1-dev"
    }
},
"lowlevel": {
    "mfcc": {
        "mean": [-736.467468262, 85.7220230103, -46.6300697327, 35.6467514038, -3.71125555038, -1.35644376278, 2.21309947968, 3.06009197235, -2.87200713158, -8.25942611694, -2.14277076721, -11.9734859467, -11.7058763504],
        "var": [7895.52392578, 943.149658203, 680.82635498, 301.329772949, 235.174346924, 223.95539856, 301.211547852, 192.736434937, 158.004058838, 124.278411865, 109.531280518, 85.6444396973, 89.7355651855]
    },
    "mfcc_bands": {
        "mean": [1.90551854757e-05, 5.97283979005e-05, 0.000121804761875, 7.56057124818e-05, 2.66575934802e-05, 1.54157933139e-05, 1.01726454886e-05, 1.77347737917e-05, 2.22341768676e-05, 5.22263471794e-05, 5.14236126037e-05, 1.73709431692e-05, 2.31645735767e-05, 2.9767930755e-05, 1.97852732526e-05, 1.9282248104e-05, 1.76481316885e-05, 1.34097135742e-05, 1.3724999917e-05, 1.14713129733e-05, 1.06345023596e-05, 1.57337344717e-05, 2.27494911087e-05, 2.2615364287e-05, 1.41652590173e-05, 1.61786847457e-05, 1.25045571622e-05, 4.38336974184e-06, 3.20356343764e-06, 2.08574215321e-06, 1.35161178605e-06, 1.27399368921e-06, 5.84655708735e-07, 3.06626077418e-07, 1.7966576138e-07, 1.07639849034e-07, 8.71364065347e-08, 7.52675646254e-08, 6.53235048276e-08, 5.16619458324e-08],
        "var": [6.66946664563e-10, 1.90908142628e-08, 1.41496869333e-07, 1.27746568879e-08, 2.29988450506e-09, 4.94730090228e-10, 3.7570946354e-10, 3.61236152102e-09, 7.05822111868e-09, 1.84257693547e-08, 2.1445218934e-08, 2.71751665615e-09, 4.79554662647e-09, 7.49884243589e-09, 6.01243277387e-09, 2.50285370207e-09, 3.37280958718e-09, 1.19954135513e-09, 1.45680778552e-09, 1.41410527732e-09, 3.44927808538e-10, 7.88213549985e-10, 1.48486078988e-09, 1.60309898689e-09, 5.73036895712e-10, 8.87457662913e-10, 6.90955626048e-10, 8.20083029263e-11, 6.66906044278e-11, 1.37643663828e-11, 5.70855689108e-12, 2.55197881056e-12, 1.14802145654e-12, 4.16863429626e-13, 1.29762764119e-13, 6.38563163393e-14, 3.49228600953e-14, 3.9876776333e-14, 4.01778525001e-14, 2.02468402965e-14]
    }
}
}