{
"metadata": {
    "version": {
        "essentia": "2.1-dev"
    }
},
"lowlevel": {
    "mfcc": {
        "mean": [-700.739746094, 110.286903381, -32.9736747742, 32.145275116, -14.4804916382, -14.1978740692, -13.5660715103, -7.63483953476, -6.71838998795, -8.35939121246, -8.06692695618, -9.16270923615, -5.97371816635],
        "var": [15644.1523438, 1028.47021484, 550.379760742, 472.676361084, 256.818115234, 199.86390686, 207.258651733, 142.803421021, 150.886749268, 127.953315735, 96.5605545044, 80.0725402832, 87.5866699219]
    },
    "mfcc_bands": {
        "mean": [2.34695198742e-05, 0.000136838236358, 0.000237358690356, 0.000326359586325, 0.000212789920624, 0.000140434567584, 0.000133916473715, 0.000194401000044, 0.00017383931845, 0.000162083422765, 9.09871814656e-05, 6.46437256364e-05, 4.68502912554e-05, 3.29682152369e-05, 2.59333428403e-05, 2.80426102108e-05, 3.05286994262e-05, 3.73834154743e-05, 3.17150588671e-05, 4.76003660879e-05, 4.20050673711e-05, 4.45647201559e-05, 3.70187117369e-05, 3.15720426443e-05, 1.83012361958e-05, 1.77633519343e-05, 1.88129106391e-05, 1.20589784274e-05, 7.9931687651e-06, 4.86125691168e-06, 3.26353188029e-06, 2.30086675401e-06, 1.57488000241e-06, 9.91959836938e-07, 5.04056913542e-07, 2.81458284235e-07, 1.99606063234e-07, 1.68032485703e-07, 1.39216965067e-07, 1.25126504713e-07],
        "var": [1.4182229835e-09, 5.87204880276e-08, 1.60401413041e-07, 1.7442329181e-07, 8.18768484123e-08, 5.26965244774e-08, 4.6861725167e-08, 1.4561501871e-07, 1.42089618294e-07, 1.84820365234e-07, 4.53023041302e-08, 3.15960626551e-08, 1.35296396309e-08, 8.282638575e-09, 6.57437704277e-09, 4.68693350797e-09, 6.19880813346e-09, 1.11599023356e-08, 5.48025269609e-09, 1.86951396586e-08, 9.36518151917e-09, 1.02371240374e-08, 5.35114885736e-09, 3.00856273228e-09, 7.10286662819e-10, 7.87185205908e-10, 1.04242159349e-09, 3.19667264881e-10, 1.66367614129e-10, 8.01052904564e-11, 3.00194938352e-11, 1.20589606009e-11, 7.32468599662e-12, 3.4325803918e-12, 8.16232227207e-13, 3.82125293864e-13, 1.75498707906e-13, 1.37587695143e-13, 9.69590483206e-14, 9.12652047577e-14]
    }
}
}