{
"metadata": {
    "version": {
        "essentia": "2.1-dev"
    }
},
"lowlevel": {
    "mfcc": {
        "mean": [-689.312805176, 109.701164246, -31.5550441742, 17.3795585632, -20.5618038177, -14.9406757355, -10.7662124634, -5.92005681992, -6.86831474304, -8.40148258209, -5.32060575485, -8.17490768433, -3.84632253647],
        "var": [12436.9423828, 1113.07592773, 576.254882812, 310.302093506, 229.881668091, 179.303634644, 223.631332397, 130.99810791, 135.804611206, 110.492675781, 107.941513062, 97.7394790649, 92.4022979736]
    },
    "mfcc_bands": {
        "mean": [1.65266501426e-05, 7.46266669012e-05, 0.000142797201988, 0.000185392374988, 0.000167645834154, 0.000194534339244, 0.000158757669851, 0.000149640269228, 0.000242631605943, 0.00019068873371, 0.000147142782225, 0.000127444262034, 0.000100350291177, 5.16844193044e-05, 4.79736336274e-05, 4.64736840513e-05, 3.81793470297e-05, 2.98879695038e-05, 2.78081970464e-05, 3.02617354464e-05, 3.82222387998e-05, 2.85844143946e-05, 2.75391430478e-05, 1.94749718503e-05, 1.18746384032e-05, 1.41356031236e-05, 1.37092065415e-05, 9.20474121813e-06, 5.74141586185e-06, 4.29384226663e-06, 3.24544907926e-06, 2.83208714791e-06, 2.11318365473e-06, 1.32872060021e-06, 8.11029906345e-07, 5.00988107888e-07, 3.20860863212e-07, 2.99464858244e-07, 2.67846758106e-07, 2.51509476357e-07],
        "var": [1.18835330465e-09, 3.36899823594e-08, 8.7358756673e-08, 7.53948938836e-08, 5.69419960073e-08, 9.36429813692e-08, 6.91165666922e-08, 7.77169475441e-08, 2.80594150581e-07, 1.32022606181e-07, 8.5982904352e-08, 6.72579503203e-08, 7.51889004391e-08, 1.01839150446e-08, 9.7670653787e-09, 1.12810809583e-08, 7.22193904679e-09, 5.44399236801e-09, 5.05856512234e-09, 6.36439878576e-09, 1.32872193248e-08, 3.34590777307e-09, 2.90092305733e-09, 9.22213805321e-10, 2.77005335336e-10, 4.75372075037e-10, 5.08857900261e-10, 1.9985785249e-10, 8.33104696341e-11, 5.85013773535e-11, 3.58154131352e-11, 4.04218464256e-11, 2.41713003779e-11, 1.06080014564e-11, 5.10561731781e-12, 2.1175264233e-12, 6.22191588615e-13, 3.91623772257e-13, 3.02538566031e-13, 2.86483646051e-13]
    }
}
}