{
"metadata": {
    "version": {
        "essentia": "2.1-dev"
    }
},
"lowlevel": {
    "mfcc": {
        "mean": [-652.457641602, 87.4741516113, -58.6497993469, 39.4608535767, -24.3675518036, -14.9972953796, -1.39734899998, -17.5417022705, -10.7188529968, -7.58202648163, -9.78137588501, -6.97441196442, -6.53143787384],
        "var": [10087.5068359, 758.888549805, 783.380493164, 390.675689697, 296.418334961, 279.764587402, 192.701187134, 193.993392944, 158.41494751, 144.055969238, 115.599632263, 82.9596710205, 81.0545043945]
    },
    "mfcc_bands": {
        "mean": [2.90589905489e-05, 0.000103971608041, 9.17436627788e-05, 0.000198926951271, 0.000279161002254, 0.000260959233856, 0.000181188559509, 0.000136113696499, 7.6842829003e-05, 0.000148641760461, 0.000117896248412, 7.80417394708e-05, 7.62997733545e-05, 5.98201113462e-05, 4.53422835562e-05, 8.85964836925e-05, 6.13794109086e-05, 5.06034266436e-05, 4.90634374728e-05, 5.56923660042e-05, 4.74385742564e-05, 5.38334279554e-05, 5.47751624254e-05, 6.2050530687e-05, 8.28806441859e-05, 8.72487871675e-05, 9.24477280932e-05, 7.10464519216e-05, 3.98873671656e-05, 1.63823715411e-05, 8.86254019861e-06, 5.54423422727e-06, 2.54611313721e-06, 1.01658133644e-06, 5.31627961209e-07, 3.28771449176e-07, 2.6160259381e-07, 2.41961430447e-07, 1.9948812735e-07, 1.17890877505e-07],
        "var": [5.19945864141e-09, 7.61219993706e-08, 2.17907309974e-08, 1.24301834603e-07, 2.15375749235e-07, 1.60245704706e-07, 9.54494581151e-08, 7.51830810941e-08, 3.12221004606e-08, 9.45894029769e-08, 4.02013569101e-08, 1.97930720702e-08, 2.23468408223e-08, 1.22450263262e-08, 5.10411846122e-09, 1.89923685667e-08, 1.30366624163e-08, 6.7786043445e-09, 7.72237473967e-09, 6.78762779316e-09, 6.3790492888e-09, 6.94037405324e-09, 5.87092463533e-09, 6.3407812334e-09, 1.01577404266e-08, 9.403596124e-09, 1.48707037795e-08, 8.02224331409e-09, 2.33317809517e-09, 5.34475241842e-10, 1.88494192477e-10, 1.00695778105e-10, 2.66195763349e-11, 4.19000858315e-12, 9.91620847934e-13, 3.34441052326e-13, 1.56829939118e-13, 2.05884449571e-13, 1.46725296843e-13, 3.44010098728e-14]
    }
}
}