{
"metadata": {
    "version": {
        "essentia": "2.1-dev"
    }
},
"lowlevel": {
    "mfcc": {
        "mean": [-702.052124023, 118.696052551, -46.094619751, 31.6915607452, -17.2650604248, -26.2522354126, -6.41461467743, -17.7049179077, -5.61573123932, -9.11086559296, -8.10293006897, -10.065993309, -5.18789100647],
        "var": [8833.92089844, 1087.37207031, 684.889648438, 342.924163818, 226.155395508, 303.366760254, 178.948638916, 155.301452637, 148.708633423, 120.020950317, 122.189872742, 97.4697418213, 82.6255340576]
    },
    "mfcc_bands": {
        "mean": [1.2315168533e-05, 5.78944091103e-05, 9.90896878648e-05, 0.000178504138603, 0.000232361140661, 0.000242695095949, 0.000148495324538, 0.000110870336357, 0.000167010366567, 0.000168556012795, 8.64032626851e-05, 7.97768079792e-05, 6.62610618747e-05, 3.99614727939e-05, 2.39738510572e-05, 2.09532845474e-05, 2.75334223261e-05, 3.40015358233e-05, 3.25003966282e-05, 2.50727371167e-05, 2.53034249909e-05, 3.16046171065e-05, 3.05927933368e-05, 2.51063429459e-05, 2.5348030249e-05, 2.07913290069e-05, 1.61098232638e-05, 1.10237115223e-05, 7.0711898843e-06, 4.16514603785e-06, 2.03059335036e-06, 1.42089470501e-06, 7.25019560832e-07, 4.44887973572e-07, 1.91277607087e-07, 1.29027412754e-07, 1.28663941723e-07, 1.24712940419e-07, 1.3163004553e-07, 1.32447183887e-07],
        "var": [8.06100519668e-10, 2.43471429684e-08, 4.15203942339e-08, 5.97810370095e-08, 8.39309990397e-08, 1.17234826291e-07, 5.01138224251e-08, 4.4904204799e-08, 1.37444388315e-07, 1.07233766755e-07, 5.03483121861e-08, 4.91228497879e-08, 3.53923006458e-08, 1.17749960893e-08, 4.45365211377e-09, 2.39436426241e-09, 6.39369446276e-09, 8.10669753548e-09, 7.71166064339e-09, 3.31078076066e-09, 4.74296601993e-09, 5.94690519051e-09, 6.27755714078e-09, 2.68351740829e-09, 3.48748252499e-09, 9.54253231988e-10, 5.89680804186e-10, 3.70415281781e-10, 1.37741679174e-10, 1.24423638059e-10, 2.71230191085e-11, 1.95721407831e-11, 5.15132337828e-12, 2.54515332421e-12, 4.05466702965e-13, 3.20892075932e-13, 3.95050718483e-13, 2.24661516604e-13, 1.78913660146e-13, 1.659615506e-13]
    }
}
}