{
"metadata": {
    "version": {
        "essentia": "2.1-dev"
    }
},
"lowlevel": {
    "mfcc": {
        "mean": [-734.464111328, 104.160163879, -40.8754653931, 40.2309570312, -16.112121582, -11.8130435944, -1.97819721699, -3.43044352531, -7.82050323486, 0.422578781843, -3.43749070168, -4.33099031448, -1.41755568981],
        "var": [15756.8818359, 1289.12145996, 736.75769043, 350.89453125, 202.150375366, 156.150268555, 170.870910645, 139.631088257, 130.438354492, 148.536834717, 123.514778137, 91.5119400024, 91.6368255615]
    },
    "mfcc_bands": {
        "mean": [2.07598186535e-05, 4.69906990475e-05, 3.78999757231e-05, 7.89866680861e-05, 7.37135051168e-05, 4.88562436658e-05, 7.05423153704e-05, 6.83953549014e-05, 8.07607066236e-05, 7.94952720753e-05, 5.76560996706e-05, 5.9593556216e-05, 2.70160217042e-05, 2.48834749073e-05, 2.73163459497e-05, 2.39977998717e-05, 1.73063108377e-05, 2.70893942798e-05, 1.95628999791e-05, 1.54118642968e-05, 1.44078812809e-05, 1.36891558213e-05, 2.61135046458e-05, 3.57702483598e-05, 3.52077659045e-05, 4.60850496893e-05, 3.74268565793e-05, 1.67955586221e-05, 6.3254124143e-06, 4.28141220254e-06, 2.09538825402e-06, 1.14733745704e-06, 8.77208265138e-07, 4.60859354234e-07, 3.2037067399e-07, 2.08085083386e-07, 1.36684874974e-07, 1.06543140532e-07, 7.12189631713e-08, 5.69690250529e-08],
        "var": [8.14523615222e-10, 7.85938336634e-09, 6.02675775951e-09, 1.55091903764e-08, 1.00833057459e-08, 6.5498007018e-09, 1.62970916762e-08, 2.46051836683e-08, 3.75235664762e-08, 5.80597934174e-08, 4.0317907235e-08, 3.16690602631e-08, 3.68953467778e-09, 4.08106348715e-09, 9.04875108176e-09, 4.83590900657e-09, 1.7632556526e-09, 5.5351225825e-09, 2.61107713229e-09, 1.53222889931e-09, 7.94754040356e-10, 5.58772916825e-10, 3.26988813804e-09, 5.38963407237e-09, 5.24229415433e-09, 1.22147927328e-08, 8.33448599025e-09, 1.45540524077e-09, 1.48635312391e-10, 8.35132796251e-11, 2.230779797e-11, 7.97041165707e-12, 4.78654095526e-12, 9.30392048126e-13, 4.59820387062e-13, 2.12563229822e-13, 1.44650892826e-13, 8.74200275429e-14, 3.53324682879e-14, 2.30531485421e-14]
    }
}
}