{
"metadata": {
    "version": {
        "essentia": "2.1-dev"
    }
},
"lowlevel": {
    "mfcc": {
        "mean": [-791.527709961, 109.502281189, -30.9614982605, 34.7830657959, -18.063835144, -14.4906272888, -2.72430562973, -7.84268045425, -6.15560007095, -8.40832710266, -8.12965583801, -6.17455720901, -0.578733682632],
        "var": [14843.4658203, 1397.03137207, 1536.61022949, 537.456665039, 314.755706787, 274.790008545, 293.944763184, 145.867111206, 150.259109497, 141.663284302, 122.810493469, 126.643486023, 112.048950195]
    },
    "mfcc_bands": {
        "mean": [5.90369791098e-06, 2.55677059613e-05, 3.9593425754e-05, 4.35520596511e-05, 5.62142085982e-05, 6.159786426e-05, 5.39000357094e-05, 3.3943579183e-05, 2.6496431019e-05, 5.09370329382e-05, 9.28014633246e-05, 8.24745220598e-05, 7.72417770349e-05, 7.66845332691e-05, 4.01009237976e-05, 1.64771045092e-05, 1.15518323582e-05, 1.44670675581e-05, 1.40568790812e-05, 1.80215374712e-05, 1.82794283319e-05, 1.06379275167e-05, 1.11740473585e-05, 8.5426008809e-06, 9.56935946306e-06, 8.4771290858e-06, 6.44788315185e-06, 4.99193038195e-06, 2.51509982263e-06, 1.53659436819e-06, 1.20817344396e-06, 9.38106666126e-07, 5.41039128166e-07, 2.36426799916e-07, 1.29843954255e-07, 7.68594290435e-08, 5.6899811085e-08, 4.26356621119e-08, 3.429020623e-08, 2.49097187321e-08],
        "var": [9.71251620796e-11, 6.79986689178e-09, 8.45203551592e-09, 7.42644346019e-09, 1.26993704441e-08, 1.29787247616e-08, 1.60040976027e-08, 1.15575575776e-08, 2.13631672352e-08, 4.94762772973e-08, 1.4853611674e-07, 1.45797613982e-07, 1.23566906041e-07, 9.39968600733e-08, 3.35866729984e-08, 4.23279011841e-09, 2.46078846189e-09, 3.44205752789e-09, 5.68258018419e-09, 5.96162363919e-09, 4.4754555617e-09, 1.95590676988e-09, 1.0758560709e-09, 4.83586115596e-10, 4.11137374146e-10, 4.44793313292e-10, 1.60754062839e-10, 7.75723443813e-11, 1.91597449711e-11, 9.07976038106e-12, 9.51264240989e-12, 6.30459616804e-12, 2.34344856888e-12, 5.1873376471e-13, 1.77942580917e-13, 1.02244411939e-13, 6.05050948579e-14, 2.39088330839e-14, 1.11247935099e-14, 4.81537171723e-15]
    }
}
}