{
"metadata": {
    "version": {
        "essentia": "2.1-dev"
    }
},
"lowlevel": {
    "mfcc": {
        "mean": [-720.977294922, 114.844589233, -24.0513877869, 47.3044319153, -13.9697952271, -8.69966602325, 1.0721591711, -2.90681195259, -9.325756073, -8.67857646942, -8.59852695465, -9.7208738327, -5.4539232254],
        "var": [11010.6455078, 1034.94287109, 1003.92041016, 399.535614014, 408.018188477, 174.181747437, 156.030593872, 125.814804077, 118.722976685, 114.604286194, 91.7617721558, 82.3204498291, 70.8333816528]
    },
    "mfcc_bands": {
        "mean": [1.76783742063e-05, 0.000105430364783, 0.00028052131529, 0.000376168114599, 0.000161357238539, 6.55675539747e-05, 5.93795302848e-05, 8.13418009784e-05, 0.000114880611363, 4.6629607823e-05, 5.56064260309e-05, 6.15060343989e-05, 5.22379632457e-05, 3.86879037251e-05, 2.19119792746e-05, 1.91040016944e-05, 1.77463789441e-05, 1.25319620565e-05, 1.27431703731e-05, 9.42120641412e-06, 1.14725507956e-05, 1.6022240743e-05, 2.31801441259e-05, 1.83640768228e-05, 1.58350230777e-05, 1.78422305908e-05, 2.16574208025e-05, 1.28799720187e-05, 5.82960274187e-06, 3.56040072802e-06, 1.97340636987e-06, 1.3933762375e-06, 6.16184479441e-07, 3.43014278315e-07, 2.32888467622e-07, 2.13562401541e-07, 1.09251303115e-07, 8.46357366413e-08, 9.0938392816e-08, 7.73205783844e-08],
        "var": [5.42721867447e-10, 2.59064645292e-08, 1.56025635079e-07, 2.78557536149e-07, 4.91650311574e-08, 6.39383568313e-09, 7.69422481284e-09, 2.6935765618e-08, 1.0593333144e-07, 1.15528067113e-08, 3.01390059576e-08, 2.13626361045e-08, 2.17806341851e-08, 1.3716928926e-08, 3.49617157447e-09, 4.07476719033e-09, 3.58334362183e-09, 1.63212321436e-09, 1.22061194485e-09, 4.37222480443e-10, 6.57776777491e-10, 1.27835309005e-09, 2.13161199802e-09, 8.31796520551e-10, 7.14180992123e-10, 1.02875308272e-09, 1.47585610399e-09, 6.25194840342e-10, 1.05512355797e-10, 4.93135567103e-11, 1.17667412272e-11, 4.86974566574e-12, 1.24698753927e-12, 6.18924020108e-13, 2.69286546187e-13, 2.49399296787e-13, 2.12849201697e-13, 1.26652188086e-13, 1.26501809245e-13, 6.44878234471e-14]
    }
}
}