{
"metadata": {
    "version": {
        "essentia": "2.1-dev"
    }
},
"lowlevel": {
    "mfcc": {
        "mean": [-733.979370117, 114.718536377, -35.1773948669, 30.926864624, -11.0363826752, -21.9127826691, 6.0184006691, -11.2476119995, -4.74747800827, -4.13596963882, -8.21025371552, -7.60999202728, -1.08844697475],
        "var": [9490.80078125, 1802.40478516, 1909.92541504, 838.780334473, 544.621582031, 574.029174805, 407.559967041, 282.001159668, 272.539306641, 220.104980469, 163.893890381, 144.674728394, 134.251068115]
    },
    "mfcc_bands": {
        "mean": [4.8829773732e-05, 0.000274441641523, 0.000293674616842, 0.000165555698914, 0.000142643824802, 0.000128644300275, 9.58961027209e-05, 7.83253271948e-05, 4.88728073833e-05, 6.42149680061e-05, 6.52242451906e-05, 3.11391413561e-05, 3.16141231451e-05, 2.87362981908e-05, 2.21353020606e-05, 1.46951233546e-05, 1.90671380551e-05, 2.42441492446e-05, 2.18469249376e-05, 2.89994932245e-05, 2.08073561225e-05, 2.13034036278e-05, 2.30594287132e-05, 2.25884887186e-05, 2.60358046944e-05, 3.4525844967e-05, 2.29051711358e-05, 1.59359951795e-05, 6.61040530758e-06, 2.98312897939e-06, 1.88392311884e-06, 9.10485653094e-07, 4.73610782592e-07, 3.14737235385e-07, 1.61188779657e-07, 1.28401339339e-07, 1.62455691566e-07, 1.45560548503e-07, 1.51860419351e-07, 1.33771507649e-07],
        "var": [9.16589293354e-09, 3.29245239072e-07, 6.17718910689e-07, 1.19321114767e-07, 8.2317143324e-08, 4.45429222395e-08, 2.09237498439e-08, 4.20255759082e-08, 2.41888180597e-08, 2.02127576898e-08, 1.90763262964e-08, 4.29427338133e-09, 9.60032942032e-09, 4.29281854508e-09, 2.97136226735e-09, 8.90730489367e-10, 1.89613880153e-09, 3.22447757384e-09, 2.44835129948e-09, 5.34415622866e-09, 2.46330067455e-09, 4.12061407218e-09, 3.6234644174e-09, 2.56043297675e-09, 2.91924062701e-09, 7.64441665524e-09, 2.93287039099e-09, 1.50202317251e-09, 2.1030668873e-10, 6.1315792721e-11, 3.85739808151e-11, 6.49552980847e-12, 3.34721703479e-12, 9.29693388246e-13, 1.81933027671e-13, 1.68546803576e-13, 2.63387537692e-13, 2.12721604654e-13, 1.13012348774e-13, 6.31945938721e-14]
    }
}
}