{
"metadata": {
    "version": {
        "essentia": "2.1-dev"
    }
},
"lowlevel": {
    "mfcc": {
        "mean": [-722.332824707, 118.365905762, -22.8251247406, 45.7414627075, -10.0318384171, -16.3146495819, 4.55630302429, -8.40865325928, 0.428701967001, -3.19323253632, -13.4545545578, -5.38422393799, -6.75698804855],
        "var": [11089.5810547, 1050.77624512, 927.348937988, 395.457000732, 215.224578857, 249.205368042, 251.378250122, 204.133728027, 143.918533325, 162.625732422, 112.625282288, 110.781898499, 114.844818115]
    },
    "mfcc_bands": {
        "mean": [3.3397700463e-05, 0.000158577066031, 0.000225563329877, 0.000261242385022, 0.000154866444063, 0.000119857919344, 0.000126211161842, 7.77497189119e-05, 6.8575674959e-05, 5.10355930601e-05, 0.000154143956024, 6.01528918196e-05, 5.41686822544e-05, 3.30296352331e-05, 1.67086127476e-05, 1.18412490338e-05, 2.79796040559e-05, 1.25172246044e-05, 1.93560845219e-05, 1.5993928173e-05, 2.23287188419e-05, 2.02836745302e-05, 1.84601394722e-05, 1.55593334057e-05, 1.94847052626e-05, 2.17333163164e-05, 1.46172696986e-05, 1.71260417119e-05, 1.87110581464e-05, 6.55414669382e-06, 1.42207488807e-06, 6.56919610265e-07, 3.2873643363e-07, 1.84788575552e-07, 1.88819313962e-07, 1.3402640775e-07, 8.38991596197e-08, 1.06175896519e-07, 1.2728240506e-07, 7.304776517e-08],
        "var": [2.90956903015e-09, 6.0655693801e-08, 7.47062856021e-08, 1.90726353821e-07, 5.54420189758e-08, 6.69095427952e-08, 8.64918590082e-08, 4.03674818017e-08, 2.24289369299e-08, 2.48878304632e-08, 1.09503545787e-07, 2.87241590513e-08, 5.12031235189e-08, 6.76953604284e-09, 1.72208103333e-09, 3.24817284181e-09, 6.87931223098e-09, 1.06940867273e-09, 2.3315305242e-09, 1.64286539928e-09, 2.50748022346e-09, 1.63680480281e-09, 2.10282102842e-09, 7.40854544379e-10, 9.95975635298e-10, 2.12477591077e-09, 6.02049077258e-10, 1.04111097521e-09, 1.34238931082e-09, 1.83594014991e-10, 1.25534400583e-11, 2.71883513966e-12, 6.39979714188e-13, 1.76419886729e-13, 2.52931952726e-13, 1.25804341987e-13, 2.22551215331e-14, 4.48492154873e-14, 6.55319846781e-14, 3.47063483096e-14]
    }
}
}