{
"metadata": {
    "version": {
        "essentia": "2.1-dev"
    }
},
"lowlevel": {
    "mfcc": {
        "mean": [-728.852905273, 108.704109192, -18.0008659363, 28.4337177277, -19.9995937347, -21.7821140289, -12.7538909912, -7.58551883698, -6.69437599182, -13.068353653, -4.6895608902, -15.5436811447, -10.4121417999],
        "var": [8655.18554688, 1537.99645996, 731.884399414, 657.690795898, 373.943145752, 269.113494873, 261.767059326, 180.429244995, 182.905975342, 158.974639893, 152.700942993, 150.334121704, 100.440078735]
    },
    "mfcc_bands": {
        "mean": [4.01828474423e-05, 0.000142152988701, 0.000172190222656, 0.00018295267364, 0.000191936851479, 9.97537863441e-05, 6.62542515784e-05, 0.000102592814073, 0.000127082283143, 0.000112466710561, 7.73197753006e-05, 4.25363250542e-05, 2.69947049674e-05, 1.27592811623e-05, 9.55094037636e-06, 8.52612811286e-06, 9.84662074188e-06, 9.50402954913e-06, 8.39068525238e-06, 9.93713911157e-06, 6.51951449981e-06, 6.76921717968e-06, 1.13166479423e-05, 1.53689179569e-05, 1.18656616905e-05, 9.59190037975e-06, 6.40736971036e-06, 7.60716329751e-06, 4.71867724627e-06, 3.21333118336e-06, 2.62297908193e-06, 1.41329951475e-06, 9.00975180684e-07, 6.62757884129e-07, 3.23133633628e-07, 1.42548884696e-07, 1.73801183223e-07, 1.60684891171e-07, 1.66531691548e-07, 1.53852155904e-07],
        "var": [5.16047338195e-09, 9.84433228268e-08, 1.08100003615e-07, 4.82706425942e-08, 4.57436719614e-08, 1.68490128516e-08, 9.54728207603e-09, 2.72759201891e-08, 5.09704030094e-08, 4.17453627222e-08, 2.00431209407e-08, 1.01525330365e-08, 3.19513948632e-09, 1.09188502684e-09, 5.59708945858e-10, 3.44755918258e-10, 5.41827138711e-10, 4.16366580103e-10, 3.44709927269e-10, 4.7071568865e-10, 1.51338330756e-10, 1.40533126802e-10, 5.79503278697e-10, 7.69058372541e-10, 1.10840125966e-09, 1.52906642903e-09, 2.8855975942e-10, 6.56643905916e-10, 2.04272834758e-10, 1.07041257802e-10, 9.17905057518e-11, 8.53400856926e-12, 3.2756644619e-12, 1.84861371003e-12, 4.16504341866e-13, 8.87903574449e-14, 1.11892903254e-13, 8.54970730172e-14, 9.72734398455e-14, 7.49988314725e-14]
    }
}
}