{
"metadata": {
    "version": {
        "essentia": "2.1-dev"
    }
},
"lowlevel": {
    "mfcc": {
        "mean": [-795.173095703, 127.521644592, -0.03885826841, 43.0373191833, -13.8600635529, -13.7314472198, 0.477157920599, -3.56429433823, -5.29121589661, -2.89560580254, -4.2710723877, -4.23411035538, -3.73928761482],
        "var": [14772.0146484, 1249.69262695, 1616.71386719, 403.165466309, 354.786743164, 191.459487915, 193.378768921, 117.651535034, 134.122314453, 131.306381226, 132.767791748, 93.4166946411, 97.5059585571]
    },
    "mfcc_bands": {
        "mean": [2.1273153834e-05, 6.78258147673e-05, 0.000120964818052, 7.72039566073e-05, 5.60814441997e-05, 5.5577911553e-05, 5.98781953158e-05, 9.175032028e-05, 6.8269611802e-05, 5.01832801092e-05, 8.04835508461e-05, 3.17788981192e-05, 2.49159147643e-05, 1.56322657858e-05, 9.83819154499e-06, 5.92170954405e-06, 1.85943372344e-05, 8.3736522356e-06, 7.98179280537e-06, 9.45840019995e-06, 7.17405146133e-06, 5.78678009333e-06, 7.22255299479e-06, 7.22514232621e-06, 6.98118628861e-06, 5.99698478254e-06, 7.33411025067e-06, 5.70546626477e-06, 2.61547165792e-06, 1.19708772672e-06, 8.01232260983e-07, 6.52357584841e-07, 3.80481452567e-07, 1.93814756244e-07, 1.14836581133e-07, 7.87868756902e-08, 5.24203009888e-08, 4.017500288e-08, 3.59775960135e-08, 2.75893619062e-08],
        "var": [9.33438548678e-10, 1.02276231928e-08, 3.62588856717e-08, 1.39272309241e-08, 9.42318223451e-09, 8.70085070659e-09, 1.12299609611e-08, 5.62803066373e-08, 3.58730574135e-08, 2.6094822303e-08, 1.18610671507e-07, 3.42464581138e-08, 8.01021649011e-09, 3.4537828153e-09, 1.03916386607e-09, 5.38282585172e-10, 7.56222551246e-09, 1.33447142225e-09, 7.62702567769e-10, 3.01185298923e-09, 7.91126331112e-10, 4.53910437015e-10, 7.55572271416e-10, 2.39290087745e-10, 1.0639028547e-09, 1.94381691299e-10, 2.30795271783e-10, 1.44221495857e-10, 4.38247320378e-11, 6.46472545635e-12, 3.28360949542e-12, 2.27980481715e-12, 8.10591394354e-13, 3.27593909031e-13, 1.07864861791e-13, 4.22853246829e-14, 1.47374296875e-14, 7.66652569878e-15, 6.76459654622e-15, 4.59382770878e-15]
    }
}
}