{
"metadata": {
    "version": {
        "essentia": "2.1-dev"
    }
},
"lowlevel": {
    "mfcc": {
        "mean": [-732.141784668, 116.005462646, 11.846903801, 37.5140037537, -19.2908172607, -18.6873817444, -10.1880130768, -2.85849142075, -2.25750517845, -3.88758563995, -4.09362792969, -9.84988117218, 0.253644615412],
        "var": [7899.84521484, 1906.34460449, 737.544128418, 455.335784912, 320.498748779, 226.46383667, 275.211975098, 177.741500854, 182.084793091, 127.955162048, 108.065010071, 126.455047607, 95.0286483765]
    },
    "mfcc_bands": {
        "mean": [4.99650268466e-05, 0.000187972807907, 0.000337021541782, 0.000304615299683, 0.000232288541156, 9.7166543128e-05, 0.000178633446922, 0.000119297925266, 0.000146213700646, 6.90828601364e-05, 3.65205050912e-05, 2.09182489925e-05, 1.79684957402e-05, 1.32384548124e-05, 8.19512388262e-06, 5.29379713043e-06, 4.47852607977e-06, 3.77408809982e-06, 5.78876142754e-06, 5.34999298907e-06, 5.12335009262e-06, 5.65314212508e-06, 7.14148791303e-06, 5.2329587561e-06, 8.89722377906e-06, 1.09748789328e-05, 6.36273307464e-06, 4.79412165078e-06, 3.22069308822e-06, 2.74461717709e-06, 1.85702526778e-06, 1.74596880242e-06, 1.3091234905e-06, 8.12979806142e-07, 4.81590859636e-07, 3.73622356165e-07, 2.79638811662e-07, 2.26210914889e-07, 3.22989649248e-07, 3.5441277646e-07],
        "var": [4.38678027237e-09, 1.22359011812e-07, 3.85876035125e-07, 1.18606791943e-07, 1.53694159621e-07, 1.94313756197e-08, 5.24399084156e-08, 3.47071988926e-08, 6.55727134813e-08, 1.61169868562e-08, 5.93801008364e-09, 1.32936883723e-09, 2.56387733266e-09, 1.2592461518e-09, 6.70840882844e-10, 4.03846400765e-10, 2.95174773512e-10, 1.50130921583e-10, 5.11142905779e-10, 2.40056724499e-10, 2.73355532654e-10, 4.72585692801e-10, 5.94661653253e-10, 1.66347866037e-10, 5.46334144591e-10, 7.00840330214e-10, 2.72771055743e-10, 1.81865564275e-10, 7.00691657474e-11, 5.53939429049e-11, 1.76389736151e-11, 1.77359047587e-11, 1.05895249167e-11, 3.47325293526e-12, 1.35911702899e-12, 6.87318691545e-13, 3.49612510166e-13, 2.24232524909e-13, 6.17380929366e-13, 6.91474113211e-13]
    }
}
}