{
"metadata": {
    "version": {
        "essentia": "2.1-dev"
    }
},
"lowlevel": {
    "mfcc": {
        "mean": [-700.119628906, 108.74760437, -34.7257881165, 38.8419342041, -11.6085538864, -15.8980474472, 0.438370198011, -4.44355010986, -5.38057804108, -1.32164120674, -4.30350637436, -5.89413356781, -1.83336675167],
        "var": [9285.47851562, 948.102294922, 641.151428223, 289.508850098, 261.834869385, 208.126876831, 222.689453125, 154.87020874, 144.741592407, 141.658035278, 137.455535889, 92.2825012207, 90.0154571533]
    },
    "mfcc_bands": {
        "mean": [5.59614854865e-05, 0.000114297457912, 8.85285626282e-05, 0.000196711116587, 0.000208100842428, 0.000121657030832, 8.9316003141e-05, 0.00014026624558, 0.000229991899687, 0.000134031812195, 0.000115710849059, 0.000147120837937, 7.31607069611e-05, 2.43410049734e-05, 2.19365701923e-05, 2.54684582615e-05, 2.54776587099e-05, 3.28651731252e-05, 2.45217652264e-05, 1.65779329109e-05, 1.39564481287e-05, 1.96294458874e-05, 2.43269660132e-05, 2.42659734795e-05, 2.05081068998e-05, 2.72869983746e-05, 3.27258712787e-05, 1.86357065104e-05, 1.05319668364e-05, 4.95678023071e-06, 2.15704017137e-06, 1.32248931095e-06, 9.06517982457e-07, 6.65203799599e-07, 4.12377829662e-07, 2.92531041168e-07, 1.9497637993e-07, 1.77504247745e-07, 1.38663949656e-07, 1.01502521943e-07],
        "var": [9.41059852266e-09, 2.98786559938e-08, 3.68248755933e-08, 1.82622656553e-07, 1.10557500932e-07, 5.80794008442e-08, 2.55929144544e-08, 1.07233667279e-07, 3.12682232106e-07, 1.75093362031e-07, 1.13607491414e-07, 1.48428838997e-07, 5.52651719943e-08, 5.94841065293e-09, 2.99128788406e-09, 5.7902171946e-09, 4.92035123756e-09, 8.49427461702e-09, 3.1448323945e-09, 1.81526593757e-09, 7.14934667023e-10, 1.24609311758e-09, 1.70428171575e-09, 1.73548497795e-09, 1.68190239513e-09, 2.61079269315e-09, 3.27746163542e-09, 1.71880010225e-09, 6.28455953944e-10, 1.30022742573e-10, 2.79988948693e-11, 1.15872485218e-11, 5.93140033617e-12, 3.82551585895e-12, 1.80154957792e-12, 1.40514835011e-12, 5.14979335217e-13, 2.19431244008e-13, 9.87335958976e-14, 5.81821849271e-14]
    }
}
}