{
"metadata": {
    "version": {
        "essentia": "2.1-dev"
    }
},
"lowlevel": {
    "mfcc": {
        "mean": [-720.368469238, 80.9174118042, -27.5782814026, 49.9215888977, -19.1407680511, -16.924533844, -7.35836982727, -8.4811296463, -7.7577419281, -8.37351989746, -11.9260511398, -11.2433786392, -9.07020282745],
        "var": [8348.64648438, 1384.71252441, 759.979797363, 458.401031494, 415.421325684, 389.260864258, 230.570205688, 163.249389648, 154.415023804, 169.764816284, 130.82699585, 104.262763977, 106.928192139]
    },
    "mfcc_bands": {
        "mean": [1.7631215087e-05, 3.36894772772e-05, 0.000137532260851, 0.000327132962411, 0.000173427513801, 3.06641341012e-05, 7.01948447386e-05, 9.17083307286e-05, 3.8536334614e-05, 3.05696594296e-05, 2.68271414825e-05, 1.55714133143e-05, 1.22772617033e-05, 8.32725709188e-06, 5.87735166846e-06, 5.10680138177e-06, 4.28605289926e-06, 6.30844806437e-06, 6.81313895257e-06, 1.00665156424e-05, 1.49716533997e-05, 1.35443124236e-05, 1.88822468772e-05, 1.97983426915e-05, 2.36206560658e-05, 1.95960928977e-05, 1.71832471096e-05, 1.4024041775e-05, 9.21858645597e-06, 5.90585341342e-06, 4.46965032097e-06, 2.79921596302e-06, 1.68505403053e-06, 8.78045966601e-07, 5.13025270266e-07, 3.53649340923e-07, 2.59197520336e-07, 1.93689217554e-07, 1.63244010309e-07, 1.24776747157e-07],
        "var": [7.49552864221e-10, 2.94436430792e-09, 5.73560043904e-08, 1.93222348344e-07, 8.53498747233e-08, 3.03266323165e-09, 2.25666170195e-08, 4.36477982646e-08, 1.00719850238e-08, 5.09707165364e-09, 3.73099640072e-09, 6.43212372253e-10, 8.24429913227e-10, 7.05292768632e-10, 1.74351588722e-10, 1.3158356349e-10, 7.78997560902e-11, 1.47400133765e-10, 1.62557481365e-10, 5.02841490668e-10, 1.20663778969e-09, 1.07631781265e-09, 1.97942573443e-09, 1.37603861639e-09, 1.43300993294e-09, 1.01692554377e-09, 7.81164299912e-10, 5.1558296521e-10, 2.35587577224e-10, 1.30844543533e-10, 9.38219363311e-11, 3.67223265685e-11, 1.47829543745e-11, 3.8482992834e-12, 8.98468203048e-13, 3.03405168827e-13, 1.99294465479e-13, 1.0445293854e-13, 8.01068196152e-14, 5.01014804459e-14]
    }
}
}