{
"metadata": {
    "version": {
        "essentia": "2.1-dev"
    }
},
"lowlevel": {
    "mfcc": {
        "mean": [-723.53515625, 114.344337463, -8.01272296906, 47.0616722107, -6.69280052185, -11.2773723602, -7.98774814606, -7.05788373947, -12.0760288239, -5.49252414703, -9.18310928345, -7.43884658813, -4.01416683197],
        "var": [15708.4326172, 1248.03540039, 721.23236084, 465.838592529, 217.940612793, 226.060394287, 156.945358276, 100.229911804, 131.418685913, 158.335327148, 82.9064331055, 97.7533569336, 72.8548278809]
    },
    "mfcc_bands": {
        "mean": [4.29008869105e-05, 0.00019537784101, 0.000462053052615, 0.000540743640158, 0.000436943315435, 0.000156378082465, 0.000209778445424, 0.000186762597878, 0.000122933983221, 6.31763905403e-05, 4.26810038334e-05, 4.24954996561e-05, 2.21568388952e-05, 1.19289788927e-05, 7.29686644263e-06, 9.99343956209e-06, 1.34093361339e-05, 1.33716557684e-05, 1.01889263533e-05, 1.24282450997e-05, 1.09294915092e-05, 1.19155538414e-05, 1.46673382915e-05, 1.88267349586e-05, 1.83667962119e-05, 1.6088162738e-05, 1.59586015798e-05, 1.11419612949e-05, 7.83935774962e-06, 4.78116317026e-06, 4.05507807955e-06, 2.05952528631e-06, 1.08238134544e-06, 7.0437050681e-07, 3.55890676929e-07, 2.7080815812e-07, 1.53897232735e-07, 1.29542385707e-07, 1.06231347274e-07, 7.25255802081e-08],
        "var": [3.92100574231e-09, 1.01732780422e-07, 5.80417065521e-07, 4.34658545601e-07, 3.36528984235e-07, 6.33292529528e-08, 1.88989815797e-07, 1.44014194348e-07, 1.0067189038e-07, 5.1078618668e-08, 1.24885470854e-08, 1.41241942586e-08, 4.44464198779e-09, 6.82435497001e-10, 2.63832261593e-10, 8.32248270299e-10, 1.69319980259e-09, 1.16883092094e-09, 4.00484478913e-10, 5.23958487708e-10, 5.271448833e-10, 5.83171289037e-10, 7.12884473675e-10, 1.28289856516e-09, 1.19827192613e-09, 1.21995125113e-09, 8.48480008475e-10, 3.86073284453e-10, 2.55858056963e-10, 1.08666915744e-10, 7.9371641204e-11, 1.65718098966e-11, 3.54925919384e-12, 1.41958797148e-12, 3.11891327652e-13, 1.47114091742e-13, 4.37620148181e-14, 4.17442197074e-14, 4.45305142587e-14, 2.69227152236e-14]
    }
}
}