{
"metadata": {
    "version": {
        "essentia": "2.1-dev"
    }
},
"lowlevel": {
    "mfcc": {
        "mean": [-719.239440918, 128.985717773, -23.2993888855, 36.1455078125, -16.2644481659, -20.0528640747, -4.07268667221, -6.39492511749, -7.45243263245, -1.38809514046, -11.2238588333, -6.17512464523, -2.54080176353],
        "var": [14678.7207031, 1508.87487793, 1319.59692383, 576.203186035, 230.243896484, 262.68951416, 195.582305908, 106.823097229, 113.745849609, 114.216072083, 80.6429443359, 77.0027694702, 92.0264892578]
    },
    "mfcc_bands": {
        "mean": [2.624719491e-05, 0.000136289134389, 0.000176678062417, 0.000166695404914, 0.000256095634541, 0.000289587856969, 0.000159089686349, 0.000106760780909, 0.000106147628685, 9.15441341931e-05, 7.12883193046e-05, 6.38416386209e-05, 6.4500112785e-05, 7.87892640801e-05, 1.3089604181e-05, 1.59583214554e-05, 1.95297652681e-05, 1.88411795534e-05, 2.64927421085e-05, 2.18069890252e-05, 2.70866185019e-05, 1.6726398826e-05, 1.92383140529e-05, 2.49259555858e-05, 2.14352839976e-05, 2.48890592047e-05, 2.25128424063e-05, 1.81898139999e-05, 7.99142890173e-06, 4.27323493568e-06, 2.69112638307e-06, 1.71182443864e-06, 9.88368356047e-07, 5.92670630795e-07, 4.10316687294e-07, 2.92736160645e-07, 1.92145449773e-07, 1.2773929825e-07, 1.02244193556e-07, 7.03133196112e-08],
        "var": [8.54129544869e-10, 4.02858582049e-08, 1.11124151658e-07, 6.59999770392e-08, 1.1992787563e-07, 1.55723583362e-07, 4.52722908051e-08, 2.99041325036e-08, 3.38072858597e-08, 2.55588652465e-08, 1.58422270857e-08, 2.37212347542e-08, 2.85313017656e-08, 3.88228080794e-08, 9.89975434962e-10, 1.39148215172e-09, 2.34817676414e-09, 1.79737702499e-09, 3.21836846062e-09, 1.69361491498e-09, 3.20072879312e-09, 6.35486274714e-10, 8.27525825642e-10, 1.47782386328e-09, 1.13805742608e-09, 1.65003011254e-09, 1.33539368452e-09, 8.50089887372e-10, 2.15327630726e-10, 8.04243407981e-11, 3.58711289838e-11, 1.30523820918e-11, 4.68363802603e-12, 1.90807482661e-12, 1.73718472333e-12, 5.86070417457e-13, 3.84310801498e-13, 2.19049848789e-13, 1.54523813992e-13, 8.88242658679e-14]
    }
}
}