{
"metadata": {
    "version": {
        "essentia": "2.1-dev"
    }
},
"lowlevel": {
    "mfcc": {
        "mean": [-719.181518555, 119.657943726, -7.47006893158, 49.1234169006, -19.5130844116, -13.0189676285, -8.27201271057, -6.0539689064, -3.89457917213, -10.4539690018, -2.83167767525, -10.5929670334, -3.46111679077],
        "var": [7852.44628906, 1757.72485352, 903.880981445, 364.64730835, 304.581329346, 171.903930664, 236.531097412, 162.737182617, 187.66847229, 159.716125488, 167.082168579, 103.320075989, 96.6238479614]
    },
    "mfcc_bands": {
        "mean": [4.21119730163e-05, 0.000156433787197, 0.000174042434082, 0.000296691287076, 0.000378273631213, 0.000230009231018, 0.000156336900545, 0.00022939426708, 0.000146451231558, 7.63257485232e-05, 5.3321611631e-05, 3.75451054424e-05, 3.67006468878e-05, 2.17551096284e-05, 1.33458088385e-05, 9.32965485845e-06, 7.58050828154e-06, 8.86065572558e-06, 1.07131681943e-05, 1.11611234388e-05, 1.06552033685e-05, 8.50989272294e-06, 1.50381347339e-05, 1.4750066839e-05, 9.96572634904e-06, 1.3045050764e-05, 9.28191911953e-06, 6.30889962849e-06, 5.34371474714e-06, 4.23590518039e-06, 3.34720357387e-06, 2.3953505206e-06, 1.26685779378e-06, 5.26129326772e-07, 3.10526758085e-07, 1.54138604103e-07, 8.05889470712e-08, 8.0683648207e-08, 1.20375730717e-07, 9.27024004227e-08],
        "var": [3.11465386815e-09, 6.50705374028e-08, 6.279067577e-08, 1.7368257943e-07, 2.32363163377e-07, 1.05686744689e-07, 7.82527607157e-08, 3.43166249195e-07, 1.3558813805e-07, 3.00352169802e-08, 1.23672032615e-08, 6.4932841326e-09, 1.35366606813e-08, 5.51993650788e-09, 1.90770887976e-09, 7.59127427585e-10, 3.79446613019e-10, 4.82705264648e-10, 6.45011488665e-10, 8.26575474733e-10, 9.13196684937e-10, 4.30375263205e-10, 7.10976832963e-10, 6.46745268451e-10, 2.94387680899e-10, 4.94943197538e-10, 2.88878171384e-10, 2.05454264712e-10, 1.66311422967e-10, 9.18830844743e-11, 5.72750007144e-11, 2.42614105889e-11, 7.41533744131e-12, 1.53382580075e-12, 5.03719678815e-13, 1.44822440715e-13, 5.96623309567e-14, 7.03397436868e-14, 1.19917164848e-13, 5.58513772611e-14]
    }
}
}