{
"metadata": {
    "version": {
        "essentia": "2.1-dev"
    }
},
"lowlevel": {
    "mfcc": {
        "mean": [-682.522583008, 96.3523178101, -38.4270172119, 45.085308075, -14.8373584747, -7.6659450531, -4.82066202164, -4.49067974091, -1.32078361511, -1.7878344059, -6.18674516678, -6.60567188263, -4.96352958679],
        "var": [7810.44238281, 1282.72875977, 886.640075684, 445.597473145, 362.74017334, 217.961364746, 210.270278931, 136.418777466, 134.802337646, 124.575309753, 113.395484924, 102.340538025, 91.8461303711]
    },
    "mfcc_bands": {
        "mean": [9.37794975471e-05, 0.000212649043533, 0.000273899437161, 0.00025895764702, 0.000164655677509, 0.000105618513771, 5.78829931328e-05, 6.87982465024e-05, 7.94498118921e-05, 8.47996416269e-05, 5.37594605703e-05, 3.16415134876e-05, 2.84726538666e-05, 2.25304156629e-05, 1.33137900775e-05, 1.75087679963e-05, 2.07645589398e-05, 2.22284306801e-05, 2.95639947581e-05, 3.15110119118e-05, 4.30453219451e-05, 2.9094002457e-05, 3.04664026771e-05, 3.54802032234e-05, 2.92622171401e-05, 2.63502388407e-05, 2.8071413908e-05, 2.17954220716e-05, 1.67426642292e-05, 7.59941758588e-06, 5.96483323534e-06, 3.63838876183e-06, 1.80820620699e-06, 1.06530285393e-06, 6.03450189374e-07, 3.78421674441e-07, 3.02008771769e-07, 3.53302851863e-07, 2.31451409149e-07, 1.25498985426e-07],
        "var": [2.20140599083e-08, 1.49190327647e-07, 1.4912004076e-07, 2.43128340571e-07, 9.16352362879e-08, 3.23839763894e-08, 6.85895651387e-09, 1.59159316837e-08, 2.64961617091e-08, 2.8093605664e-08, 1.14984164412e-08, 6.86927892346e-09, 3.04531111439e-09, 1.44653733436e-09, 9.45709288658e-10, 1.27249810689e-09, 1.58288337992e-09, 1.58151125529e-09, 3.29710836411e-09, 4.21926493743e-09, 1.36052662469e-08, 2.76594902537e-09, 2.75433920116e-09, 4.01059940813e-09, 2.2377977249e-09, 1.56269430729e-09, 2.03865369031e-09, 1.21192689218e-09, 8.10553513197e-10, 1.44922948642e-10, 1.23879573266e-10, 4.92665179486e-11, 8.43362012171e-12, 3.42208574845e-12, 1.69523520655e-12, 6.78382155138e-13, 4.04566083325e-13, 8.04704068137e-13, 2.68068228206e-13, 6.17499283585e-14]
    }
}
}