{
"metadata": {
    "version": {
        "essentia": "2.1-dev"
    }
},
"lowlevel": {
    "mfcc": {
        "mean": [-710.508300781, 113.017196655, -14.0152549744, 43.7141075134, -2.77931404114, -11.7423276901, 0.599610388279, -11.7045898438, -0.293862462044, -2.99014949799, -10.5711555481, -6.41961765289, -6.15983486176],
        "var": [6222.546875, 803.713867188, 840.026550293, 458.872467041, 184.044784546, 223.587661743, 186.423446655, 122.347389221, 105.337242126, 120.086761475, 95.8428268433, 94.7381057739, 78.0371551514]
    },
    "mfcc_bands": {
        "mean": [3.72838767362e-05, 0.000167627309565, 0.000204572177608, 0.000292902695946, 0.000219301291509, 0.000115292292321, 5.58735846425e-05, 3.78876138711e-05, 5.3476618632e-05, 5.56617051188e-05, 3.12718657369e-05, 2.80891927105e-05, 1.52079492182e-05, 1.06561174107e-05, 1.17095032692e-05, 7.51478410166e-06, 8.1029784269e-06, 1.8430475393e-05, 1.45853082358e-05, 1.7542983187e-05, 1.34856454679e-05, 8.32409841678e-06, 8.15124712972e-06, 1.32371633299e-05, 1.35923419293e-05, 9.12140694709e-06, 8.04210412753e-06, 1.10525770651e-05, 9.76879800874e-06, 3.29835484081e-06, 1.37116387577e-06, 8.48980050705e-07, 5.19357740814e-07, 3.27629237518e-07, 2.37038193518e-07, 1.91481788647e-07, 1.53270974579e-07, 1.35011617886e-07, 1.4863736908e-07, 1.08138038968e-07],
        "var": [2.11116746307e-09, 3.59424490171e-08, 7.99559813913e-08, 1.58835703701e-07, 8.41521767825e-08, 2.69473847681e-08, 5.42296429984e-09, 3.5392451192e-09, 7.9562516575e-09, 9.6217771528e-09, 4.06976674583e-09, 2.68291366901e-09, 8.52084514058e-10, 7.53060558356e-10, 5.44016887094e-10, 1.96914803907e-10, 3.2803079697e-10, 1.88074600338e-09, 8.35673807931e-10, 1.43282863352e-09, 7.45955297532e-10, 2.14757350792e-10, 2.10528386391e-10, 5.67484392811e-10, 5.34344180014e-10, 1.65441244038e-10, 1.61076360583e-10, 4.13982098602e-10, 3.19571230589e-10, 2.81373657013e-11, 4.93907345578e-12, 6.35954873832e-12, 1.70635565139e-12, 5.7174409521e-13, 3.86690679477e-13, 2.53430062309e-13, 1.82838499115e-13, 9.30648719438e-14, 6.99643996709e-14, 2.74085767103e-14]
    }
}
}