{
"metadata": {
    "version": {
        "essentia": "2.1-dev"
    }
},
"lowlevel": {
    "mfcc": {
        "mean": [-696.864562988, 121.936447144, -26.5431022644, 50.042766571, -11.8606786728, -18.2526073456, -11.3970279694, -6.24045467377, -6.21798849106, -6.82966899872, -8.32639789581, -5.94562196732, -4.55217027664],
        "var": [12584.5390625, 1339.32275391, 444.662109375, 417.917694092, 264.483032227, 278.899505615, 158.606384277, 114.174118042, 102.211303711, 138.259109497, 130.581771851, 72.6766738892, 87.9232788086]
    },
    "mfcc_bands": {
        "mean": [4.71320890938e-05, 0.000192544073798, 0.000368462962797, 0.000438506162027, 0.000369115587091, 0.000278770748992, 0.000232544785831, 0.00015142421762, 0.000296707148664, 0.000174211585545, 4.71919447591e-05, 3.82515281672e-05, 2.72302731901e-05, 2.04010721063e-05, 2.55769482465e-05, 1.52553147927e-05, 1.7125339582e-05, 1.27912708194e-05, 3.39549878845e-05, 2.25710391533e-05, 2.11942842725e-05, 4.02336772822e-05, 4.11199180235e-05, 3.31821356667e-05, 2.18892073462e-05, 3.00286592392e-05, 3.74081573682e-05, 1.60839699674e-05, 1.06315847006e-05, 6.21620301899e-06, 4.47669253845e-06, 2.88830096906e-06, 1.71996657627e-06, 1.11558460958e-06, 6.87101987751e-07, 3.3001600741e-07, 1.86918825307e-07, 1.36762437819e-07, 1.26596773953e-07, 1.03676413232e-07],
        "var": [2.62184185473e-09, 6.55311467312e-08, 1.88823491953e-07, 3.45794887835e-07, 2.75892801938e-07, 2.01148537826e-07, 2.21113765519e-07, 9.80958887453e-08, 6.79544541526e-07, 2.83667930034e-07, 1.06411626177e-08, 8.93490792464e-09, 6.76796307886e-09, 5.84352743971e-09, 4.09769107534e-09, 2.22873430822e-09, 1.66885216757e-09, 9.90450499394e-10, 4.49597514773e-09, 6.79641898316e-09, 2.02260830306e-09, 4.48218173688e-09, 8.55056381255e-09, 5.42624301048e-09, 1.19300846979e-09, 3.30083582689e-09, 4.57712356905e-09, 7.25290605352e-10, 3.06063424604e-10, 1.03822922481e-10, 6.50665493707e-11, 3.2799873928e-11, 1.75607618724e-11, 1.04209505608e-11, 3.61634767271e-12, 9.87053537863e-13, 2.94413961526e-13, 1.08152012736e-13, 1.15465484938e-13, 7.67795725544e-14]
    }
}
}