{
"metadata": {
    "version": {
        "essentia": "2.1-dev"
    }
},
"lowlevel": {
    "mfcc": {
        "mean": [-691.385559082, 111.232521057, -37.3894538879, 56.4722557068, -16.1785335541, -15.0549726486, -1.98156106472, -6.26894187927, -4.83320140839, -2.1800494194, -5.18882322311, -4.21583557129, 0.675549507141],
        "var": [11131.1845703, 1162.64880371, 659.2421875, 341.494384766, 190.537826538, 287.496398926, 180.592941284, 115.747207642, 129.910552979, 114.671325684, 86.0403289795, 92.3940811157, 80.3702468872]
    },
    "mfcc_bands": {
        "mean": [6.58361968817e-05, 0.000167755031725, 0.000190588601981, 0.000167502905242, 0.00018998827727, 0.000308023940306, 0.00018913684471, 0.00013240838598, 8.1748701632e-05, 6.92080939189e-05, 9.54403003561e-05, 0.000100583187304, 4.42360760644e-05, 3.28590103891e-05, 1.82033963938e-05, 1.67291891557e-05, 2.41335874307e-05, 2.49709573836e-05, 1.93137711904e-05, 3.35585500579e-05, 2.80091608147e-05, 3.0639119359e-05, 3.3874392102e-05, 3.56415621354e-05, 4.73982399853e-05, 4.23602141382e-05, 3.86908541259e-05, 3.60969752364e-05, 1.73702192114e-05, 6.29792020845e-06, 3.37303026754e-06, 2.09375480154e-06, 1.10467567538e-06, 5.60750891054e-07, 2.57922863511e-07, 1.47374692006e-07, 9.76478560233e-08, 7.72354766809e-08, 8.11388431998e-08, 6.59318928342e-08],
        "var": [6.43273390111e-09, 7.22611162018e-08, 1.01702127608e-07, 6.10313222182e-08, 7.42405745768e-08, 2.60310514477e-07, 9.63275610388e-08, 9.20103531143e-08, 3.88046395017e-08, 3.72584381125e-08, 5.75924126167e-08, 1.12684190867e-07, 2.007347355e-08, 8.75421690694e-09, 3.04665137563e-09, 2.31855490362e-09, 5.63660496056e-09, 3.95329502467e-09, 2.00484584489e-09, 5.59657697963e-09, 3.67340313723e-09, 5.64067414999e-09, 5.78240122451e-09, 4.51152715186e-09, 6.7079790611e-09, 4.41333058987e-09, 5.21291543265e-09, 4.32466240596e-09, 8.97846519354e-10, 1.22269763758e-10, 2.84401877049e-11, 1.39522221901e-11, 4.25563360593e-12, 9.03633613249e-13, 1.59200276117e-13, 5.16443306306e-14, 2.80917172526e-14, 2.36794463974e-14, 5.69343156604e-14, 5.27049683465e-14]
    }
}
}