{
"metadata": {
    "version": {
        "essentia": "2.1-dev"
    }
},
"lowlevel": {
    "mfcc": {
        "mean": [-722.605895996, 113.404884338, -40.1113700867, 49.0842514038, -10.6558380127, -12.1245956421, 0.704704344273, -8.94545269012, -5.21135997772, -5.26725101471, -8.86334609985, -5.66446876526, -2.2209444046],
        "var": [10523.4121094, 1052.09802246, 1081.14807129, 272.764160156, 246.686752319, 252.266174316, 260.046081543, 137.397140503, 145.039535522, 136.945205688, 115.045707703, 103.755775452, 78.4220581055]
    },
    "mfcc_bands": {
        "mean": [2.19399316848e-05, 6.88683649059e-05, 9.65503713815e-05, 9.83399513643e-05, 0.000149858999066, 0.000114608519652, 8.69122304721e-05, 4.72035317216e-05, 6.12480507698e-05, 4.12517438235e-05, 4.44041797891e-05, 6.65597835905e-05, 3.29455288011e-05, 2.57150295511e-05, 1.32835984914e-05, 1.14993654279e-05, 1.31383794724e-05, 2.34038416238e-05, 2.4848672183e-05, 2.41643519985e-05, 4.14671449107e-05, 2.88189658022e-05, 2.20781166718e-05, 2.23832212214e-05, 2.8751197533e-05, 3.15272227454e-05, 2.06055210583e-05, 1.69090199051e-05, 1.22401024782e-05, 5.15207148055e-06, 2.01701550395e-06, 1.2238990621e-06, 7.70237591041e-07, 3.62301449286e-07, 2.04638425316e-07, 1.54353486437e-07, 1.00335164177e-07, 7.43981445339e-08, 7.07024270241e-08, 4.65862299848e-08],
        "var": [3.83666298731e-09, 2.17276756587e-08, 3.40323822456e-08, 2.09755608438e-08, 6.22209483936e-08, 4.79916906215e-08, 3.49294211333e-08, 1.48552965484e-08, 1.44019747239e-08, 9.35258004375e-09, 1.19712391111e-08, 2.50426204218e-08, 1.18306822117e-08, 3.4155893669e-09, 8.17933776265e-10, 7.40716543657e-10, 1.28282373613e-09, 3.19149928707e-09, 3.90300991526e-09, 3.58770679831e-09, 9.29086674262e-09, 5.26591614758e-09, 2.34044805758e-09, 1.45773837446e-09, 2.17632845079e-09, 3.16436921111e-09, 1.48006396028e-09, 9.34274435593e-10, 6.10037687032e-10, 1.01256739105e-10, 2.1848823098e-11, 8.3534854381e-12, 5.06769322686e-12, 1.17429785514e-12, 4.27321210101e-13, 3.38340277019e-13, 1.15738419283e-13, 4.7766305478e-14, 3.97776463731e-14, 1.43204370617e-14]
    }
}
}