{
"metadata": {
    "version": {
        "essentia": "2.1-dev"
    }
},
"lowlevel": {
    "mfcc": {
        "mean": [-710.575805664, 140.695953369, -45.6234703064, 42.9404983521, -11.9638214111, -5.70354509354, -2.86018013954, -4.24195671082, -2.42876935005, -4.1861166954, -2.54309821129, -4.46048212051, -5.06859779358],
        "var": [11757.3330078, 1392.4543457, 769.678283691, 365.232299805, 355.264953613, 139.447158813, 145.751144409, 117.355964661, 114.390815735, 96.4720306396, 77.5637435913, 78.8633422852, 73.4327316284]
    },
    "mfcc_bands": {
        "mean": [3.28759633703e-05, 0.000219676730921, 0.000314753473504, 0.000234587263549, 0.000236209452851, 0.000179930910235, 0.000141286873259, 0.000224547766265, 0.000149959960254, 9.41165417316e-05, 8.56940750964e-05, 7.74076106609e-05, 5.97401267441e-05, 4.98090230394e-05, 4.24080499215e-05, 3.81433346774e-05, 3.87881045754e-05, 3.07923073706e-05, 3.19800601574e-05, 2.49648110184e-05, 2.59805510723e-05, 2.86735485133e-05, 2.50877710641e-05, 1.77539077413e-05, 2.01817783818e-05, 2.22017843043e-05, 1.4448816728e-05, 8.03882812761e-06, 5.8340083342e-06, 4.54544851891e-06, 2.4363898774e-06, 1.24726523154e-06, 5.01332067415e-07, 2.64891298229e-07, 1.07805810501e-07, 5.93414988259e-08, 5.33021236038e-08, 4.36268834392e-08, 2.67263313702e-08, 1.99816874158e-08],
        "var": [1.34275224273e-09, 1.02188010942e-07, 2.12515956832e-07, 1.38440512387e-07, 1.86261956969e-07, 1.56038382215e-07, 1.03607483481e-07, 2.95614455581e-07, 1.47016265828e-07, 3.70563952856e-08, 5.07219439783e-08, 5.1563702641e-08, 2.49417411169e-08, 1.64835913807e-08, 1.67750542346e-08, 9.55575174544e-09, 1.06785131848e-08, 4.92981611089e-09, 7.6891311096e-09, 3.36467187445e-09, 2.14308459867e-09, 2.82635581605e-09, 1.30399324672e-09, 5.71865221843e-10, 1.03447295174e-09, 2.56359666828e-09, 7.48555495367e-10, 2.67995792225e-10, 1.54260271223e-10, 1.25184237976e-10, 2.71456641887e-11, 7.08525035517e-12, 1.14687816535e-12, 4.47307718209e-13, 1.0139549519e-13, 4.07839384551e-14, 4.52711497033e-14, 2.5816398715e-14, 1.14438115288e-14, 5.29537088888e-15]
    }
}
}