{
"metadata": {
    "version": {
        "essentia": "2.1-dev"
    }
},
"lowlevel": {
    "mfcc": {
        "mean": [-714.106445312, 130.553741455, -33.8861312866, 30.3173656464, -12.004948616, -15.9569807053, 2.55450797081, -6.27363348007, -3.57342004776, -5.36888170242, -12.8217906952, -8.84550762177, -7.86550855637],
        "var": [12489.4560547, 1449.77392578, 1063.20788574, 505.017089844, 276.859039307, 272.281677246, 286.807006836, 134.594696045, 148.656707764, 133.005981445, 113.087333679, 105.922431946, 98.6026535034]
    },
    "mfcc_bands": {
        "mean": [2.34734197875e-05, 0.000104835380625, 0.000146157122799, 0.000279217871139, 0.000310864619678, 0.000193033178221, 9.26757711568e-05, 9.33161281864e-05, 9.68063250184e-05, 0.00017112812202, 0.000146653517731, 0.000189376529306, 0.000136265807669, 7.0298803621e-05, 4.16392322222e-05, 3.98197189497e-05, 3.50335249095e-05, 2.98845843645e-05, 3.13681885018e-05, 3.31713818014e-05, 2.99920120597e-05, 3.01534346363e-05, 2.55329960055e-05, 2.42730839091e-05, 2.77292783721e-05, 1.74191936821e-05, 1.4893925254e-05, 1.32283084895e-05, 7.12377095624e-06, 3.25456471728e-06, 1.53772600697e-06, 9.03518923678e-07, 4.61934462237e-07, 3.75526781227e-07, 2.86542103822e-07, 1.83272021559e-07, 1.76409344022e-07, 2.26408005233e-07, 2.14458324876e-07, 1.39416073353e-07],
        "var": [1.04417197111e-09, 2.23035723224e-08, 4.50880115466e-08, 3.25776198906e-07, 2.14268595755e-07, 1.13562613535e-07, 4.5710720542e-08, 5.38916182791e-08, 5.70384024456e-08, 1.67295596043e-07, 1.33623757392e-07, 3.27512680087e-07, 1.55367814614e-07, 6.92923194379e-08, 2.20254534611e-08, 1.59811133216e-08, 1.01586596912e-08, 7.96840282646e-09, 1.05859783162e-08, 1.0986679122e-08, 7.27001525647e-09, 7.17653758642e-09, 9.4257304184e-09, 3.3219840212e-09, 3.89820220548e-09, 1.13031783933e-09, 5.83283421562e-10, 4.90857576807e-10, 1.70032155022e-10, 4.05292986672e-11, 9.55180899653e-12, 5.19951139435e-12, 1.80799581036e-12, 1.64329151415e-12, 1.37994954005e-12, 4.1831997393e-13, 4.63384322233e-13, 9.64141960713e-13, 9.86759719074e-13, 5.16772117719e-13]
    }
}
}