{
"metadata": {
    "version": {
        "essentia": "2.1-dev"
    }
},
"lowlevel": {
    "mfcc": {
        "mean": [-643.602233887, 104.446998596, -40.2671775818, 44.2146911621, -11.755440712, -6.35747098923, -9.34597110748, -8.6985244751, -5.82968378067, -7.33406591415, -5.24956893921, -4.29234027863, -4.86443281174],
        "var": [4727.22314453, 767.872436523, 639.074890137, 381.60635376, 244.40637207, 174.012191772, 231.891921997, 121.40599823, 105.962677002, 124.783782959, 91.547706604, 80.3354415894, 76.7334136963]
    },
    "mfcc_bands": {
        "mean": [5.74800578761e-05, 0.000252373109106, 0.00036028138129, 0.000471681851195, 0.000385554914828, 0.000347039313056, 0.000267009629169, 0.000127769933897, 0.000166404701304, 0.000130679429276, 5.7363336964e-05, 6.68117427267e-05, 5.40185355931e-05, 4.47005404567e-05, 3.84203704016e-05, 5.38905660505e-05, 3.81879763154e-05, 5.12247024744e-05, 4.79442496726e-05, 5.96123136347e-05, 5.12103324581e-05, 5.48596071894e-05, 5.26084877492e-05, 5.10542377015e-05, 3.73632428818e-05, 3.32937997882e-05, 2.73615914921e-05, 2.55501363426e-05, 1.95549855562e-05, 1.41620939758e-05, 8.83828397491e-06, 4.33309696746e-06, 2.82288306153e-06, 1.62139485838e-06, 7.04533306362e-07, 3.63856344165e-07, 2.4132435783e-07, 2.15361012579e-07, 1.9072915336e-07, 1.24527204548e-07],
        "var": [6.23184837067e-09, 1.11971267813e-07, 3.36187611083e-07, 7.92921639459e-07, 3.34316467843e-07, 2.80517269857e-07, 1.89607888501e-07, 4.30635296311e-08, 1.0844217968e-07, 5.33173363237e-08, 9.34593291646e-09, 2.02075280953e-08, 1.11686437876e-08, 6.23423668245e-09, 3.2560754093e-09, 8.37543456811e-09, 3.41348993516e-09, 6.49015463594e-09, 4.57480275884e-09, 1.30337731719e-08, 6.62282184649e-09, 6.48521281121e-09, 4.05708933116e-09, 3.83521525649e-09, 2.67768052176e-09, 1.78828762909e-09, 1.45244716254e-09, 1.34014854769e-09, 8.69277261284e-10, 4.64688038049e-10, 2.37638297929e-10, 6.49785433793e-11, 2.39675466973e-11, 5.55426061047e-12, 9.02998053935e-13, 2.60480493511e-13, 1.20771150242e-13, 1.43197939942e-13, 9.66545433642e-14, 4.28289504285e-14]
    }
}
}