{
"metadata": {
    "version": {
        "essentia": "2.1-dev"
    }
},
"lowlevel": {
    "mfcc": {
        "mean": [-704.810852051, 129.163955688, -27.7503147125, 41.498008728, -12.3244724274, -21.3435974121, -1.99326813221, -6.05047941208, -11.3399848938, -4.7628121376, -12.1641569138, -10.9942960739, -5.05644130707],
        "var": [5109.60205078, 1123.07897949, 838.260009766, 343.830566406, 221.146865845, 231.733276367, 132.222702026, 135.052352905, 136.716308594, 129.356491089, 110.878913879, 93.7909545898, 92.884727478]
    },
    "mfcc_bands": {
        "mean": [2.03374511329e-05, 0.000137334456667, 0.000230151286814, 0.000282882421743, 0.000424658035627, 0.000250813813182, 0.000112715330033, 8.50679934956e-05, 0.000100996338006, 8.41553555802e-05, 9.39953533816e-05, 3.54021540261e-05, 2.42067853833e-05, 2.12160502997e-05, 1.43424749695e-05, 7.50752769818e-06, 1.04686996565e-05, 1.1905316569e-05, 1.54993485921e-05, 1.95532120415e-05, 1.51666399688e-05, 1.71029732883e-05, 1.536153286e-05, 2.4677357942e-05, 3.27053203364e-05, 2.06152253668e-05, 1.5612831703e-05, 8.03705097496e-06, 4.11097789765e-06, 2.13641965274e-06, 1.21488085369e-06, 6.81727954088e-07, 3.96906813194e-07, 2.55396656712e-07, 1.95744945586e-07, 1.24037057958e-07, 1.18221024081e-07, 1.15193849126e-07, 9.29620043166e-08, 7.00453242075e-08],
        "var": [1.73353786881e-09, 5.92126241372e-08, 1.7130001595e-07, 2.33026042906e-07, 4.68123687369e-07, 1.93333818288e-07, 3.47415536339e-08, 2.28346657138e-08, 2.96667987953e-08, 2.75353002621e-08, 3.27844631443e-08, 4.89300600037e-09, 1.86556814441e-09, 1.59551971635e-09, 9.8039665275e-10, 4.61643001604e-10, 6.28368246325e-10, 7.58889062702e-10, 9.97381732759e-10, 2.38159869603e-09, 1.46307599369e-09, 1.82852488706e-09, 1.27754029577e-09, 2.65730148996e-09, 5.02034103178e-09, 1.62282609573e-09, 1.02853192629e-09, 2.37270314507e-10, 6.2296494352e-11, 1.42898904515e-11, 6.03346192452e-12, 1.69706859243e-12, 6.22616595867e-13, 2.55084527719e-13, 1.57501914072e-13, 7.14521283395e-14, 7.83006675448e-14, 9.03887967078e-14, 5.54543220968e-14, 2.49987628932e-14]
    }
}
}