{
"metadata": {
    "version": {
        "essentia": "2.1-dev"
    }
},
"lowlevel": {
    "mfcc": {
        "mean": [-714.442382812, 122.112632751, -11.950594902, 52.4231758118, -8.26975440979, -22.5028018951, -2.82271671295, -6.4302315712, -9.40581607819, -2.18545150757, -13.7674465179, -9.64412021637, -9.45429325104],
        "var": [13360.5703125, 1559.16992188, 1688.15661621, 614.919006348, 313.739501953, 331.515258789, 273.81829834, 166.758880615, 182.823867798, 187.038116455, 112.563682556, 108.266731262, 83.3222885132]
    },
    "mfcc_bands": {
        "mean": [3.06571164401e-05, 0.000208154000575, 0.000445038836915, 0.000617197656538, 0.000580993772019, 0.00034413713729, 0.000121725235658, 0.000143931640196, 0.000124363417854, 9.84273283393e-05, 6.48371642455e-05, 4.83314943267e-05, 4.45558252977e-05, 2.2848318622e-05, 1.78838472493e-05, 1.71896590473e-05, 2.32767633861e-05, 1.9745737518e-05, 2.74048452411e-05, 1.88659832929e-05, 2.35000898101e-05, 3.29202011926e-05, 2.8212702091e-05, 4.67394056614e-05, 5.43868409295e-05, 3.42648963851e-05, 2.56201565207e-05, 2.89505587716e-05, 1.5486148186e-05, 4.08544201491e-06, 1.76613616532e-06, 9.77049012363e-07, 4.83133590023e-07, 4.07349659781e-07, 5.47339709556e-07, 3.47617572061e-07, 2.43741709482e-07, 3.1417118862e-07, 2.26738393394e-07, 1.07498280499e-07],
        "var": [1.02696962045e-09, 5.72822855816e-08, 2.55648387792e-07, 4.38064944319e-07, 5.628834856e-07, 3.44856260881e-07, 3.92628649593e-08, 6.25507610152e-08, 7.37455181365e-08, 3.43091848265e-08, 2.13807851424e-08, 1.34257742701e-08, 1.22682966008e-08, 5.78759262737e-09, 4.18329149099e-09, 3.88118959194e-09, 4.94150054209e-09, 3.66749763892e-09, 8.09368572163e-09, 2.32859487248e-09, 4.59539650777e-09, 8.71974048522e-09, 3.78230646803e-09, 8.7343519084e-09, 9.22868625963e-09, 4.87158047235e-09, 3.02940184049e-09, 4.40166836313e-09, 1.36500055703e-09, 8.29589036355e-11, 1.14358991027e-11, 4.84410732013e-12, 2.46295909015e-12, 1.81246012122e-12, 2.28983412093e-12, 1.89185667999e-12, 1.52162072005e-12, 2.6858066552e-12, 1.50924064912e-12, 4.34929354901e-13]
    }
}
}