{
"metadata": {
    "version": {
        "essentia": "2.1-dev"
    }
},
"lowlevel": {
    "mfcc": {
        "mean": [-721.346679688, 107.066665649, -37.6241836548, 48.6409835815, -8.13784217834, -9.96691036224, -3.96044111252, -9.34909534454, -8.87231063843, -9.0061044693, -4.74033212662, -8.0379486084, -7.11605882645],
        "var": [9784.1953125, 1184.80114746, 552.038146973, 340.788848877, 210.428955078, 196.427612305, 133.723937988, 100.624641418, 90.0079040527, 92.8430862427, 97.5319671631, 70.0383987427, 69.3148193359]
    },
    "mfcc_bands": {
        "mean": [1.44744326462e-05, 0.000106819214125, 0.000158782786457, 0.000197465822566, 0.000143926008604, 0.000103559264971, 7.486477989e-05, 9.36679643928e-05, 8.10571436887e-05, 6.21955041424e-05, 3.23182357533e-05, 1.91647632164e-05, 2.59049575106e-05, 2.24805880862e-05, 1.61114094226e-05, 1.89708207472e-05, 1.91785966308e-05, 1.41301634358e-05, 1.11299095806e-05, 1.26951372295e-05, 1.23718164105e-05, 1.40394085975e-05, 2.03001745831e-05, 2.09297813853e-05, 1.88355315913e-05, 1.78939917532e-05, 1.43572651723e-05, 8.23002392281e-06, 5.86141095482e-06, 5.99419990976e-06, 3.78072786589e-06, 1.77650576916e-06, 9.88545707514e-07, 4.76995978715e-07, 2.1177437759e-07, 1.58390392357e-07, 1.07557163176e-07, 8.43435472575e-08, 8.03252504511e-08, 5.60047581644e-08],
        "var": [9.67363411597e-10, 4.88611746619e-08, 4.72381600503e-08, 7.49091313423e-08, 3.56531622003e-08, 3.88152727737e-08, 3.13636085991e-08, 6.34441619241e-08, 5.49528174076e-08, 4.38344436304e-08, 1.71144876049e-08, 7.08736225263e-09, 9.5782333176e-09, 4.59952920195e-09, 2.75193068333e-09, 3.96374444378e-09, 3.58944252099e-09, 1.46903844644e-09, 1.17401888211e-09, 1.47317025245e-09, 9.52894207984e-10, 8.03356436929e-10, 1.8942136748e-09, 3.39121863924e-09, 9.57145029901e-10, 9.2598784196e-10, 7.05909164456e-10, 2.18715351386e-10, 1.56695337261e-10, 1.96817409592e-10, 7.00634689155e-11, 2.21441111975e-11, 6.97355498e-12, 1.70629276767e-12, 3.14918609853e-13, 1.23128246422e-13, 9.24071271433e-14, 5.62675347125e-14, 5.43631335965e-14, 1.35770885704e-14]
    }
}
}