{
"metadata": {
    "version": {
        "essentia": "2.1-dev"
    }
},
"lowlevel": {
    "mfcc": {
        "mean": [-703.081665039, 101.96282959, -57.6556930542, 41.7904205322, -18.1524944305, -7.2436747551, 13.7626409531, -8.7417383194, 3.88870596886, 2.0812125206, -3.07550287247, -1.95794820786, 0.431469649076],
        "var": [9314.70117188, 1464.6451416, 948.837219238, 492.202056885, 351.663848877, 347.530181885, 314.163757324, 209.607254028, 139.734848022, 112.366012573, 110.836784363, 91.5700073242, 96.9543838501]
    },
    "mfcc_bands": {
        "mean": [7.85800948506e-05, 0.000142199423863, 0.000146818652865, 0.000143049808685, 6.81801466271e-05, 6.94988848409e-05, 7.2642986197e-05, 6.13872034592e-05, 5.00162641401e-05, 4.66271558253e-05, 7.34330824343e-05, 6.6595923272e-05, 4.13900670537e-05, 2.52756253758e-05, 3.15683246299e-05, 3.18094644172e-05, 2.68229905487e-05, 2.56273342529e-05, 2.58296713582e-05, 1.94949789147e-05, 1.91053186427e-05, 2.4282191589e-05, 1.83260326594e-05, 2.28360822803e-05, 2.41087127506e-05, 3.10152063321e-05, 4.88369623781e-05, 2.91184678645e-05, 1.88629310287e-05, 9.34147010412e-06, 4.40401436208e-06, 2.40910799221e-06, 9.8660018466e-07, 5.75591286633e-07, 2.75413270856e-07, 1.43539182318e-07, 1.13145560476e-07, 1.002307215e-07, 1.03445202626e-07, 8.26789658959e-08],
        "var": [7.72771802104e-09, 4.17696206512e-08, 1.08009643895e-07, 2.15556994476e-07, 2.16596571789e-08, 1.51548604777e-08, 9.60841095576e-09, 1.32618964699e-08, 1.21238246109e-08, 6.1919003258e-09, 1.90050020166e-08, 1.29006005878e-08, 5.57709389781e-09, 2.3953856676e-09, 5.27633137182e-09, 5.14264941742e-09, 2.00225169777e-09, 2.43911046915e-09, 4.07626998822e-09, 1.23218157899e-09, 1.12260156726e-09, 1.33413824432e-09, 9.59210821883e-10, 1.57147450608e-09, 9.09902264645e-10, 1.99371097409e-09, 6.91367230132e-09, 1.95340965625e-09, 7.63563490214e-10, 2.19199255969e-10, 5.85285500621e-11, 1.97508103622e-11, 3.43812456803e-12, 1.17370501339e-12, 2.48626233533e-13, 8.70121642381e-14, 7.11510860537e-14, 1.0455778089e-13, 1.30082725733e-13, 1.85123400984e-13]
    }
}
}