{
"metadata": {
    "version": {
        "essentia": "2.1-dev"
    }
},
"lowlevel": {
    "mfcc": {
        "mean": [-733.380981445, 130.516906738, -29.9613819122, 38.0832328796, -8.58429718018, -13.4748678207, -0.738524496555, -9.70748615265, -8.83567714691, -2.53758430481, -6.83643960953, -5.31758260727, -5.73667955399],
        "var": [6967.88476562, 1129.16247559, 948.848205566, 539.923217773, 333.460998535, 290.232391357, 242.384490967, 126.488616943, 165.493591309, 137.665817261, 104.376022339, 92.7673187256, 77.5990753174]
    },
    "mfcc_bands": {
        "mean": [1.51911981447e-05, 0.000111872192065, 0.000149344603415, 0.000161710675457, 0.000120044183859, 0.000115742688649, 9.82974815997e-05, 4.6741006372e-05, 7.63838834246e-05, 4.79500049551e-05, 3.20888029819e-05, 2.8514812584e-05, 2.78454081126e-05, 3.21294173773e-05, 2.6429663194e-05, 2.27186064876e-05, 2.27573691518e-05, 1.91583440028e-05, 2.84514335362e-05, 2.03247964237e-05, 1.02741896626e-05, 1.00487859527e-05, 1.50300020323e-05, 1.35705067805e-05, 6.26911287327e-06, 7.02320085111e-06, 1.07765044959e-05, 6.63635819365e-06, 2.94536357615e-06, 1.50657172071e-06, 8.20248146738e-07, 5.02135833358e-07, 2.84498241854e-07, 1.54920215323e-07, 8.82928574697e-08, 6.51712426247e-08, 5.3185608806e-08, 4.38607195008e-08, 4.11521661192e-08, 2.89807324805e-08],
        "var": [2.71531047646e-10, 1.51700429996e-08, 4.71654821865e-08, 5.59150805657e-08, 2.48629010713e-08, 2.77029528206e-08, 2.49162805943e-08, 4.93834839688e-09, 1.38725253507e-08, 6.93563162457e-09, 5.17809395362e-09, 2.92355295528e-09, 5.8081246479e-09, 6.35015151573e-09, 4.60757432208e-09, 3.01035596451e-09, 4.52188997357e-09, 2.21018892077e-09, 5.93114579672e-09, 3.66591446088e-09, 8.16617495847e-10, 7.79846409671e-10, 1.21872223424e-09, 5.63578017587e-10, 9.43981282031e-11, 1.3612964922e-10, 4.8080694981e-10, 1.5474641013e-10, 2.89560216082e-11, 9.4765532227e-12, 3.19659815111e-12, 1.08139896777e-12, 3.22177939709e-13, 8.14305288238e-14, 2.18080524613e-14, 1.19119801913e-14, 1.53892215404e-14, 1.1555751168e-14, 8.68143972915e-15, 5.89226568945e-15]
    }
}
}