{
"metadata": {
    "version": {
        "essentia": "2.1-dev"
    }
},
"lowlevel": {
    "mfcc": {
        "mean": [-795.54876709, 124.803871155, -33.8450546265, 10.3661613464, -16.2294330597, -31.2033443451, -3.26200461388, -17.2480258942, -10.7020921707, -7.49034643173, -10.7069301605, -8.49582576752, -8.25006961823],
        "var": [12471.3808594, 1816.99401855, 1003.39343262, 678.018432617, 356.845672607, 390.858154297, 366.354919434, 223.559188843, 174.35484314, 135.863449097, 158.847671509, 113.150878906, 111.921989441]
    },
    "mfcc_bands": {
        "mean": [1.11067711259e-05, 2.05501492019e-05, 3.37119890901e-05, 5.29118333361e-05, 0.000103260303149, 0.000103614300315, 5.2415576647e-05, 4.4309264922e-05, 7.01732788002e-05, 0.000139251715154, 0.000109658576548, 6.06798603258e-05, 3.91549874621e-05, 2.27901873586e-05, 8.82543827174e-06, 8.22324545879e-06, 5.92572951064e-06, 6.53099777992e-06, 6.5656249717e-06, 4.13483257944e-06, 5.69917665416e-06, 5.12304723088e-06, 4.89897229272e-06, 6.46452144792e-06, 8.57199938764e-06, 6.54951509205e-06, 3.77851938538e-06, 3.02382409245e-06, 2.37928838942e-06, 1.17457716442e-06, 4.99165764722e-07, 3.31487797212e-07, 2.64983015086e-07, 1.90980813386e-07, 2.33786082049e-07, 1.72248675767e-07, 1.36708010245e-07, 1.62262125514e-07, 1.55531282076e-07, 9.18144564821e-08],
        "var": [6.12306982894e-10, 2.7634148303e-09, 6.7396825898e-09, 1.13122062828e-08, 2.95358191238e-08, 3.42202461923e-08, 1.32819071297e-08, 1.11852260787e-08, 2.79964975647e-08, 1.39487497108e-07, 1.99317668148e-07, 8.87834374907e-08, 2.85792758348e-08, 7.80672415601e-09, 7.14246883859e-10, 5.78664838269e-10, 2.73673195217e-10, 2.70999583885e-10, 2.92842999849e-10, 1.06364854424e-10, 2.92176782768e-10, 2.20545137708e-10, 1.96390792517e-10, 1.80050183096e-10, 2.92983443062e-10, 1.81158824053e-10, 6.03790281661e-11, 4.56849280628e-11, 2.94331156669e-11, 1.14886086755e-11, 5.5859149771e-12, 4.0042214336e-12, 2.84867160243e-12, 1.05397288119e-12, 2.27303419142e-12, 1.23243776295e-12, 7.1148566639e-13, 7.40962358744e-13, 6.25478618552e-13, 1.77478162917e-13]
    }
}
}