{
"metadata": {
    "version": {
        "essentia": "2.1-dev"
    }
},
"lowlevel": {
    "mfcc": {
        "mean": [-663.345336914, 84.318939209, -13.8631086349, 35.2260894775, -8.26886749268, -7.89113950729, 7.59358501434, -2.6741232872, -3.81269359589, -5.76554775238, -11.7877092361, -5.0666809082, -6.58475399017],
        "var": [9961.90332031, 941.497375488, 700.421447754, 551.271728516, 248.621536255, 200.941955566, 239.7081604, 188.486236572, 113.553497314, 100.218299866, 95.7036819458, 99.3284759521, 102.237991333]
    },
    "mfcc_bands": {
        "mean": [9.40503741731e-05, 0.000139087002026, 0.000283670349745, 0.000404966762289, 0.000406943639973, 0.000196784720174, 6.45033069304e-05, 8.65372057888e-05, 0.000194968190044, 0.000147979866597, 0.000139541953104, 0.0001151764518, 7.97412649263e-05, 6.97930518072e-05, 4.79677437397e-05, 1.8343956981e-05, 3.30122493324e-05, 2.385733751e-05, 2.56116618402e-05, 1.52903612616e-05, 1.86008237506e-05, 2.28651788348e-05, 2.1072142772e-05, 3.33534553647e-05, 2.87363200187e-05, 2.61781187874e-05, 3.17584672302e-05, 2.54500355368e-05, 1.91192357306e-05, 1.46138336277e-05, 5.05564912601e-06, 3.24589655065e-06, 2.95468817058e-06, 2.019003432e-06, 1.22401206681e-06, 1.1416881307e-06, 7.95116477548e-07, 6.17155365035e-07, 6.75392129779e-07, 4.71173592587e-07],
        "var": [1.05244728488e-08, 6.0730030782e-08, 2.45755074957e-07, 4.30466030821e-07, 4.06154896382e-07, 1.33051145212e-07, 1.60828346196e-08, 4.41884822067e-08, 1.84676679282e-07, 1.21732185221e-07, 1.11110352918e-07, 6.11386212768e-08, 2.54469085803e-08, 2.23256453324e-08, 1.02565325122e-08, 2.34849162339e-09, 5.60671065131e-09, 2.33657826421e-09, 2.69503486194e-09, 8.23383083937e-10, 1.2564987939e-09, 1.21944654374e-09, 1.05475228551e-09, 2.34981856195e-09, 1.83640946894e-09, 1.49425671836e-09, 3.81310405473e-09, 1.81749715278e-09, 8.76244743431e-10, 4.99909780238e-10, 4.82866593932e-11, 2.24626098971e-11, 3.25200456841e-11, 1.11344848272e-11, 5.63042754781e-12, 4.81590288481e-12, 1.36888601582e-12, 6.15964365017e-13, 8.3224854959e-13, 3.92545859099e-13]
    }
}
}