{
"metadata": {
    "version": {
        "essentia": "2.1-dev"
    }
},
"lowlevel": {
    "mfcc": {
        "mean": [-732.544433594, 74.186668396, -39.6411933899, 50.8355751038, -10.6703147888, -13.5228891373, 1.21424126625, -8.84216499329, -4.96706438065, -1.95295333862, -6.21006345749, -6.64504766464, -1.90737700462],
        "var": [12447.9980469, 1355.8503418, 1241.2166748, 600.486694336, 357.748352051, 308.707977295, 259.336975098, 174.407730103, 150.451553345, 144.733947754, 119.380157471, 102.542999268, 96.8761367798]
    },
    "mfcc_bands": {
        "mean": [3.83375481761e-05, 0.000128805142595, 0.000154780456796, 0.000122118886793, 9.69328975771e-05, 4.65445300506e-05, 3.49858346453e-05, 3.58430479537e-05, 3.38746576745e-05, 2.49078293564e-05, 2.63695164904e-05, 2.12229206227e-05, 1.17264671644e-05, 1.29431127789e-05, 1.0684551853e-05, 9.25638960325e-06, 8.50136711961e-06, 1.30724220071e-05, 9.39262918109e-06, 1.44746290971e-05, 2.04439420486e-05, 1.929924656e-05, 2.07644498005e-05, 3.14834687742e-05, 3.08746894007e-05, 3.30245857185e-05, 2.95056870527e-05, 2.55584400293e-05, 1.2390084521e-05, 6.10869346929e-06, 3.75471859115e-06, 2.05070477932e-06, 1.00339207165e-06, 7.69983387272e-07, 3.8563237581e-07, 2.52899724273e-07, 1.78523322347e-07, 1.43418759535e-07, 1.41842122048e-07, 1.24052931483e-07],
        "var": [5.66151836523e-09, 8.68450769076e-08, 1.89272995499e-07, 9.15038214089e-08, 3.05741281181e-08, 8.34727309496e-09, 4.25570423346e-09, 4.85316364873e-09, 5.05690023189e-09, 5.57996981954e-09, 4.03960109807e-09, 3.41637584889e-09, 1.39124145537e-09, 1.0946112905e-09, 1.08212416805e-09, 5.94829019374e-10, 4.02023692114e-10, 1.13320808293e-09, 3.4179056807e-10, 1.06305719783e-09, 1.7369418126e-09, 2.34975239266e-09, 1.58955237861e-09, 2.98603608506e-09, 2.46544318294e-09, 2.96667845845e-09, 2.83518097888e-09, 2.31165131481e-09, 3.61492197287e-10, 1.24460955431e-10, 5.94504237506e-11, 2.19972581816e-11, 4.02434249119e-12, 2.61553539244e-12, 6.60183604832e-13, 3.47771128301e-13, 1.44524122487e-13, 9.25985091556e-14, 8.69772122706e-14, 6.69201226009e-14]
    }
}
}