{
"metadata": {
    "version": {
        "essentia": "2.1-dev"
    }
},
"lowlevel": {
    "mfcc": {
        "mean": [-677.716430664, 104.323326111, -52.8506774902, 36.510635376, -10.7819404602, -9.64630508423, -4.93634271622, -3.14014410973, -1.97651720047, -6.77037382126, -6.98176383972, -9.13741397858, -4.57102632523],
        "var": [10557.015625, 1010.76934814, 840.178894043, 432.029144287, 289.481262207, 224.262496948, 166.194488525, 147.679168701, 117.362281799, 104.825561523, 88.8197937012, 86.3106842041, 79.7001647949]
    },
    "mfcc_bands": {
        "mean": [3.29368958774e-05, 9.61295663728e-05, 0.000256106286542, 0.000252151192399, 0.000159394272487, 0.000153653119924, 9.85561127891e-05, 9.32975453907e-05, 0.000101827703475, 0.000126490427647, 7.38152302802e-05, 8.36539256852e-05, 7.9967045167e-05, 5.63545145269e-05, 3.06953406835e-05, 3.70196612494e-05, 4.04157144658e-05, 5.48182724742e-05, 6.44727770123e-05, 6.89803709975e-05, 6.06630164839e-05, 6.56092888676e-05, 6.96068236721e-05, 6.19663260295e-05, 4.12669578509e-05, 2.69345600827e-05, 2.44432685577e-05, 1.6060354028e-05, 1.06990328277e-05, 6.10177494309e-06, 3.95061670133e-06, 2.06633831112e-06, 1.22653796097e-06, 6.88173031449e-07, 3.81344960942e-07, 2.59004963254e-07, 1.82314067843e-07, 1.60335289934e-07, 1.52125281261e-07, 1.23515320638e-07],
        "var": [1.75977687977e-09, 2.32949837198e-08, 2.10808934753e-07, 1.5260677344e-07, 5.34517639039e-08, 5.87696398213e-08, 2.62826276298e-08, 2.27799841213e-08, 2.97905433655e-08, 4.54299460273e-08, 1.56382036209e-08, 1.77232184484e-08, 2.08923562894e-08, 1.14580158694e-08, 3.79916276216e-09, 4.75792027999e-09, 5.87174397992e-09, 9.29265286942e-09, 1.20639915835e-08, 1.34135484942e-08, 1.3838507229e-08, 2.39869866192e-08, 1.32182611523e-08, 8.79676687049e-09, 3.91412013911e-09, 2.0948804913e-09, 1.49011858408e-09, 4.6320269842e-10, 2.03070643634e-10, 7.02962826837e-11, 3.05339989404e-11, 7.68912364335e-12, 2.95823977293e-12, 1.13140725087e-12, 4.18496075467e-13, 2.7275927285e-13, 1.53078450523e-13, 1.48871773199e-13, 1.79795197827e-13, 1.29133682913e-13]
    }
}
}