{
"metadata": {
    "version": {
        "essentia": "2.1-dev"
    }
},
"lowlevel": {
    "mfcc": {
        "mean": [-753.247436523, 128.536254883, -39.1055603027, 26.4083805084, -18.0397338867, -21.9267673492, -3.80927252769, -13.1422929764, -16.943977356, -4.46993637085, -13.3609981537, -10.210559845, 1.16483736038],
        "var": [8617.25097656, 1419.34887695, 1190.11572266, 430.199462891, 363.380462646, 375.028625488, 369.094024658, 194.863800049, 198.117980957, 182.315826416, 143.946533203, 141.075378418, 148.192749023]
    },
    "mfcc_bands": {
        "mean": [1.2059214896e-05, 3.44438340107e-05, 6.88933432684e-05, 0.000150225561811, 0.000246996263741, 0.000336845376296, 0.000180379400263, 9.45889187278e-05, 4.34749308624e-05, 0.00012180662452, 0.000120972661534, 8.17197069409e-05, 6.29101414233e-05, 9.16135977604e-05, 3.65164632967e-05, 2.4136799766e-05, 2.32726943068e-05, 3.67216634913e-05, 1.45747617353e-05, 9.47262833506e-06, 2.11261849472e-05, 5.41623603567e-06, 4.79990376334e-06, 8.06995012681e-06, 1.34567171699e-05, 1.20306494864e-05, 1.59887677e-05, 5.58802958039e-06, 2.378696081e-06, 8.36382014313e-07, 5.21888750882e-07, 4.09866657947e-07, 2.50096718446e-07, 1.92657054754e-07, 1.57324905103e-07, 9.97858364826e-08, 8.30055952861e-08, 6.10234778264e-08, 6.05747842997e-08, 3.78723719052e-08],
        "var": [1.31801991543e-09, 9.84039960628e-09, 2.45870346305e-08, 1.23107497529e-07, 2.51101454296e-07, 4.86619228468e-07, 1.68444202586e-07, 8.69733156605e-08, 8.85627482461e-09, 7.55854685508e-08, 7.18091186513e-08, 8.95799772138e-08, 2.64545807482e-08, 8.15470571069e-08, 4.16870413744e-08, 1.04816724189e-08, 5.96993077195e-09, 2.49705678357e-08, 1.59340507455e-09, 3.65616453779e-10, 3.06579295284e-09, 1.55297372184e-10, 9.30324706161e-11, 2.73948613794e-10, 1.32123811891e-09, 5.02794084145e-10, 1.66630720333e-09, 1.37856490112e-10, 1.81376354907e-11, 4.66899869461e-12, 1.83687743835e-12, 1.72114091642e-12, 5.31477260205e-13, 2.3372032391e-13, 1.44187071137e-13, 8.25901711387e-14, 9.12308965352e-14, 3.42089366816e-14, 3.59692710458e-14, 1.97320509406e-14]
    }
}
}