{
"metadata": {
    "version": {
        "essentia": "2.1-dev"
    }
},
"lowlevel": {
    "mfcc": {
        "mean": [-683.899780273, 66.8528213501, -29.7129211426, 41.7877998352, -26.5188808441, -15.9757375717, -0.466833055019, -10.3151226044, -2.65352201462, -5.72958230972, -11.8825092316, -5.08990240097, -6.25675964355],
        "var": [11212.6982422, 924.543457031, 928.276428223, 624.942993164, 365.403961182, 438.373077393, 274.55480957, 229.54788208, 181.899719238, 121.999168396, 155.297088623, 110.621383667, 95.9409637451]
    },
    "mfcc_bands": {
        "mean": [3.73206021322e-05, 0.000135652153403, 0.000121337143355, 0.000182790521649, 0.000184719770914, 0.000104467486381, 0.000146988895722, 0.00010563008982, 0.000101459037978, 0.000100525096059, 9.17146244319e-05, 8.67324633873e-05, 5.93488948653e-05, 5.40353175893e-05, 4.03600424761e-05, 1.19320511658e-05, 1.32475151986e-05, 1.73725111381e-05, 1.83294851013e-05, 2.57324463746e-05, 2.63852634816e-05, 1.91074359464e-05, 1.77229849214e-05, 2.66641236522e-05, 3.2732859836e-05, 3.29298418364e-05, 3.2081232348e-05, 4.56578782178e-05, 4.43721692136e-05, 1.9393821276e-05, 9.90362423181e-06, 5.99033000981e-06, 2.90681555271e-06, 1.52813731802e-06, 1.16574835829e-06, 7.31408363208e-07, 4.91898845212e-07, 4.2834898295e-07, 4.08276974895e-07, 2.80982646927e-07],
        "var": [4.12821776763e-09, 9.38679036722e-08, 5.41361231399e-08, 9.60337942502e-08, 1.25204081769e-07, 4.67516017011e-08, 1.09263886827e-07, 5.09234325818e-08, 4.9348688691e-08, 5.44494369592e-08, 3.78060462936e-08, 3.7744086967e-08, 3.21972066786e-08, 2.52600393935e-08, 1.23259411566e-08, 1.31026733907e-09, 8.44505465558e-10, 1.45675016494e-09, 1.53521251267e-09, 3.4633371726e-09, 4.78163597606e-09, 9.55248991019e-10, 7.62864327264e-10, 2.76980727243e-09, 2.088044182e-09, 2.06745420783e-09, 2.51204745894e-09, 4.14808853932e-09, 4.60234428346e-09, 8.22829304692e-10, 2.59250398926e-10, 9.56034140742e-11, 2.83349975427e-11, 6.91221472421e-12, 6.61909069222e-12, 1.4433054361e-12, 7.38041951772e-13, 4.61680335889e-13, 5.0404130739e-13, 2.7421644057e-13]
    }
}
}