{
"metadata": {
    "version": {
        "essentia": "2.1-dev"
    }
},
"lowlevel": {
    "mfcc": {
        "mean": [-681.746276855, 97.5658111572, -25.0028152466, 44.2911109924, -11.5730571747, -10.2802734375, 4.79926347733, -10.9336662292, -4.75633049011, -11.7880382538, -10.4896402359, -7.26697683334, -2.56508255005],
        "var": [10633.5048828, 942.973327637, 597.059814453, 378.663269043, 227.940994263, 224.179946899, 146.775848389, 140.680603027, 93.6479263306, 80.7752914429, 73.1972198486, 81.3440093994, 71.6840515137]
    },
    "mfcc_bands": {
        "mean": [3.49682959495e-05, 0.0001516295888, 0.000314984703436, 0.000363231170923, 0.000269250856945, 0.00027808881714, 0.000159736126079, 6.72647365718e-05, 3.96335271944e-05, 6.08698974247e-05, 5.49237593077e-05, 7.09433443262e-05, 7.38215749152e-05, 5.2099905588e-05, 2.75408656307e-05, 2.25488747674e-05, 1.30777689265e-05, 2.05062533496e-05, 1.78314221557e-05, 2.70082437055e-05, 2.13539042306e-05, 1.95766951947e-05, 2.30907462537e-05, 2.00094764295e-05, 3.14633798553e-05, 2.80596832454e-05, 2.39909750235e-05, 1.82348121598e-05, 1.57999329531e-05, 9.41751022765e-06, 4.07955531045e-06, 2.47818002208e-06, 1.40976760576e-06, 8.31281624869e-07, 5.32582930646e-07, 3.05633363951e-07, 2.69042033096e-07, 3.10067832743e-07, 3.76550644887e-07, 2.74537910627e-07],
        "var": [1.52766588268e-09, 3.8174835737e-08, 1.17906637342e-07, 3.03619316355e-07, 2.59567144667e-07, 2.24232920232e-07, 9.62808570648e-08, 1.66817262226e-08, 8.81841177858e-09, 1.08662661091e-08, 1.46036827076e-08, 6.66296386953e-08, 3.38031966862e-08, 1.46655478872e-08, 4.46738690485e-09, 1.78680992224e-09, 7.37363670122e-10, 2.34458519266e-09, 1.99981986526e-09, 2.03161065748e-09, 1.9215047331e-09, 1.49628853752e-09, 2.67763788919e-09, 1.07144138006e-09, 2.04927852465e-09, 1.70114455855e-09, 1.20246135271e-09, 7.32807203807e-10, 5.45477218949e-10, 1.53581022899e-10, 2.94179507143e-11, 1.40319813061e-11, 7.08729082366e-12, 3.71091221987e-12, 1.21276729978e-12, 3.71075403478e-13, 2.9649221446e-13, 4.82036394307e-13, 5.10609566781e-13, 3.05482283349e-13]
    }
}
}