{
"metadata": {
    "version": {
        "essentia": "2.1-dev"
    }
},
"lowlevel": {
    "mfcc": {
        "mean": [-775.463195801, 110.161087036, 7.85966730118, 31.7107143402, -24.7263126373, -17.640581131, -13.9838657379, -11.5539836884, -10.816699028, -11.5595989227, -15.4758930206, -11.4784612656, -9.6136598587],
        "var": [9126.06152344, 2427.43334961, 958.148071289, 570.315063477, 327.184631348, 246.484313965, 255.250854492, 166.091110229, 153.055892944, 198.563354492, 181.907913208, 161.199630737, 121.17830658]
    },
    "mfcc_bands": {
        "mean": [4.23697247243e-06, 3.43141728081e-05, 0.000155887901201, 0.000214331885218, 0.000278855732176, 0.000124828133266, 9.39526144066e-05, 0.00011730047845, 0.00021928283968, 9.37996155699e-05, 3.92896799895e-05, 2.94963501801e-05, 1.21393677546e-05, 7.49383843868e-06, 4.48352648164e-06, 3.23747349285e-06, 4.11800283473e-06, 6.44213014311e-06, 4.81156985188e-06, 5.46463479623e-06, 3.25476821672e-06, 2.8161591672e-06, 3.58276588486e-06, 4.9497962209e-06, 3.10845007334e-06, 2.04312232199e-06, 3.12064616992e-06, 6.38988421997e-06, 3.38039694725e-06, 1.69887130141e-06, 1.42549458815e-06, 1.09260304271e-06, 9.6418909834e-07, 6.73411705066e-07, 4.3449392706e-07, 3.29769534346e-07, 2.72569764093e-07, 2.7487331522e-07, 1.75517953949e-07, 1.23676386465e-07],
        "var": [1.59387988918e-10, 2.00743799361e-09, 4.50363373261e-08, 7.61723413234e-08, 1.60752065881e-07, 5.7223452643e-08, 5.17189242544e-08, 8.17429892663e-08, 2.68936275916e-07, 8.86588651383e-08, 1.98745109259e-08, 8.03192978793e-09, 1.64945546111e-09, 2.7575811079e-10, 1.49904907931e-10, 1.14854480093e-10, 2.35005737093e-10, 4.26266633102e-10, 3.44515277417e-10, 7.90260801242e-10, 2.70279743031e-10, 9.08274844225e-11, 1.12845129074e-10, 1.64077126885e-10, 1.33724753493e-10, 3.31723572222e-11, 6.85545648027e-11, 5.61761026585e-10, 9.30925198039e-11, 1.7307065503e-11, 1.40425518436e-11, 9.54730565439e-12, 6.85095903619e-12, 3.35415722974e-12, 1.53204716708e-12, 1.13540123484e-12, 9.89478247601e-13, 8.47354358988e-13, 3.6939976902e-13, 2.45294588678e-13]
    }
}
}