{
"metadata": {
    "version": {
        "essentia": "2.1-dev"
    }
},
"lowlevel": {
    "mfcc": {
        "mean": [-726.848754883, 146.950942993, -42.8076858521, 37.2398643494, -22.6619987488, -21.8917980194, 6.22135210037, -10.9832687378, -7.94170188904, -4.62316942215, -8.50040149689, -7.47003078461, -2.30224704742],
        "var": [9823.97558594, 1252.92211914, 772.988098145, 412.732818604, 331.361907959, 263.446563721, 252.677581787, 175.537628174, 134.807617188, 117.981430054, 140.161392212, 116.108932495, 105.582359314]
    },
    "mfcc_bands": {
        "mean": [1.82983876584e-05, 6.80844459566e-05, 0.00012752355542, 0.000237767220824, 0.000191446815734, 0.000188482415979, 0.000251134188147, 0.00024240987841, 0.000154558903887, 0.000214416329982, 0.000156062378665, 0.000177937210537, 0.000149654937559, 6.43631137791e-05, 3.10417854053e-05, 3.593911606e-05, 2.43670619966e-05, 1.74223714566e-05, 2.68348430836e-05, 2.13253570109e-05, 2.14065948967e-05, 1.98275447474e-05, 1.76938956429e-05, 1.6310128558e-05, 2.25216699619e-05, 2.81265038211e-05, 1.93542909983e-05, 1.26420436573e-05, 9.65948856901e-06, 3.07794766741e-06, 8.66661707732e-07, 3.89506908505e-07, 2.35120765524e-07, 1.24781138311e-07, 6.64411672346e-08, 4.26523918406e-08, 3.19415676131e-08, 2.87977552915e-08, 2.91345241266e-08, 2.40206503577e-08],
        "var": [1.20319687547e-09, 4.93724128248e-09, 2.3604130206e-08, 1.35410331836e-07, 7.90363401393e-08, 9.04489496634e-08, 1.69785465687e-07, 2.10866488715e-07, 2.0103171039e-07, 2.08173020155e-07, 1.18634943647e-07, 1.42391556324e-07, 1.31973834527e-07, 4.11044567272e-08, 1.03231947435e-08, 6.30992724737e-09, 5.57233592602e-09, 2.98787705688e-09, 8.90669049625e-09, 5.51992584974e-09, 3.47352746566e-09, 4.98413799122e-09, 3.54177331907e-09, 1.41708345058e-09, 2.80780065864e-09, 3.57687834907e-09, 1.47109158188e-09, 5.70858027515e-10, 6.37212060894e-10, 8.46827469259e-11, 8.68313494023e-12, 1.9893049881e-12, 8.43807337371e-13, 2.23883804833e-13, 1.41760992593e-13, 3.81684735087e-14, 1.68092536418e-14, 1.85439110492e-14, 1.84357263071e-14, 7.51914958926e-15]
    }
}
}