{
"metadata": {
    "version": {
        "essentia": "2.1-dev"
    }
},
"lowlevel": {
    "mfcc": {
        "mean": [-724.060791016, 134.621871948, -28.0955944061, 45.8980102539, -11.0467481613, -19.7078533173, -0.715010643005, -13.5434837341, -6.57010555267, -7.61733818054, -10.1808691025, -7.7764005661, -4.09869909286],
        "var": [8763.66699219, 979.907165527, 630.825561523, 452.346588135, 212.165237427, 246.836929321, 210.463867188, 131.727554321, 121.154876709, 129.712249756, 107.455467224, 101.078117371, 103.187759399]
    },
    "mfcc_bands": {
        "mean": [4.42632081104e-05, 0.00015060773876, 0.00030798028456, 0.000546495546587, 0.000524036469869, 0.000394510978367, 0.000141070515383, 0.000121711789689, 8.69254217832e-05, 0.000109231637907, 6.50012516417e-05, 3.73003240384e-05, 3.61302772944e-05, 2.18834466068e-05, 1.09253751361e-05, 1.48684148371e-05, 1.14034000944e-05, 1.07288806248e-05, 1.19232936413e-05, 1.32220566229e-05, 1.56521145982e-05, 1.35211139423e-05, 1.14504191515e-05, 1.7168587874e-05, 1.67306752701e-05, 8.91191393748e-06, 1.13514743134e-05, 9.99603525997e-06, 6.693159321e-06, 2.38386792262e-06, 1.20768368106e-06, 9.5025632163e-07, 4.94021833219e-07, 2.42934817152e-07, 1.24186826156e-07, 5.91184026177e-08, 4.61885285574e-08, 8.2618065278e-08, 9.39381266107e-08, 6.48520384061e-08],
        "var": [5.13311881889e-09, 6.10871140339e-08, 1.82837993634e-07, 5.52036624413e-07, 7.50934702864e-07, 4.0769995735e-07, 5.51356009737e-08, 4.61712623689e-08, 7.27183930849e-08, 1.10326837444e-07, 5.97977916073e-08, 1.75327965479e-08, 9.77305969485e-09, 2.66223643131e-09, 1.25553334396e-09, 1.28437482871e-09, 2.73328959466e-09, 1.45569001297e-09, 6.91478985182e-10, 9.88035098182e-10, 2.45781728303e-09, 1.95010918524e-09, 5.49257583859e-10, 1.32146071863e-09, 1.31968269645e-09, 1.88999815798e-10, 3.55002777175e-10, 1.50002610333e-09, 1.08648323671e-09, 6.26636034728e-11, 4.33955128776e-11, 3.64748231618e-11, 5.98975946967e-12, 8.51750094066e-13, 1.52612202931e-13, 1.91490364689e-14, 8.03807416e-15, 4.99283706284e-14, 7.38457146994e-14, 5.70436506733e-14]
    }
}
}