{
"metadata": {
    "version": {
        "essentia": "2.1-dev"
    }
},
"lowlevel": {
    "mfcc": {
        "mean": [-740.323852539, 93.2998352051, -41.6599502563, 56.1535797119, -16.2817974091, -5.70902252197, -0.665745615959, -10.1691894531, -8.23682117462, -1.89186048508, -5.24152326584, -6.99732017517, -4.17169284821],
        "var": [11654.2021484, 1206.01708984, 1168.97509766, 492.941375732, 281.219604492, 215.759078979, 192.806396484, 143.20324707, 157.69871521, 147.856048584, 141.855804443, 125.235778809, 111.506584167]
    },
    "mfcc_bands": {
        "mean": [1.96895434783e-05, 7.16948416084e-05, 0.000117028721434, 0.000135876893182, 6.7296467023e-05, 4.33318964497e-05, 4.12959379901e-05, 2.96691632684e-05, 3.09771676257e-05, 1.97538574866e-05, 1.57019003382e-05, 1.21282137115e-05, 1.0467318134e-05, 9.08835045266e-06, 1.00823663161e-05, 8.43278303364e-06, 1.31742790472e-05, 1.50454707182e-05, 1.8829061446e-05, 1.23710196931e-05, 1.37093293233e-05, 1.96574856091e-05, 2.59208409261e-05, 2.95276695397e-05, 3.2770443795e-05, 3.71749192709e-05, 4.14373716922e-05, 3.27344969264e-05, 1.68863953149e-05, 7.70522183302e-06, 3.63870412912e-06, 2.08863070839e-06, 1.19985759284e-06, 5.68504447074e-07, 2.69299221145e-07, 1.15622555086e-07, 6.56537224586e-08, 5.47445537791e-08, 4.6755523897e-08, 2.96280688872e-08],
        "var": [2.38217867654e-09, 2.44014586315e-08, 3.57423921571e-08, 9.74206955107e-08, 1.13500533416e-08, 4.65991245591e-09, 5.59206547734e-09, 3.62008312216e-09, 4.05280653482e-09, 2.15220841149e-09, 1.44054457252e-09, 8.23868862021e-10, 6.66047439424e-10, 4.9579729211e-10, 6.48317954877e-10, 4.29531271662e-10, 6.22167151132e-10, 1.24015120395e-09, 1.95730698316e-09, 1.02919472944e-09, 1.73636927059e-09, 2.01560745872e-09, 4.42423031544e-09, 4.05253031133e-09, 6.58474963444e-09, 6.40435304788e-09, 6.93609392144e-09, 3.71769859342e-09, 9.40193256582e-10, 2.21545837231e-10, 5.7796704922e-11, 1.97016552378e-11, 5.97956059667e-12, 1.38731051386e-12, 3.18518974217e-13, 7.3331375965e-14, 3.01597363349e-14, 2.70794620587e-14, 1.72945205113e-14, 5.56823620009e-15]
    }
}
}