{
"metadata": {
    "version": {
        "essentia": "2.1-dev"
    }
},
"lowlevel": {
    "mfcc": {
        "mean": [-728.044067383, 104.093864441, -23.4393501282, 41.7402496338, -16.7160930634, -10.8576698303, -2.53305363655, -1.42377650738, -6.04348373413, -8.64263916016, -4.96351623535, -3.45028877258, -1.2826744318],
        "var": [15130.0537109, 1113.49230957, 925.844970703, 320.181640625, 253.574066162, 167.764358521, 173.607223511, 104.72833252, 116.618034363, 94.2841262817, 110.310974121, 92.9242782593, 70.3088912964]
    },
    "mfcc_bands": {
        "mean": [4.71524035675e-05, 0.000129981490318, 8.28400661703e-05, 0.000112327128591, 0.00020030613814, 0.000147827653564, 8.62057131599e-05, 6.27850240562e-05, 7.29390885681e-05, 5.09703095304e-05, 4.51623236586e-05, 3.08400303766e-05, 3.05192115775e-05, 2.21463724301e-05, 2.04936932278e-05, 1.2929278455e-05, 8.33682588564e-06, 8.10321216704e-06, 8.30254975881e-06, 9.33631781663e-06, 1.2590156075e-05, 1.82580970431e-05, 1.85604530998e-05, 1.9207052901e-05, 1.47979253597e-05, 2.02662886295e-05, 1.88791400433e-05, 1.07666564872e-05, 8.7137113951e-06, 5.98651377004e-06, 3.78032677872e-06, 2.69944416686e-06, 1.24164910176e-06, 6.35946889815e-07, 3.38025984092e-07, 2.12216761497e-07, 1.35201176477e-07, 1.01585328594e-07, 8.78444836871e-08, 6.98703672697e-08],
        "var": [1.1661465571e-08, 9.85019639188e-08, 2.01729353222e-08, 2.58753196647e-08, 7.34143768e-08, 4.48955645993e-08, 2.53537262296e-08, 1.57066004647e-08, 2.06160848393e-08, 6.97933177918e-09, 8.32006996632e-09, 4.1425374242e-09, 5.62352520106e-09, 2.25189178416e-09, 2.05796091279e-09, 6.41442066129e-10, 3.01890346055e-10, 3.04420488817e-10, 3.39957034745e-10, 4.30609242708e-10, 4.96175101006e-10, 1.09283382344e-09, 1.63946944909e-09, 1.36254640903e-09, 5.99780336508e-10, 1.16065745903e-09, 1.46148859681e-09, 6.77919997916e-10, 4.22562540514e-10, 2.29343155578e-10, 6.97209928679e-11, 3.84258250219e-11, 6.66101592287e-12, 1.6906980373e-12, 4.54890790834e-13, 2.08962946772e-13, 1.06158192046e-13, 6.63750602875e-14, 5.13529784018e-14, 2.75126533426e-14]
    }
}
}