{
"metadata": {
    "version": {
        "essentia": "2.1-dev"
    }
},
"lowlevel": {
    "mfcc": {
        "mean": [-723.985778809, 132.963851929, -44.2660140991, 30.2014389038, -8.78161430359, -13.1453437805, -6.27454948425, 3.27125263214, -4.07267045975, -8.64712810516, -6.44882297516, -8.97875404358, -7.01471233368],
        "var": [10094.3974609, 1161.04577637, 1041.40625, 513.856079102, 336.272918701, 258.612182617, 272.605010986, 160.207046509, 155.512802124, 130.362121582, 135.795333862, 99.2393188477, 95.6229324341]
    },
    "mfcc_bands": {
        "mean": [2.39596720348e-05, 6.55491603538e-05, 0.000110986300569, 0.00017891448806, 0.000209187259316, 0.000155635629199, 9.74127688096e-05, 8.90932424227e-05, 0.000162474854733, 0.000166905403603, 0.000159733433975, 0.000100870398455, 7.99645495135e-05, 4.39346840722e-05, 5.95775309193e-05, 3.23793465213e-05, 6.34443422314e-05, 5.67805036553e-05, 5.34329628863e-05, 5.77097089263e-05, 3.24311949953e-05, 2.62969551841e-05, 2.76737609965e-05, 4.47624661319e-05, 2.28766166401e-05, 9.35758816922e-06, 4.75360729979e-06, 4.97591418025e-06, 3.15237139148e-06, 1.72786758412e-06, 1.36460630529e-06, 7.24227902538e-07, 4.68085573857e-07, 3.10833257799e-07, 1.71023430084e-07, 8.64407567747e-08, 6.53381206916e-08, 6.39841317707e-08, 6.0598132734e-08, 6.00292224817e-08],
        "var": [9.48456202465e-10, 9.00350904942e-09, 3.94709722684e-08, 1.12301570709e-07, 1.06878246697e-07, 9.7669349941e-08, 7.40519396913e-08, 4.95730994032e-08, 1.32349427417e-07, 1.44076736319e-07, 1.53965302729e-07, 5.54928227814e-08, 4.33223092955e-08, 2.03774241925e-08, 1.93211047161e-08, 9.65813207188e-09, 3.23882538567e-08, 3.24784181771e-08, 3.19174269237e-08, 4.42010303914e-08, 1.26035386572e-08, 6.431289723e-09, 3.05443692561e-09, 1.13844595973e-08, 2.53667398198e-09, 4.27028690186e-10, 6.18800913288e-11, 1.05526740124e-10, 6.0030966309e-11, 1.54544762404e-11, 3.10548947668e-11, 5.06672004699e-12, 7.80250376028e-13, 3.13860943528e-13, 1.14461107151e-13, 4.68959757366e-14, 4.3703369645e-14, 5.65844910532e-14, 5.62920139647e-14, 8.04782062931e-14]
    }
}
}