{
"metadata": {
    "version": {
        "essentia": "2.1-dev"
    }
},
"lowlevel": {
    "mfcc": {
        "mean": [-664.201477051, 95.9699630737, -37.2432861328, 43.987033844, -4.61534881592, -13.6784667969, -7.69951152802, -6.1340045929, -7.29240274429, -8.51940727234, -5.68778419495, -6.91981506348, -3.92062664032],
        "var": [10591.3398438, 821.305053711, 747.136901855, 282.60446167, 146.042938232, 150.290222168, 122.983917236, 84.2417297363, 91.910697937, 79.9116821289, 76.5384597778, 83.7550430298, 65.4712142944]
    },
    "mfcc_bands": {
        "mean": [2.3806343961e-05, 0.000130441752844, 0.000276376202237, 0.000431953725638, 0.000543272413779, 0.000199429487111, 0.000124386482639, 9.62885678746e-05, 0.000162258045748, 5.10102945555e-05, 4.86079079565e-05, 6.64705294184e-05, 4.56855887023e-05, 5.16173204232e-05, 3.67220454791e-05, 2.00506674446e-05, 2.95504269161e-05, 2.98592767649e-05, 4.22385492129e-05, 5.74322803004e-05, 4.88925288664e-05, 5.83997280046e-05, 7.38197486498e-05, 5.71939308429e-05, 5.55474725843e-05, 3.2678955904e-05, 2.40138724621e-05, 1.59086957865e-05, 7.82517054176e-06, 5.31820069227e-06, 4.33796822108e-06, 3.0975354548e-06, 1.7802677803e-06, 1.16856006116e-06, 5.41270594567e-07, 3.68532965922e-07, 3.31771445872e-07, 2.59843716321e-07, 2.30906863408e-07, 1.70261671428e-07],
        "var": [6.33531893612e-10, 3.85830283278e-08, 3.1658018429e-07, 4.38310053141e-07, 6.06838455042e-07, 8.34089917134e-08, 5.09684809913e-08, 2.07134771557e-08, 9.5752639595e-08, 8.82530137858e-09, 1.37984867976e-08, 2.4895649986e-08, 2.02849097519e-08, 1.98525835771e-08, 7.90568321918e-09, 1.42850442586e-09, 6.67464261639e-09, 4.36392122438e-09, 7.02028923882e-09, 1.92999749515e-08, 7.28954141493e-09, 1.20053353925e-08, 2.50163036952e-08, 8.26399126908e-09, 1.00946415671e-08, 1.49149403939e-09, 8.12410860807e-10, 3.61385865677e-10, 8.51928319556e-11, 5.94430962786e-11, 4.85860345012e-11, 3.82585317593e-11, 1.25316822891e-11, 4.59254249213e-12, 1.00805789497e-12, 3.90252635979e-13, 3.24500192342e-13, 2.27420458767e-13, 1.26561386154e-13, 7.27371044255e-14]
    }
}
}