{
"metadata": {
    "version": {
        "essentia": "2.1-dev"
    }
},
"lowlevel": {
    "mfcc": {
        "mean": [-665.874084473, 99.7122421265, -37.85414505, 46.8561820984, -12.6058778763, -15.1052122116, -1.36672520638, -5.7388677597, 0.883804559708, -3.60310792923, -7.16381645203, -5.78446531296, -2.22428154945],
        "var": [7151.51416016, 894.373168945, 694.314086914, 346.487670898, 169.443572998, 206.945602417, 129.545562744, 129.557846069, 91.3641891479, 88.8852844238, 96.5960540771, 82.1173706055, 83.8517990112]
    },
    "mfcc_bands": {
        "mean": [3.48029388988e-05, 0.000147632119479, 0.000190509963431, 0.000181945579243, 0.000257420790149, 0.000187037105206, 0.000118883704999, 0.000154227367602, 0.000155603251187, 0.000125716906041, 6.24728781986e-05, 7.29356543161e-05, 9.98764953692e-05, 5.06217147631e-05, 2.27240634558e-05, 1.81444338523e-05, 1.92928473552e-05, 2.91804262815e-05, 3.12220836349e-05, 3.17020858347e-05, 3.59394834959e-05, 4.2877454689e-05, 3.19365026371e-05, 3.7477031583e-05, 4.52474669146e-05, 4.14606765844e-05, 1.887353028e-05, 1.90726968867e-05, 1.86342422239e-05, 7.5944526543e-06, 4.17696946897e-06, 2.82997075374e-06, 1.87705757071e-06, 9.92433115243e-07, 4.21265667683e-07, 2.59633793576e-07, 2.58704204725e-07, 2.24224223189e-07, 1.82985175456e-07, 1.86134798241e-07],
        "var": [9.83408243727e-10, 3.08137408922e-08, 1.06454493221e-07, 6.52997016459e-08, 1.61239753993e-07, 9.56755457082e-08, 4.92052620871e-08, 9.5760569252e-08, 9.75227081312e-08, 7.72241932623e-08, 2.66685606931e-08, 3.81081228795e-08, 7.55333786628e-08, 2.41781776822e-08, 3.71362096629e-09, 2.33423391727e-09, 3.7318654833e-09, 5.3344701989e-09, 4.10691525232e-09, 3.37940919692e-09, 5.58200197176e-09, 8.79082051597e-09, 3.10430370298e-09, 3.84952292265e-09, 3.64474295189e-09, 2.90141111137e-09, 4.18511669764e-10, 6.57262966275e-10, 7.06716962728e-10, 1.11616764442e-10, 7.47916312216e-11, 4.77521147624e-11, 1.99528206457e-11, 4.01332266031e-12, 6.89792461431e-13, 3.04178259187e-13, 2.62139648096e-13, 1.78301614467e-13, 1.26609497626e-13, 1.83435189781e-13]
    }
}
}