{
"metadata": {
    "version": {
        "essentia": "2.1-dev"
    }
},
"lowlevel": {
    "mfcc": {
        "mean": [-665.789978027, 100.512199402, -46.6529464722, 43.1171684265, -12.3991365433, -1.76030790806, 0.574980437756, -0.10724259913, -5.95446825027, -2.21228194237, -0.14217787981, -6.46753787994, -4.52780342102],
        "var": [7627.49902344, 779.038208008, 470.631866455, 310.564727783, 209.862167358, 162.149261475, 129.18119812, 96.2956085205, 92.3955459595, 92.3265991211, 86.6809997559, 73.2955093384, 71.7285308838]
    },
    "mfcc_bands": {
        "mean": [3.67506909242e-05, 0.000204251351533, 0.00029257038841, 0.000215822772589, 0.000117738905828, 7.17616421753e-05, 8.74530305737e-05, 9.28732988541e-05, 0.000119708471175, 0.000106832951133, 5.68349314563e-05, 4.25344915129e-05, 3.53941868525e-05, 3.53403520421e-05, 4.48443934147e-05, 3.95711431338e-05, 3.52950191882e-05, 3.55544434569e-05, 2.63895963144e-05, 3.03962588077e-05, 3.00641659123e-05, 3.09467432089e-05, 4.1838913603e-05, 3.91338544432e-05, 3.48275534634e-05, 3.66160493286e-05, 3.03814213112e-05, 2.21222780965e-05, 1.07004334495e-05, 6.61490230414e-06, 5.18228489454e-06, 3.04714308186e-06, 1.9805465854e-06, 1.07400626348e-06, 6.25731672699e-07, 3.50125418436e-07, 1.78208011903e-07, 1.21986431623e-07, 1.03420774167e-07, 8.36959159756e-08],
        "var": [2.80797385344e-09, 7.18513391007e-08, 2.04776355872e-07, 1.19984591151e-07, 4.11173957104e-08, 1.67640408222e-08, 3.22833031419e-08, 3.5865134862e-08, 4.45593215659e-08, 6.32056327277e-08, 1.71711924679e-08, 4.73143879631e-09, 2.81426637549e-09, 3.16792592159e-09, 3.72405839499e-09, 3.11039127787e-09, 3.09958592126e-09, 3.7468383951e-09, 2.04723415997e-09, 2.91582025191e-09, 3.73188724367e-09, 1.80175052655e-09, 2.73381561833e-09, 2.58819876642e-09, 1.74197845038e-09, 1.83606363446e-09, 2.0893016206e-09, 1.19255372244e-09, 2.62727534173e-10, 1.02447474115e-10, 9.66394811397e-11, 3.0967412662e-11, 1.17773369182e-11, 3.89790630329e-12, 1.49973002767e-12, 4.54746076949e-13, 1.54235971868e-13, 5.92725263944e-14, 3.63864551011e-14, 2.58840664831e-14]
    }
}
}