{
"metadata": {
    "version": {
        "essentia": "2.1-dev"
    }
},
"lowlevel": {
    "mfcc": {
        "mean": [-700.113769531, 114.338592529, -34.5358848572, 57.3645515442, -7.28381347656, -11.7508392334, -6.31313753128, -6.83828735352, -5.46120691299, -10.6344118118, -7.44600009918, -5.15598392487, -3.19153428078],
        "var": [10723.1904297, 1143.91223145, 859.642272949, 408.884185791, 285.239776611, 144.915420532, 143.564086914, 102.446754456, 100.481903076, 100.259307861, 89.4139175415, 67.3842544556, 71.1350479126]
    },
    "mfcc_bands": {
        "mean": [2.62767553068e-05, 0.000156960319146, 0.00032388055115, 0.000436417816672, 0.000213623134186, 0.000133585752337, 0.000160310679348, 0.000145374186104, 9.92145214695e-05, 5.7254004787e-05, 3.45821936207e-05, 1.94529657165e-05, 3.10101640935e-05, 2.46247673203e-05, 2.03039071494e-05, 1.29586551338e-05, 1.55121833814e-05, 1.10560249595e-05, 1.44470250234e-05, 1.90730479517e-05, 3.50037007593e-05, 4.32308443123e-05, 3.15029574267e-05, 2.24875493586e-05, 3.14630451612e-05, 2.95432600979e-05, 2.38900756813e-05, 1.95148168132e-05, 1.11089857455e-05, 6.12793519394e-06, 3.67075676877e-06, 2.18855848289e-06, 9.9612611848e-07, 5.38687515927e-07, 2.43764986863e-07, 1.64019226645e-07, 1.23400937468e-07, 1.05888616986e-07, 1.00824024685e-07, 8.86136675149e-08],
        "var": [1.43889566928e-09, 6.07771255545e-08, 1.72479701632e-07, 6.00619443958e-07, 1.01658550022e-07, 4.640097373e-08, 9.70036850845e-08, 1.16300576281e-07, 5.74956651178e-08, 1.55949937408e-08, 6.13442274755e-09, 2.4035426982e-09, 8.26725354841e-09, 3.61468432963e-09, 2.64119681681e-09, 1.46818113222e-09, 1.69393232774e-09, 3.26181970323e-10, 5.28009358458e-10, 1.29882160582e-09, 3.02697267252e-09, 3.80669851197e-09, 2.39175435013e-09, 1.04235775567e-09, 3.12476933217e-09, 1.79396475453e-09, 1.91672189231e-09, 2.10276529522e-09, 8.95672647161e-10, 2.32863783811e-10, 5.20295993789e-11, 1.78555122077e-11, 4.04543933075e-12, 9.97954540186e-13, 2.48392831911e-13, 1.08697705242e-13, 1.09497141714e-13, 1.00024772265e-13, 1.15288976824e-13, 1.01040778121e-13]
    }
}
}